student_id,age,gender,tenth_percentage,twelfth_or_diploma_percentage,math_score,programming_score,communication_score,logical_reasoning_score,creativity_score,leadership_score,teamwork_score,problem_solving_score,coding_interest,design_interest,data_interest,business_interest,security_interest,cloud_interest,preferred_work_type,preferred_domain,personality_type,certifications_count,project_count,internship_experience,favorite_subject,career_label
S0270,20,Female,78.85,80.61,41,67,81,58,35,38,84,74,2,3,6,3,1,6,Technical,Web,Logical,1,5,Yes,Web,AI/ML Engineer Trainee
S0193,24,Male,84.19,97.85,99,87,73,85,52,62,50,91,9,1,5,6,6,1,Technical,AI-ML,Logical,0,1,Yes,Python,Junior ML Engineer
S0917,17,Male,83.03,89.37,75,54,71,74,79,79,79,73,6,4,1,8,3,4,Management,Data,Leader,0,1,Yes,Statistics,Junior Business Analyst
S0386,19,Male,78.92,74.59,60,44,51,79,75,51,65,72,5,9,1,5,4,3,Creative,Web,Creative,2,3,Yes,Web,Frontend Developer
S0425,17,Male,87.03,75.49,79,68,62,70,60,80,92,97,8,6,4,5,4,2,Technical,Web,Logical,3,1,No,DBMS,Backend Developer
S0701,17,Female,75.53,62.6,82,71,49,69,86,31,90,51,2,10,3,2,2,6,Creative,Web,Creative,1,0,No,Web,UI/UX Designer
S0958,22,Female,69.63,79.8,68,67,67,78,83,58,83,95,2,6,3,2,3,8,Technical,Cloud,Logical,1,5,Yes,Python,Junior DevOps Engineer
S0951,19,Female,75.95,74.03,99,70,46,97,56,68,71,88,1,2,6,5,3,8,Technical,Cloud,Logical,3,4,No,Python,Junior DevOps Engineer
S0526,19,Male,70.27,65.32,94,91,94,74,56,64,66,81,8,4,1,2,6,6,Technical,Web,Logical,2,5,Yes,Python,Full Stack Developer
S0896,21,Other,73.8,90.07,72,60,93,82,55,77,100,63,6,4,2,8,2,6,Management,Data,Leader,3,2,No,DBMS,Junior Business Analyst
S0368,17,Male,73.54,69.28,58,45,70,67,78,62,70,81,5,10,1,4,5,2,Creative,Web,Creative,2,2,No,Web,Frontend Developer
S0232,17,Male,78.18,73.0,46,70,70,68,80,69,72,89,5,2,6,2,1,3,Technical,Data,Logical,2,4,No,Web,AI/ML Engineer Trainee
S0761,19,Female,65.12,80.58,46,46,62,80,80,57,77,81,4,9,2,3,4,3,Creative,Web,Creative,2,5,Yes,Web,UI/UX Designer
S0478,21,Female,85.34,71.27,99,70,53,88,38,34,70,81,7,4,3,3,2,1,Technical,Web,Logical,1,3,Yes,Python,Backend Developer
S0168,20,Male,77.23,76.13,94,68,75,83,42,66,82,76,9,3,4,4,5,2,Technical,AI-ML,Logical,2,3,No,Python,Junior ML Engineer
S0385,24,Male,76.76,77.62,83,74,72,70,93,54,55,59,1,8,1,6,2,2,Creative,Web,Creative,3,1,No,Web,Frontend Developer
S1026,20,Female,67.36,68.89,63,72,93,90,70,50,55,72,5,2,8,3,3,2,Technical,Data,Logical,0,1,No,DBMS,Database Administrator
S0180,19,Female,84.38,82.1,69,85,56,74,54,41,72,75,10,1,1,4,5,4,Technical,AI-ML,Logical,4,2,Yes,Math,Junior ML Engineer
S0894,18,Other,72.76,80.39,62,77,96,58,72,83,85,69,3,3,3,9,6,3,Management,Data,Leader,2,3,No,DBMS,Junior Business Analyst
S0367,21,Female,90.4,85.23,70,63,72,70,89,75,65,78,2,10,2,4,2,4,Creative,Web,Creative,3,6,Yes,Web,Frontend Developer
S0716,17,Male,80.05,91.37,74,44,90,62,95,33,98,68,6,7,5,6,6,6,Creative,Web,Creative,2,1,No,Web,UI/UX Designer
S0070,21,Other,69.08,91.59,71,40,95,67,84,74,54,87,1,6,9,3,4,4,Analytical,Data,Analytical,1,5,Yes,DBMS,Associate Data Analyst
S0022,19,Male,72.96,82.6,83,70,67,56,83,74,100,81,5,5,8,3,6,5,Analytical,Data,Analytical,2,4,No,Statistics,Junior Data Scientist
S0328,18,Female,80.57,78.89,92,87,58,84,58,60,80,98,7,1,6,4,6,4,Technical,Web,Logical,3,3,Yes,Web,Junior Web Developer
S0848,19,Male,83.6,81.75,93,96,54,72,46,77,99,80,9,6,1,6,3,5,Technical,Web,Analytical,1,5,Yes,Web,Quality Assurance Tester
S0725,17,Female,92.24,73.9,53,45,76,58,82,78,85,58,4,5,1,6,2,3,Creative,AI-ML,Creative,1,4,No,Python,UI/UX Designer
S0743,21,Female,85.82,63.51,57,40,67,58,89,77,59,62,5,7,6,5,4,6,Creative,Web,Creative,1,4,No,Web,UI/UX Designer
S0384,19,Male,82.3,66.38,58,44,87,60,84,40,52,78,1,8,5,3,4,4,Creative,Web,Creative,1,5,Yes,Web,Frontend Developer
S0562,20,Female,89.12,69.46,85,73,78,87,41,40,78,72,7,6,2,6,1,3,Technical,Web,Logical,1,1,Yes,DBMS,Full Stack Developer
S0954,19,Other,86.27,60.24,91,65,67,78,37,80,75,72,3,5,5,4,6,9,Technical,Cloud,Logical,0,5,Yes,DBMS,Junior DevOps Engineer
S0446,18,Male,78.16,85.01,73,79,53,75,36,50,81,91,7,1,4,4,5,6,Technical,Web,Logical,4,1,No,DBMS,Backend Developer
S0508,20,Female,96.33,59.69,62,68,85,76,52,32,98,78,8,2,2,5,4,3,Technical,Web,Logical,2,0,No,Web,Full Stack Developer
S0465,21,Male,78.24,85.06,91,86,47,74,36,60,90,84,9,6,1,1,2,2,Technical,Web,Logical,0,5,Yes,DBMS,Backend Developer
S0009,19,Male,81.67,76.66,49,43,60,47,37,71,57,72,3,2,1,3,5,4,Analytical,Security,Analytical,2,2,No,Python,Junior Data Scientist
S0096,20,Female,68.49,92.0,90,57,60,90,82,41,75,95,3,3,8,1,5,2,Analytical,Data,Analytical,0,5,Yes,DBMS,Associate Data Analyst
S0595,18,Male,79.58,72.66,71,99,58,72,41,32,99,93,4,1,1,1,5,9,Technical,Cloud,Logical,1,4,No,DBMS,Cloud Operations Engineer
S0846,22,Male,85.26,83.87,99,73,81,58,39,67,51,76,8,2,6,2,6,1,Technical,Web,Analytical,2,4,No,Web,Quality Assurance Tester
S0507,18,Female,77.83,72.01,80,100,80,83,36,40,66,85,8,1,6,2,2,2,Technical,Web,Logical,1,5,Yes,Python,Full Stack Developer
S0420,20,Male,80.61,94.01,64,59,68,69,77,42,86,88,4,4,6,6,1,6,Creative,Web,Creative,5,6,Yes,Web,Frontend Developer
S0105,17,Male,81.37,74.55,72,51,53,74,79,69,56,99,4,1,8,3,3,1,Analytical,Data,Analytical,0,6,Yes,Statistics,Associate Data Analyst
S0276,17,Male,80.04,82.31,79,80,79,96,74,48,61,91,3,5,9,2,1,3,Technical,AI-ML,Logical,3,3,No,Math,AI/ML Engineer Trainee
S0204,19,Male,69.22,86.92,73,85,70,70,84,32,81,100,7,3,3,2,3,1,Technical,AI-ML,Logical,2,2,No,Python,Junior ML Engineer
S0320,22,Female,69.92,89.36,89,80,80,71,69,49,63,92,7,3,3,1,4,6,Technical,Web,Logical,2,6,Yes,Python,Junior Web Developer
S0169,17,Female,74.49,84.88,70,98,93,97,36,65,65,93,8,4,5,2,6,6,Technical,AI-ML,Logical,3,3,No,Python,Junior ML Engineer
S0774,18,Male,81.97,88.85,63,71,75,62,47,57,79,95,8,3,4,3,5,2,Technical,Web,Analytical,0,1,No,Python,Quality Assurance Tester
S0582,17,Female,91.24,71.32,84,73,54,84,37,78,61,71,4,2,4,3,2,9,Technical,Cloud,Logical,3,0,No,DBMS,Cloud Operations Engineer
S0855,19,Female,78.31,56.6,60,78,84,83,81,79,86,74,5,2,5,10,5,1,Management,Data,Leader,1,3,No,Statistics,Junior Business Analyst
S0257,18,Female,77.56,75.28,86,85,64,70,56,44,56,80,6,3,9,1,1,2,Technical,AI-ML,Logical,3,4,No,Math,AI/ML Engineer Trainee
S0695,17,Male,67.48,82.66,75,88,78,89,84,61,86,90,4,3,5,4,8,5,Technical,Security,Logical,2,3,No,DBMS,Security Analyst Trainee
S0280,18,Male,88.62,85.08,62,98,67,70,51,74,75,84,5,5,8,4,2,4,Technical,AI-ML,Logical,1,5,Yes,Python,AI/ML Engineer Trainee
S0620,21,Male,80.97,82.93,90,95,54,91,66,72,92,73,1,3,4,1,1,7,Technical,Cloud,Logical,2,4,No,Python,Cloud Operations Engineer
S1030,18,Other,85.97,72.69,79,65,80,82,58,48,99,84,4,5,10,6,1,2,Technical,Data,Logical,3,4,No,DBMS,Database Administrator
S0019,20,Other,79.83,99.0,94,56,80,78,42,39,70,72,4,3,10,1,5,1,Analytical,Data,Analytical,2,2,No,Statistics,Junior Data Scientist
S0949,19,Female,80.17,73.19,66,54,45,54,81,68,62,85,1,6,6,4,3,4,Technical,Cloud,Logical,3,1,No,Python,Junior DevOps Engineer
S0827,21,Female,74.05,71.78,87,93,95,76,46,60,62,77,7,1,2,6,5,2,Technical,Web,Analytical,3,3,No,Python,Quality Assurance Tester
S0995,20,Female,92.35,72.44,66,88,58,85,49,43,70,73,1,1,9,2,2,3,Technical,Data,Logical,1,1,Yes,DBMS,Database Administrator
S0459,19,Female,89.01,75.89,75,68,77,95,46,75,97,70,10,1,2,3,2,5,Technical,Web,Logical,3,2,No,Python,Backend Developer
S0512,18,Female,70.61,84.67,89,76,47,96,41,52,60,84,9,5,5,1,2,4,Technical,Web,Logical,2,5,Yes,Web,Full Stack Developer
S0289,18,Male,85.34,83.62,72,100,75,82,68,34,80,95,4,6,7,2,1,2,Technical,AI-ML,Logical,1,3,No,Math,AI/ML Engineer Trainee
S0417,21,Female,76.2,77.04,77,74,76,69,85,44,65,66,1,9,4,6,2,5,Creative,Web,Creative,0,2,No,Web,Frontend Developer
S0041,19,Male,68.62,72.22,84,49,47,84,72,48,82,100,1,1,9,6,2,5,Analytical,Data,Analytical,0,2,Yes,Statistics,Junior Data Scientist
S0059,18,Male,77.29,70.76,62,70,95,58,69,65,79,79,4,4,9,5,1,2,Analytical,Data,Analytical,3,1,No,Python,Junior Data Scientist
S0466,19,Other,71.1,79.6,62,88,77,83,70,74,53,80,9,4,6,4,5,2,Technical,Web,Logical,1,4,No,Python,Backend Developer
S0221,17,Female,79.57,75.63,72,78,82,81,59,76,85,90,6,6,10,6,1,4,Technical,AI-ML,Logical,2,8,Yes,Python,AI/ML Engineer Trainee
S0347,19,Male,78.09,67.98,68,97,54,96,36,74,71,71,9,5,3,4,5,2,Technical,Web,Logical,1,2,Yes,Python,Junior Web Developer
S0326,21,Female,67.7,85.49,88,82,85,71,62,73,56,70,8,2,6,4,3,6,Technical,Web,Logical,0,1,No,Web,Junior Web Developer
S0068,18,Female,93.64,89.26,97,77,53,64,83,80,55,98,6,4,10,6,3,1,Analytical,Data,Analytical,3,2,Yes,DBMS,Associate Data Analyst
S0617,20,Male,94.75,96.21,84,67,57,88,57,65,91,72,1,3,1,6,3,9,Technical,Cloud,Logical,2,2,No,Python,Cloud Operations Engineer
S0173,21,Male,90.89,83.96,84,94,58,73,77,51,95,96,9,6,4,4,5,1,Technical,AI-ML,Logical,1,3,No,Python,Junior ML Engineer
S0401,21,Male,88.81,91.83,51,67,76,80,93,53,86,71,3,7,6,6,5,2,Creative,Web,Creative,1,4,Yes,Web,Frontend Developer
S0885,19,Male,81.29,65.78,47,58,89,57,48,80,97,64,6,5,2,4,3,4,Management,Security,Leader,0,0,No,Math,Junior Business Analyst
S0390,19,Female,65.17,82.61,78,67,84,81,98,59,72,77,2,10,6,6,1,4,Creative,Web,Creative,1,2,No,Web,Frontend Developer
S0820,17,Female,77.89,78.24,72,80,68,66,67,67,90,99,9,6,2,6,1,3,Technical,Web,Analytical,3,2,Yes,Python,Quality Assurance Tester
S0893,19,Male,82.77,87.6,50,80,95,85,77,96,83,75,6,2,6,7,1,1,Management,Data,Leader,1,8,Yes,Statistics,Junior Business Analyst
S1043,20,Female,74.93,82.0,63,86,90,75,68,38,74,90,1,5,7,3,6,5,Technical,Data,Logical,4,3,No,DBMS,Database Administrator
S0964,21,Male,70.87,65.59,84,80,93,82,54,60,78,84,5,6,3,1,4,9,Technical,Cloud,Logical,1,2,No,Python,Junior DevOps Engineer
S0982,19,Male,77.17,74.08,73,99,78,88,50,68,54,77,1,1,4,3,4,10,Technical,Cloud,Logical,1,1,No,Python,Junior DevOps Engineer
S0631,17,Female,87.11,97.22,88,73,87,71,70,51,96,84,1,2,5,4,3,10,Technical,Cloud,Logical,1,1,No,Python,Cloud Operations Engineer
S0082,19,Female,72.12,88.16,84,63,88,77,40,47,90,100,6,4,7,4,6,6,Analytical,Data,Analytical,2,4,No,DBMS,Associate Data Analyst
S0152,19,Female,77.0,69.74,63,90,60,89,36,41,88,86,8,5,5,1,2,2,Technical,AI-ML,Logical,1,1,No,Python,Junior ML Engineer
S0558,22,Male,79.13,95.39,64,66,92,94,84,70,68,88,7,4,6,1,2,3,Technical,Web,Logical,4,4,No,Python,Full Stack Developer
S1018,21,Male,85.35,83.52,63,73,45,70,58,70,60,79,1,2,9,5,2,3,Technical,Data,Logical,1,6,Yes,DBMS,Database Administrator
S0166,20,Female,81.06,88.41,60,87,70,75,74,80,69,96,10,6,6,5,4,1,Technical,AI-ML,Logical,0,1,Yes,Math,Junior ML Engineer
S0021,20,Female,85.39,86.84,60,64,57,58,62,56,80,99,2,2,9,6,6,6,Analytical,Data,Analytical,3,5,Yes,Math,Junior Data Scientist
S0729,19,Female,79.08,75.29,80,52,49,61,80,63,83,78,3,7,1,5,5,6,Creative,Web,Creative,1,3,No,Web,UI/UX Designer
S0916,21,Male,71.68,85.68,48,52,93,65,80,77,53,84,6,2,1,8,2,4,Management,Data,Leader,2,6,Yes,Statistics,Junior Business Analyst
S0500,17,Female,81.55,79.14,74,86,95,80,69,49,71,99,10,5,3,2,6,5,Technical,Web,Logical,1,5,Yes,DBMS,Full Stack Developer
S0272,21,Male,81.4,90.84,82,67,85,96,82,64,90,75,2,3,10,2,3,5,Technical,AI-ML,Logical,1,3,No,Math,AI/ML Engineer Trainee
S0372,19,Female,81.48,78.48,48,56,50,80,79,42,88,82,5,10,1,1,5,6,Creative,Web,Creative,2,3,Yes,Web,Frontend Developer
S0603,20,Male,80.31,57.49,93,98,77,75,63,50,68,97,2,4,5,6,5,7,Technical,Cloud,Logical,2,6,Yes,Python,Cloud Operations Engineer
S0448,21,Female,66.69,79.31,70,99,84,71,36,55,89,86,10,6,5,4,2,5,Technical,Web,Logical,1,5,Yes,Python,Backend Developer
S0623,21,Other,74.2,63.34,62,52,94,59,61,73,70,76,3,4,3,3,6,5,Technical,Security,Logical,4,0,No,Python,Cloud Operations Engineer
S0734,20,Other,86.79,75.39,48,61,54,66,92,31,72,60,4,10,5,5,6,6,Creative,Web,Creative,0,8,Yes,Web,UI/UX Designer
S0319,20,Female,78.57,76.72,86,92,45,95,42,59,57,71,10,2,5,6,5,1,Technical,Web,Logical,3,3,No,Python,Junior Web Developer
S0348,18,Male,79.8,75.64,96,77,93,100,41,54,69,98,9,5,5,1,5,4,Technical,Web,Logical,0,2,No,Python,Junior Web Developer
S0510,20,Female,70.88,80.64,82,78,87,70,80,79,53,78,10,2,1,3,4,2,Technical,Web,Logical,2,2,No,Web,Full Stack Developer
S0350,18,Female,78.98,81.61,74,67,48,74,39,45,92,84,8,4,2,4,1,1,Technical,Web,Logical,2,6,Yes,Python,Junior Web Developer
S0062,18,Female,84.43,57.31,47,49,61,63,71,76,90,88,6,3,3,2,1,3,Analytical,AI-ML,Analytical,1,3,No,Web,Associate Data Analyst
S0709,17,Female,67.52,68.92,46,54,58,77,89,79,68,69,1,10,6,4,4,3,Creative,Web,Creative,0,3,No,Web,UI/UX Designer
S0680,19,Male,86.9,82.59,83,72,45,71,77,69,65,99,5,5,3,3,9,5,Technical,Security,Logical,3,4,No,DBMS,Security Analyst Trainee
S0255,19,Female,83.06,73.16,62,68,76,98,83,36,90,99,3,2,8,5,1,5,Technical,AI-ML,Logical,1,5,Yes,Python,AI/ML Engineer Trainee
S0431,19,Male,82.57,73.66,99,76,88,81,56,41,52,71,10,6,4,6,2,1,Technical,Web,Logical,3,2,No,Python,Backend Developer
S0131,19,Male,91.47,81.61,65,97,63,100,78,69,75,70,7,5,2,6,2,1,Technical,AI-ML,Logical,4,7,Yes,Math,Junior ML Engineer
S0216,21,Female,80.05,77.55,67,88,49,77,58,71,87,72,4,4,7,3,4,5,Technical,AI-ML,Logical,2,3,No,Math,AI/ML Engineer Trainee
S0171,18,Male,80.92,71.97,92,68,55,79,60,51,67,89,7,1,2,5,3,1,Technical,AI-ML,Logical,1,3,No,Math,Junior ML Engineer
S0383,19,Female,75.94,97.34,82,78,74,82,77,56,79,80,6,8,6,6,2,3,Creative,Web,Creative,1,2,No,Web,Frontend Developer
S0802,17,Female,79.72,64.16,77,89,63,77,63,43,59,71,10,1,2,6,5,1,Technical,Web,Analytical,1,5,Yes,Web,Quality Assurance Tester
S0005,18,Male,94.73,74.85,77,49,65,64,65,54,63,82,5,1,8,1,1,5,Analytical,Data,Analytical,1,1,Yes,Python,Junior Data Scientist
S0299,19,Female,89.09,64.83,67,65,71,99,75,55,92,83,7,4,4,5,1,4,Technical,Web,Logical,3,1,No,Web,Junior Web Developer
S1023,20,Male,80.65,89.77,86,93,77,83,71,58,98,76,1,1,10,4,4,5,Technical,Data,Logical,2,1,Yes,DBMS,Database Administrator
S1049,21,Female,80.79,77.12,73,90,93,90,59,37,88,89,5,2,9,6,3,5,Technical,Data,Logical,3,1,Yes,DBMS,Database Administrator
S1052,21,Male,87.45,59.67,94,83,48,92,84,42,66,93,1,4,8,3,5,4,Technical,Data,Logical,3,4,No,DBMS,Database Administrator
S0121,19,Female,88.6,71.21,68,48,62,67,83,31,57,90,2,2,8,5,3,5,Analytical,Data,Analytical,2,1,No,Statistics,Associate Data Analyst
S0124,18,Female,87.28,86.05,49,70,48,67,78,45,50,89,3,5,3,1,5,3,Analytical,AI-ML,Analytical,2,5,Yes,Python,Associate Data Analyst
S0669,19,Female,90.57,83.36,85,76,63,97,74,32,62,100,2,1,4,3,10,1,Technical,Security,Logical,3,6,Yes,DBMS,Security Analyst Trainee
S0750,19,Female,72.0,80.01,43,62,77,49,77,30,78,82,6,3,6,3,5,1,Creative,AI-ML,Creative,3,1,No,Statistics,UI/UX Designer
S0523,19,Male,71.79,80.63,67,86,55,87,69,45,58,86,8,1,2,4,5,3,Technical,Web,Logical,1,2,Yes,Python,Full Stack Developer
S0602,20,Other,80.35,58.93,77,71,59,88,42,64,57,77,2,6,6,4,2,7,Technical,Cloud,Logical,1,5,Yes,DBMS,Cloud Operations Engineer
S0659,20,Female,78.99,83.55,95,91,49,88,55,35,60,93,3,2,5,5,9,6,Technical,Security,Logical,0,2,No,DBMS,Security Analyst Trainee
S0161,19,Female,92.75,82.39,75,77,94,76,74,47,61,93,9,3,3,5,3,3,Technical,AI-ML,Logical,0,3,No,Math,Junior ML Engineer
S0381,20,Male,84.87,99.0,68,63,49,64,97,57,73,55,5,5,4,5,3,2,Creative,Data,Creative,1,3,No,Math,Frontend Developer
S0703,19,Female,75.48,89.18,65,78,92,63,97,63,61,80,5,8,3,3,1,1,Creative,Web,Creative,4,2,No,Web,UI/UX Designer
S0357,21,Male,68.64,82.49,75,73,82,71,86,43,80,82,1,10,3,3,4,4,Creative,Web,Creative,3,3,No,Web,Frontend Developer
S0392,18,Other,69.82,67.26,54,51,85,48,81,37,51,59,2,5,1,5,1,6,Creative,Web,Creative,1,1,No,DBMS,Frontend Developer
S0489,18,Female,74.07,94.18,83,76,93,100,84,74,81,78,10,5,5,1,5,5,Technical,Web,Logical,2,2,No,DBMS,Full Stack Developer
S0785,20,Male,73.77,66.49,63,98,57,62,65,43,50,83,7,3,5,6,2,1,Technical,Web,Analytical,2,2,No,Web,Quality Assurance Tester
S0207,17,Male,95.09,81.66,74,79,88,81,74,68,52,71,7,3,6,2,5,2,Technical,AI-ML,Logical,1,3,No,Math,Junior ML Engineer
S0770,22,Male,76.59,91.33,50,47,59,74,98,59,72,83,4,9,2,5,6,6,Creative,Web,Creative,1,3,No,Web,UI/UX Designer
S0740,19,Male,84.43,94.24,54,68,62,78,98,62,97,78,6,7,4,1,4,3,Creative,Web,Creative,1,1,No,Web,UI/UX Designer
S0888,20,Female,87.26,80.84,47,64,73,65,35,89,97,78,4,3,2,10,6,3,Management,Data,Leader,0,5,Yes,Statistics,Junior Business Analyst
S0256,21,Male,81.02,69.02,98,97,90,97,46,73,80,71,1,4,10,3,4,2,Technical,AI-ML,Logical,3,4,No,Python,AI/ML Engineer Trainee
S0601,22,Female,63.49,63.05,90,69,56,71,80,80,63,95,3,3,1,5,3,8,Technical,Cloud,Logical,4,5,Yes,DBMS,Cloud Operations Engineer
S0132,17,Male,78.39,77.73,67,91,63,72,79,34,70,84,8,2,2,6,1,1,Technical,AI-ML,Logical,3,5,Yes,Math,Junior ML Engineer
S0149,20,Male,73.49,77.72,85,82,92,94,55,78,73,98,7,2,4,1,1,2,Technical,AI-ML,Logical,2,0,No,Math,Junior ML Engineer
S0950,20,Other,94.59,90.0,95,80,76,84,73,53,88,71,6,5,4,6,4,8,Technical,Cloud,Logical,1,3,No,DBMS,Junior DevOps Engineer
S0847,20,Male,66.78,93.85,94,96,59,67,37,41,89,96,8,2,3,2,4,4,Technical,Web,Analytical,1,2,Yes,Web,Quality Assurance Tester
S0163,20,Female,83.44,58.31,65,97,88,97,80,80,71,93,10,1,2,1,4,5,Technical,AI-ML,Logical,2,6,Yes,Python,Junior ML Engineer
S0306,20,Female,82.03,67.65,64,85,82,76,77,80,57,84,7,6,2,6,3,3,Technical,Web,Logical,0,0,No,Web,Junior Web Developer
S0563,19,Male,63.5,83.75,60,74,47,72,50,33,60,86,9,6,4,5,3,3,Technical,Web,Logical,0,1,No,Python,Full Stack Developer
S0865,17,Male,78.49,59.87,63,51,73,79,46,90,76,86,3,4,6,7,4,4,Management,Data,Leader,0,2,No,DBMS,Junior Business Analyst
S0104,19,Female,74.37,82.31,81,61,76,88,56,54,78,82,1,4,7,2,4,1,Analytical,Data,Analytical,1,1,No,DBMS,Associate Data Analyst
S0140,22,Male,65.25,92.78,42,54,66,65,78,67,51,81,2,5,4,6,1,5,Technical,Data,Logical,0,1,No,Math,Junior ML Engineer
S0780,22,Male,71.05,85.82,83,94,92,84,51,74,69,96,7,3,1,2,2,3,Technical,Web,Analytical,2,4,No,Python,Quality Assurance Tester
S0435,20,Male,79.43,67.66,86,82,67,95,64,53,92,87,9,5,4,1,1,2,Technical,Web,Logical,1,2,No,Python,Backend Developer
S0273,19,Male,80.22,84.46,85,74,81,91,46,71,57,70,1,4,10,1,4,3,Technical,AI-ML,Logical,0,2,No,Python,AI/ML Engineer Trainee
S0660,18,Female,94.77,82.76,92,87,76,83,38,67,56,75,6,6,4,1,8,1,Technical,Security,Logical,7,0,No,DBMS,Security Analyst Trainee
S0838,20,Other,83.34,71.32,77,68,60,82,53,75,92,93,10,6,4,1,3,4,Technical,Web,Analytical,2,1,No,Web,Quality Assurance Tester
S0778,20,Male,78.19,78.38,95,94,95,72,78,69,51,83,8,2,4,2,3,2,Technical,Web,Analytical,2,4,Yes,Web,Quality Assurance Tester
S0110,19,Male,72.52,82.53,84,65,48,63,67,32,87,75,3,2,8,4,1,5,Analytical,Data,Analytical,6,1,No,DBMS,Associate Data Analyst
S1046,19,Female,78.94,73.26,60,90,62,95,77,72,79,79,4,1,7,2,5,3,Technical,Data,Logical,3,2,No,DBMS,Database Administrator
S0683,20,Male,80.39,95.17,46,69,60,51,72,62,59,80,1,2,4,6,2,6,Technical,Web,Logical,3,3,No,Statistics,Security Analyst Trainee
S0345,18,Female,92.47,59.88,96,82,83,77,79,63,54,95,10,5,5,2,5,1,Technical,Web,Logical,1,2,No,Python,Junior Web Developer
S0230,18,Male,85.92,85.13,65,74,53,72,38,33,83,88,3,3,8,6,6,3,Technical,AI-ML,Logical,4,4,No,Math,AI/ML Engineer Trainee
S0646,19,Male,78.79,62.96,90,82,92,72,41,79,56,86,5,2,2,3,8,3,Technical,Security,Logical,2,1,No,DBMS,Security Analyst Trainee
S0227,18,Female,81.48,95.59,99,80,82,98,68,72,59,84,4,6,10,3,4,3,Technical,AI-ML,Logical,1,0,Yes,Math,AI/ML Engineer Trainee
S0195,23,Female,81.88,72.32,89,100,63,97,69,41,69,81,7,1,2,2,2,1,Technical,AI-ML,Logical,4,2,No,Math,Junior ML Engineer
S0908,17,Male,84.32,77.99,68,71,96,61,45,95,83,53,4,3,5,10,4,3,Management,Data,Leader,2,3,No,DBMS,Junior Business Analyst
S0938,19,Female,84.54,85.99,98,99,86,86,40,73,65,76,5,5,6,1,5,7,Technical,Cloud,Logical,3,2,Yes,DBMS,Junior DevOps Engineer
S0621,17,Male,82.87,80.27,88,82,46,98,57,37,71,100,6,1,5,6,4,10,Technical,Cloud,Logical,2,0,Yes,Python,Cloud Operations Engineer
S0844,17,Male,67.68,71.89,87,92,72,83,65,56,53,96,8,1,6,2,5,5,Technical,Web,Analytical,1,3,No,Python,Quality Assurance Tester
S0469,19,Male,82.48,86.87,81,88,92,86,49,55,97,78,10,2,3,2,1,5,Technical,Web,Logical,1,2,Yes,DBMS,Backend Developer
S0505,20,Female,87.95,75.78,76,95,58,94,60,39,71,83,9,6,1,6,5,2,Technical,Web,Logical,1,3,No,Web,Full Stack Developer
S0546,19,Female,65.7,72.32,74,87,55,80,85,41,72,87,9,5,3,5,5,3,Technical,Web,Logical,5,1,Yes,Python,Full Stack Developer
S0704,20,Female,86.03,86.75,66,54,58,63,80,55,86,55,5,9,1,1,2,2,Creative,Web,Creative,3,5,Yes,Web,UI/UX Designer
S1013,17,Male,80.75,75.1,89,93,47,85,49,66,58,76,5,2,8,6,1,1,Technical,Data,Logical,3,4,No,DBMS,Database Administrator
S0069,21,Female,79.61,91.6,80,63,61,62,85,64,68,74,4,2,7,3,3,3,Analytical,Data,Analytical,3,2,No,Statistics,Associate Data Analyst
S0065,18,Other,84.85,77.51,74,47,52,74,59,33,60,83,4,2,9,6,6,5,Analytical,Data,Analytical,0,4,No,Statistics,Associate Data Analyst
S0426,21,Male,73.3,78.56,84,86,95,82,48,59,54,86,10,2,2,5,3,6,Technical,Web,Logical,3,3,No,Python,Backend Developer
S0492,17,Female,81.92,74.31,84,72,79,80,51,33,59,90,7,3,6,3,3,1,Technical,Web,Logical,3,1,No,Python,Full Stack Developer
S0732,19,Female,80.82,77.51,61,60,75,56,93,61,76,67,4,9,4,5,3,1,Creative,Web,Creative,1,3,No,Web,UI/UX Designer
S0735,18,Female,76.88,81.53,56,53,52,67,77,55,93,78,2,10,4,3,1,5,Creative,Web,Creative,2,3,No,Web,UI/UX Designer
S0440,19,Male,76.45,90.55,93,69,80,98,44,68,90,84,10,1,6,6,6,1,Technical,Web,Logical,2,3,Yes,DBMS,Backend Developer
S0343,24,Male,87.15,66.08,65,98,87,90,64,34,72,89,7,4,1,2,4,3,Technical,Web,Logical,2,1,No,Web,Junior Web Developer
S0806,21,Female,75.35,87.49,95,84,58,82,35,37,85,91,10,1,4,1,5,3,Technical,Web,Analytical,2,2,No,Python,Quality Assurance Tester
S0942,18,Male,81.35,75.83,92,78,73,99,67,47,99,71,5,6,5,6,1,10,Technical,Cloud,Logical,2,4,No,Python,Junior DevOps Engineer
S0153,19,Male,75.19,69.97,76,92,61,72,55,76,81,94,7,1,1,3,3,5,Technical,AI-ML,Logical,4,1,Yes,Math,Junior ML Engineer
S0136,22,Female,75.86,70.11,88,96,55,99,53,32,97,91,9,6,6,5,1,3,Technical,AI-ML,Logical,0,0,No,Math,Junior ML Engineer
S0111,19,Male,80.93,72.86,64,73,71,65,77,62,85,76,4,2,9,5,3,3,Analytical,Data,Analytical,2,6,Yes,DBMS,Associate Data Analyst
S0943,21,Male,68.17,71.1,51,41,82,46,55,56,75,91,1,4,4,4,6,2,Technical,Web,Logical,2,4,No,Python,Junior DevOps Engineer
S0220,18,Male,86.91,69.67,84,80,48,73,65,55,79,76,2,2,7,1,4,4,Technical,AI-ML,Logical,2,1,Yes,Python,AI/ML Engineer Trainee
S0264,21,Male,77.69,65.46,73,89,56,70,66,67,77,90,5,6,8,4,6,6,Technical,AI-ML,Logical,3,0,No,Math,AI/ML Engineer Trainee
S0756,17,Male,73.06,85.12,67,49,66,65,76,30,92,70,3,10,4,6,1,3,Creative,Web,Creative,2,2,Yes,Web,UI/UX Designer
S0671,19,Female,89.76,55.0,64,91,47,99,80,32,73,93,6,6,5,3,7,4,Technical,Security,Logical,1,3,No,DBMS,Security Analyst Trainee
S0034,20,Female,82.69,81.54,89,42,78,62,78,49,80,80,5,4,10,1,6,5,Analytical,Data,Analytical,2,3,No,Python,Junior Data Scientist
S0999,19,Female,85.36,69.15,98,67,82,71,53,41,50,74,3,2,9,4,3,1,Technical,Data,Logical,0,7,Yes,DBMS,Database Administrator
S0087,18,Male,71.41,80.96,60,71,84,62,61,31,91,91,3,1,8,1,6,4,Analytical,Data,Analytical,1,2,No,Statistics,Associate Data Analyst
S0369,20,Female,80.08,73.05,57,53,82,63,95,41,90,57,3,7,5,2,4,3,Creative,Web,Creative,5,3,No,Web,Frontend Developer
S0057,22,Male,87.24,63.82,60,40,95,75,49,35,77,73,2,3,10,3,4,1,Analytical,Data,Analytical,0,7,Yes,Statistics,Junior Data Scientist
S1017,21,Male,93.73,70.41,64,71,50,88,44,37,70,79,5,4,7,5,1,5,Technical,Data,Logical,2,7,Yes,DBMS,Database Administrator
S0344,20,Male,77.02,68.32,77,86,94,78,82,69,86,74,10,6,6,5,2,3,Technical,Web,Logical,2,4,No,Web,Junior Web Developer
S0283,18,Female,79.57,75.11,80,93,56,71,60,59,78,90,6,2,7,4,2,3,Technical,AI-ML,Logical,0,2,No,Python,AI/ML Engineer Trainee
S0976,19,Female,82.94,65.37,58,45,71,44,83,77,52,82,4,6,6,4,5,6,Technical,Data,Logical,0,2,Yes,Python,Junior DevOps Engineer
S0775,21,Male,90.81,68.09,80,71,79,86,73,75,94,74,7,5,4,2,6,4,Technical,Web,Analytical,2,3,No,Web,Quality Assurance Tester
S1007,19,Male,70.92,99.0,91,90,95,82,50,38,80,91,2,5,10,5,6,2,Technical,Data,Logical,1,5,Yes,DBMS,Database Administrator
S0597,20,Male,82.98,85.21,100,74,85,98,38,67,84,87,1,2,5,3,3,9,Technical,Cloud,Logical,2,6,Yes,Python,Cloud Operations Engineer
S0444,22,Other,88.23,85.43,97,93,63,86,52,78,59,84,7,6,1,5,3,1,Technical,Web,Logical,4,4,Yes,DBMS,Backend Developer
S0449,19,Other,89.8,80.45,81,74,81,72,38,54,75,95,7,5,6,6,1,4,Technical,Web,Logical,2,0,No,DBMS,Backend Developer
S0157,17,Male,81.57,62.53,70,67,47,88,36,41,84,90,8,3,3,6,4,5,Technical,AI-ML,Logical,1,2,No,Python,Junior ML Engineer
S0142,20,Male,85.17,78.6,93,92,80,84,64,73,91,89,10,1,3,6,6,6,Technical,AI-ML,Logical,2,3,No,Math,Junior ML Engineer
S0267,18,Male,82.64,55.89,65,79,75,75,58,35,52,83,2,6,7,2,3,4,Technical,AI-ML,Logical,3,3,No,Math,AI/ML Engineer Trainee
S0029,17,Male,75.99,72.52,66,70,71,80,81,48,81,76,5,2,10,6,6,4,Analytical,Data,Analytical,0,5,Yes,Math,Junior Data Scientist
S0016,19,Female,90.31,73.95,82,40,86,62,40,74,90,70,4,5,9,3,4,6,Analytical,Data,Analytical,1,2,No,Statistics,Junior Data Scientist
S0250,18,Male,92.16,74.28,76,77,71,72,84,68,56,75,1,5,10,1,4,3,Technical,AI-ML,Logical,0,3,Yes,Python,AI/ML Engineer Trainee
S1050,17,Male,80.05,81.93,98,66,73,82,66,51,99,98,2,2,7,3,6,2,Technical,Data,Logical,0,3,Yes,DBMS,Database Administrator
S0081,19,Female,75.03,59.22,64,61,76,87,49,32,61,76,5,5,8,5,6,5,Analytical,Data,Analytical,2,3,No,DBMS,Associate Data Analyst
S0325,18,Female,73.1,79.18,94,78,75,96,72,52,97,100,7,4,3,6,4,4,Technical,Web,Logical,0,1,No,Python,Junior Web Developer
S0694,18,Male,84.39,80.9,84,90,87,99,57,32,79,71,2,3,6,2,8,6,Technical,Security,Logical,1,4,No,DBMS,Security Analyst Trainee
S0766,20,Female,81.11,84.54,73,57,77,76,94,31,60,77,4,9,1,3,4,4,Creative,Web,Creative,2,3,Yes,Web,UI/UX Designer
S0407,20,Male,87.27,99.0,72,79,45,76,82,57,94,83,1,9,1,6,5,1,Creative,Web,Creative,4,5,Yes,Web,Frontend Developer
S1033,19,Female,81.22,71.12,61,93,89,72,75,44,78,78,1,6,10,2,3,1,Technical,Data,Logical,2,3,No,DBMS,Database Administrator
S0866,20,Female,86.33,62.56,47,59,85,82,60,71,55,72,2,1,2,7,5,1,Management,Data,Leader,3,5,Yes,DBMS,Junior Business Analyst
S0120,21,Male,87.81,81.78,67,67,48,55,71,46,52,93,4,6,4,2,2,3,Analytical,Web,Analytical,1,6,Yes,Statistics,Associate Data Analyst
S0506,19,Female,75.42,80.48,84,87,78,76,70,50,80,82,8,1,2,5,4,5,Technical,Web,Logical,1,3,No,Python,Full Stack Developer
S0642,20,Female,62.71,70.92,77,91,45,94,42,35,79,77,1,5,3,6,10,6,Technical,Security,Logical,1,3,No,DBMS,Security Analyst Trainee
S0608,17,Male,99.0,71.39,85,82,80,98,81,79,73,93,3,4,1,3,3,9,Technical,Cloud,Logical,4,2,No,Python,Cloud Operations Engineer
S0739,21,Female,95.36,91.21,81,69,47,79,97,65,77,58,3,8,6,2,5,3,Creative,Web,Creative,1,5,Yes,Web,UI/UX Designer
S0536,20,Male,65.9,87.16,94,75,48,90,73,43,95,87,10,2,5,6,4,5,Technical,Web,Logical,2,0,No,Web,Full Stack Developer
S0746,20,Female,72.41,77.39,83,55,74,71,80,55,52,53,6,8,5,6,2,1,Creative,Web,Creative,4,3,Yes,Web,UI/UX Designer
S0422,18,Male,80.94,81.91,81,76,84,82,94,75,52,59,3,7,6,3,2,2,Creative,Web,Creative,2,2,No,Web,Frontend Developer
S0023,19,Female,77.84,77.99,76,57,54,71,78,67,62,75,3,4,10,1,6,2,Analytical,Data,Analytical,2,5,Yes,Math,Junior Data Scientist
S0296,19,Male,74.01,82.19,93,77,69,84,79,38,54,70,9,3,3,4,2,4,Technical,Web,Logical,3,4,No,Web,Junior Web Developer
S0382,18,Female,69.01,80.8,83,69,80,58,85,40,89,54,2,8,4,3,6,6,Creative,Web,Creative,4,4,No,Web,Frontend Developer
S0824,21,Female,61.23,75.59,73,90,83,83,73,79,52,75,10,2,5,3,5,2,Technical,Web,Analytical,3,5,Yes,Web,Quality Assurance Tester
S0145,21,Female,78.5,81.39,76,98,88,76,80,66,54,84,8,4,4,3,2,6,Technical,AI-ML,Logical,2,3,Yes,Math,Junior ML Engineer
S0544,20,Male,75.47,86.78,86,71,61,90,78,60,85,82,10,3,4,3,3,3,Technical,Web,Logical,1,5,Yes,Web,Full Stack Developer
S0996,18,Female,93.56,73.87,90,78,87,89,54,49,100,92,2,6,10,1,1,1,Technical,Data,Logical,2,2,No,DBMS,Database Administrator
S0786,18,Female,89.35,71.83,85,73,45,70,43,41,60,95,8,5,5,1,6,2,Technical,Web,Analytical,6,2,No,Web,Quality Assurance Tester
S0751,21,Female,73.64,93.14,55,56,60,68,94,78,81,60,4,4,5,6,1,5,Creative,Cloud,Creative,1,1,Yes,Python,UI/UX Designer
S0514,21,Female,92.57,87.02,89,94,74,81,72,51,99,78,9,4,2,1,1,6,Technical,Web,Logical,3,3,No,Python,Full Stack Developer
S0769,20,Female,88.29,67.78,61,65,74,43,95,62,83,61,5,6,1,3,5,2,Creative,AI-ML,Creative,0,5,Yes,DBMS,UI/UX Designer
S1037,18,Male,86.46,81.49,94,93,93,77,51,43,97,91,1,1,8,4,6,4,Technical,Data,Logical,3,0,No,DBMS,Database Administrator
S0957,18,Other,76.37,77.73,84,65,45,93,62,31,59,84,5,3,2,3,6,7,Technical,Cloud,Logical,3,2,No,DBMS,Junior DevOps Engineer
S0592,19,Male,81.22,68.47,60,59,65,55,53,71,51,77,1,6,5,1,3,4,Technical,Web,Logical,3,3,Yes,Web,Cloud Operations Engineer
S0678,19,Female,82.78,55.0,59,56,65,63,38,56,59,85,1,6,1,1,6,1,Technical,Cloud,Logical,2,3,No,Python,Security Analyst Trainee
S0192,20,Female,99.0,64.71,91,93,95,93,37,59,73,88,8,6,6,6,4,2,Technical,AI-ML,Logical,0,3,No,Python,Junior ML Engineer
S0781,19,Female,69.73,65.78,74,88,48,73,38,67,66,98,8,1,1,1,2,2,Technical,Web,Analytical,0,3,No,Web,Quality Assurance Tester
S0355,22,Female,77.86,74.47,64,80,77,96,62,78,68,78,7,2,5,1,2,4,Technical,Web,Logical,1,5,Yes,Python,Junior Web Developer
S0726,19,Male,79.53,75.51,51,63,68,60,75,35,52,76,5,10,1,2,1,3,Creative,Web,Creative,2,1,Yes,Web,UI/UX Designer
S0269,18,Female,81.55,88.49,98,76,68,100,62,36,69,73,4,3,10,3,4,6,Technical,AI-ML,Logical,1,1,No,Math,AI/ML Engineer Trainee
S0495,20,Female,81.49,75.36,95,86,74,99,59,50,57,80,9,4,4,2,4,6,Technical,Web,Logical,0,1,No,Web,Full Stack Developer
S0493,21,Female,82.05,68.97,82,66,74,84,39,71,68,93,8,1,4,3,4,1,Technical,Web,Logical,5,3,No,Python,Full Stack Developer
S0533,18,Male,75.78,91.89,90,66,45,92,72,49,67,73,7,1,6,6,2,2,Technical,Web,Logical,1,5,Yes,Web,Full Stack Developer
S0430,21,Female,83.71,66.45,67,98,75,80,41,51,73,98,10,2,2,1,6,5,Technical,Web,Logical,1,2,Yes,DBMS,Backend Developer
S0797,20,Male,79.18,89.86,69,81,87,83,55,34,71,73,10,2,4,1,2,2,Technical,Web,Analytical,1,2,No,Web,Quality Assurance Tester
S0754,20,Female,71.04,66.92,60,62,74,77,86,55,75,65,6,7,4,2,5,1,Creative,Web,Creative,1,1,No,Web,UI/UX Designer
S0181,19,Female,86.52,69.78,58,50,76,43,85,60,93,81,5,5,1,2,1,6,Technical,AI-ML,Logical,2,1,No,Python,Junior ML Engineer
S0575,20,Male,86.85,86.26,89,85,72,89,50,41,67,78,5,2,4,1,3,9,Technical,Cloud,Logical,1,1,No,DBMS,Cloud Operations Engineer
S0183,20,Female,80.84,78.88,80,98,71,88,66,52,81,90,7,1,5,5,4,5,Technical,AI-ML,Logical,3,5,Yes,Python,Junior ML Engineer
S0349,18,Female,85.14,83.66,89,91,90,93,39,76,60,83,10,6,2,6,4,2,Technical,Web,Logical,1,4,No,Web,Junior Web Developer
S0822,17,Male,76.71,84.71,93,85,67,69,66,30,90,89,7,6,3,3,2,4,Technical,Web,Analytical,1,1,Yes,Python,Quality Assurance Tester
S0036,20,Male,84.56,72.67,61,73,64,65,77,58,83,95,3,6,9,5,4,3,Analytical,Data,Analytical,3,3,No,Statistics,Junior Data Scientist
S0304,19,Female,63.73,99.0,78,86,84,81,40,60,78,76,10,6,2,2,4,4,Technical,Web,Logical,2,2,No,Web,Junior Web Developer
S0354,19,Male,73.83,99.0,63,90,48,93,45,53,62,71,7,6,5,1,1,1,Technical,Web,Logical,2,4,No,Web,Junior Web Developer
S0614,17,Male,76.17,80.9,71,93,95,93,43,33,83,81,5,6,4,4,2,7,Technical,Cloud,Logical,2,3,No,DBMS,Cloud Operations Engineer
S0187,20,Male,81.46,82.85,54,66,46,52,69,69,68,85,1,2,5,1,1,5,Technical,Security,Logical,2,0,No,Statistics,Junior ML Engineer
S0279,19,Other,83.46,59.42,87,94,45,99,55,66,75,72,1,6,10,3,3,6,Technical,AI-ML,Logical,2,4,No,Python,AI/ML Engineer Trainee
S0099,20,Male,76.08,66.43,54,43,59,55,84,46,91,83,2,1,2,6,1,2,Analytical,Cloud,Analytical,2,1,No,Math,Associate Data Analyst
S0260,21,Female,80.13,89.48,70,71,69,82,78,49,60,75,2,6,8,3,6,2,Technical,AI-ML,Logical,1,3,No,Math,AI/ML Engineer Trainee
S0321,19,Female,99.0,84.87,97,71,93,87,63,36,70,81,9,2,1,2,4,3,Technical,Web,Logical,1,0,No,Python,Junior Web Developer
S0203,17,Male,89.55,82.41,88,98,94,97,63,67,96,73,9,3,3,4,3,4,Technical,AI-ML,Logical,2,2,No,Math,Junior ML Engineer
S0811,21,Male,88.78,85.28,86,95,67,63,54,37,70,94,7,2,2,3,6,2,Technical,Web,Analytical,0,1,No,Web,Quality Assurance Tester
S0651,20,Male,65.02,91.6,71,67,88,94,46,35,93,91,2,5,2,4,10,4,Technical,Security,Logical,3,2,Yes,DBMS,Security Analyst Trainee
S0527,21,Male,86.09,58.12,100,83,73,89,53,49,86,87,7,6,4,2,2,1,Technical,Web,Logical,1,4,No,Python,Full Stack Developer
S0841,21,Female,76.32,83.61,74,99,71,83,62,31,65,95,8,2,3,1,6,5,Technical,Web,Analytical,1,3,Yes,Python,Quality Assurance Tester
S0984,19,Male,69.82,76.43,100,84,95,78,80,80,70,86,2,2,4,1,3,7,Technical,Cloud,Logical,2,5,Yes,Python,Junior DevOps Engineer
S0835,18,Male,85.14,99.0,74,84,65,86,41,67,70,90,10,6,4,2,3,2,Technical,Web,Analytical,5,2,No,Python,Quality Assurance Tester
S0554,18,Other,76.81,89.18,97,95,92,91,40,67,93,84,10,2,2,5,4,6,Technical,Web,Logical,2,8,Yes,Python,Full Stack Developer
S0588,18,Female,76.69,95.88,76,75,89,97,54,41,56,70,6,3,2,4,4,10,Technical,Cloud,Logical,2,4,No,DBMS,Cloud Operations Engineer
S0870,21,Male,86.54,81.41,84,45,85,55,39,89,75,82,5,1,4,9,1,4,Management,Data,Leader,1,2,No,Statistics,Junior Business Analyst
S0481,19,Female,77.13,61.51,100,87,60,89,79,33,54,96,9,6,6,6,2,5,Technical,Web,Logical,1,6,Yes,DBMS,Backend Developer
S0265,22,Male,64.58,72.17,83,100,87,89,62,74,78,85,3,2,7,1,5,4,Technical,AI-ML,Logical,3,4,No,Python,AI/ML Engineer Trainee
S0648,23,Male,86.54,75.19,48,45,88,40,71,72,51,92,2,4,4,4,4,5,Technical,Security,Logical,3,0,No,Python,Security Analyst Trainee
S0812,20,Other,99.0,55.0,74,94,90,78,41,71,100,93,9,6,5,1,3,1,Technical,Web,Analytical,1,5,Yes,Python,Quality Assurance Tester
S0373,20,Female,65.44,73.61,51,57,59,77,82,50,96,71,2,9,4,5,1,5,Creative,Web,Creative,2,2,No,Web,Frontend Developer
S0594,20,Female,88.62,76.69,89,75,66,84,65,66,85,83,1,5,3,2,3,7,Technical,Cloud,Logical,1,4,No,Python,Cloud Operations Engineer
S0832,19,Female,86.78,79.88,70,74,70,84,69,55,90,85,8,1,4,5,1,6,Technical,Web,Analytical,0,5,Yes,Python,Quality Assurance Tester
S0632,21,Male,90.74,87.4,93,93,74,91,69,35,84,76,4,4,3,6,1,10,Technical,Cloud,Logical,1,0,No,Python,Cloud Operations Engineer
S0727,18,Male,67.4,69.62,47,59,70,68,83,65,94,73,5,1,2,6,1,5,Creative,Web,Creative,3,1,No,DBMS,UI/UX Designer
S0007,21,Male,90.97,83.7,71,41,62,86,73,60,93,79,1,6,9,5,1,4,Analytical,Data,Analytical,2,3,No,Math,Junior Data Scientist
S0103,18,Female,81.03,85.75,71,66,68,69,77,71,91,71,5,2,8,4,1,2,Analytical,Data,Analytical,1,2,Yes,Statistics,Associate Data Analyst
S0274,17,Male,81.42,84.64,98,73,69,74,64,64,55,70,1,5,7,3,5,1,Technical,AI-ML,Logical,1,2,Yes,Math,AI/ML Engineer Trainee
S0330,19,Female,82.51,93.19,76,65,79,77,58,37,72,90,7,2,6,2,3,2,Technical,Web,Logical,2,3,Yes,Web,Junior Web Developer
S0116,18,Female,75.9,92.13,67,58,51,66,42,34,70,76,4,6,7,1,3,3,Analytical,Data,Analytical,1,3,No,DBMS,Associate Data Analyst
S0217,18,Male,88.97,75.62,98,77,95,73,66,42,67,92,1,6,10,5,5,2,Technical,AI-ML,Logical,3,6,Yes,Python,AI/ML Engineer Trainee
S0584,18,Female,91.85,70.47,68,62,50,42,71,34,96,78,2,1,5,6,2,6,Technical,AI-ML,Logical,1,1,No,DBMS,Cloud Operations Engineer
S0302,18,Female,71.35,79.67,79,81,46,81,73,70,90,77,10,6,1,4,5,2,Technical,Web,Logical,0,2,No,Python,Junior Web Developer
S0852,20,Male,74.99,85.75,85,73,95,82,62,48,97,88,7,6,1,6,4,1,Technical,Web,Analytical,2,1,No,Web,Quality Assurance Tester
S0242,19,Male,72.83,91.54,67,75,58,91,38,42,53,84,4,3,8,5,6,6,Technical,AI-ML,Logical,2,0,No,Math,AI/ML Engineer Trainee
S0539,19,Female,78.81,83.36,79,76,78,93,62,65,82,84,10,2,1,2,1,6,Technical,Web,Logical,2,1,Yes,Python,Full Stack Developer
S0765,20,Male,79.65,79.71,76,64,91,82,82,71,73,75,2,7,6,1,6,1,Creative,Web,Creative,2,6,Yes,Web,UI/UX Designer
S0341,19,Female,80.43,83.02,85,72,49,83,59,47,72,88,9,2,3,5,2,6,Technical,Web,Logical,2,2,No,Python,Junior Web Developer
S0960,19,Other,71.27,82.84,91,98,81,78,79,39,91,91,2,2,6,6,6,8,Technical,Cloud,Logical,1,0,No,Python,Junior DevOps Engineer
S0025,21,Male,86.98,87.99,92,64,60,79,55,33,94,72,3,5,9,1,2,5,Analytical,Data,Analytical,2,3,No,Python,Junior Data Scientist
S0924,17,Male,81.28,77.35,79,88,50,92,85,32,51,96,1,3,2,1,4,8,Technical,Cloud,Logical,0,2,No,DBMS,Junior DevOps Engineer
S0225,19,Male,88.58,93.0,68,94,84,83,80,43,54,94,5,4,10,4,6,3,Technical,AI-ML,Logical,2,2,No,Python,AI/ML Engineer Trainee
S0389,17,Male,71.31,55.75,48,41,52,79,100,76,91,66,6,10,1,4,1,2,Creative,Web,Creative,2,3,No,Web,Frontend Developer
S0262,18,Female,78.69,93.08,92,89,74,77,43,61,55,88,4,5,9,4,3,2,Technical,AI-ML,Logical,1,6,Yes,Math,AI/ML Engineer Trainee
S0055,18,Male,77.93,87.08,67,42,78,46,38,44,81,72,2,3,5,3,6,5,Analytical,AI-ML,Analytical,5,2,No,Web,Junior Data Scientist
S0432,19,Other,84.3,72.66,75,94,58,78,67,70,64,94,10,2,1,6,2,2,Technical,Web,Logical,2,3,Yes,Python,Backend Developer
S0165,17,Female,87.34,75.93,63,40,63,68,47,37,99,90,4,5,5,5,6,6,Technical,Cloud,Logical,0,2,No,DBMS,Junior ML Engineer
S0246,20,Female,84.59,77.95,67,94,83,80,63,73,56,88,1,2,8,3,5,3,Technical,AI-ML,Logical,1,5,Yes,Python,AI/ML Engineer Trainee
S0859,18,Male,83.99,97.67,77,51,80,76,61,91,70,71,6,5,5,7,2,1,Management,Data,Leader,2,2,Yes,Statistics,Junior Business Analyst
S0831,21,Female,81.54,84.55,73,97,47,68,62,78,79,78,8,1,1,6,3,3,Technical,Web,Analytical,0,3,No,Web,Quality Assurance Tester
S0890,18,Female,77.28,72.36,64,68,85,70,84,85,67,62,6,6,1,2,5,6,Management,Security,Leader,0,3,No,DBMS,Junior Business Analyst
S0443,17,Male,76.75,76.44,76,86,65,85,42,44,50,72,8,2,4,1,3,2,Technical,Web,Logical,1,2,No,Python,Backend Developer
S0298,21,Female,63.11,69.88,75,97,88,86,76,33,86,98,9,3,1,1,4,4,Technical,Web,Logical,1,2,Yes,Python,Junior Web Developer
S0438,20,Male,75.85,85.09,71,84,47,98,35,37,90,92,7,2,1,4,6,1,Technical,Web,Logical,2,1,Yes,Python,Backend Developer
S0817,20,Female,73.74,67.1,91,66,70,80,81,67,54,72,9,5,2,6,1,1,Technical,Web,Analytical,0,1,No,Python,Quality Assurance Tester
S0738,20,Female,92.26,72.57,78,65,90,90,95,46,99,76,5,8,1,2,6,1,Creative,Web,Creative,2,1,No,Web,UI/UX Designer
S0452,19,Female,79.04,58.99,63,77,73,72,40,78,76,93,7,3,3,5,6,6,Technical,Web,Logical,2,2,No,DBMS,Backend Developer
S0178,20,Male,58.12,73.55,99,79,63,96,41,60,60,91,8,6,1,1,1,5,Technical,AI-ML,Logical,3,3,No,Math,Junior ML Engineer
S0803,21,Male,85.2,80.73,69,85,92,89,77,48,85,89,7,1,4,4,6,6,Technical,Web,Analytical,3,2,No,Python,Quality Assurance Tester
S0522,19,Male,93.74,74.14,92,90,83,77,45,64,69,85,10,2,2,6,5,1,Technical,Web,Logical,2,3,Yes,Web,Full Stack Developer
S0994,21,Female,79.23,87.65,80,93,68,76,72,31,71,98,6,3,10,3,4,1,Technical,Data,Logical,2,1,No,DBMS,Database Administrator
S1028,20,Male,79.98,79.69,61,72,48,98,60,53,72,82,4,3,10,2,5,1,Technical,Data,Logical,0,3,Yes,DBMS,Database Administrator
S0639,19,Female,62.11,67.78,79,71,91,72,54,30,68,82,1,1,3,5,7,5,Technical,Security,Logical,3,5,Yes,DBMS,Security Analyst Trainee
S0127,18,Female,66.99,85.52,89,58,84,57,83,66,98,92,3,3,10,2,1,3,Analytical,Data,Analytical,0,5,Yes,Statistics,Associate Data Analyst
S0907,19,Male,62.55,71.2,74,57,81,66,85,86,53,71,2,3,5,8,2,1,Management,Data,Leader,1,5,Yes,Statistics,Junior Business Analyst
S0460,20,Male,85.07,70.89,83,93,84,70,60,53,60,100,7,4,6,4,1,3,Technical,Web,Logical,0,2,Yes,DBMS,Backend Developer
S0213,20,Male,80.61,87.59,53,64,79,40,55,45,98,72,5,2,1,4,1,6,Technical,Security,Logical,2,5,Yes,Web,AI/ML Engineer Trainee
S0424,21,Female,86.51,62.32,49,59,72,54,91,53,90,73,6,1,2,6,6,1,Creative,Cloud,Creative,2,1,No,DBMS,Frontend Developer
S0906,21,Female,91.25,82.0,49,61,98,87,36,74,65,63,4,3,2,8,5,2,Management,Data,Leader,1,4,Yes,Statistics,Junior Business Analyst
S0913,23,Female,82.95,79.5,60,48,72,56,69,84,90,74,6,4,5,10,4,3,Management,Data,Leader,0,2,Yes,DBMS,Junior Business Analyst
S0406,19,Female,76.9,75.65,55,79,80,86,98,77,66,54,3,10,1,4,2,1,Creative,Web,Creative,4,2,No,Web,Frontend Developer
S0663,18,Other,77.99,75.04,60,70,55,74,61,56,73,94,6,5,5,4,9,2,Technical,Security,Logical,2,2,No,DBMS,Security Analyst Trainee
S0031,21,Female,61.92,94.96,97,78,49,82,85,80,60,100,4,4,7,4,1,3,Analytical,Data,Analytical,2,4,No,Math,Junior Data Scientist
S0862,20,Female,84.36,77.8,63,60,75,90,48,88,51,88,6,2,2,8,2,6,Management,Data,Leader,0,2,No,Statistics,Junior Business Analyst
S0675,17,Female,90.94,77.95,74,99,50,88,61,65,72,82,1,6,3,6,7,4,Technical,Security,Logical,1,2,No,DBMS,Security Analyst Trainee
S0397,17,Female,79.61,84.32,50,66,83,82,87,34,54,66,6,10,1,3,2,4,Creative,Web,Creative,2,1,No,Web,Frontend Developer
S0134,18,Female,79.13,87.77,99,76,61,94,40,60,88,92,9,6,6,4,4,6,Technical,AI-ML,Logical,1,4,No,Python,Junior ML Engineer
S0391,19,Male,88.34,70.55,69,80,93,74,76,67,71,86,2,8,3,5,6,5,Creative,Web,Creative,0,4,No,Web,Frontend Developer
S0837,21,Female,87.11,62.47,88,66,63,77,65,68,58,88,7,2,2,4,2,2,Technical,Web,Analytical,1,6,Yes,Python,Quality Assurance Tester
S0625,20,Female,88.46,81.42,84,95,89,87,66,65,61,92,2,4,6,1,3,8,Technical,Cloud,Logical,5,5,Yes,Python,Cloud Operations Engineer
S0356,18,Female,89.41,68.88,63,87,48,91,61,77,77,81,8,3,3,3,1,3,Technical,Web,Logical,1,5,Yes,Python,Junior Web Developer
S0515,20,Female,80.27,83.69,88,70,54,92,69,37,94,94,9,6,2,1,5,6,Technical,Web,Logical,2,1,Yes,DBMS,Full Stack Developer
S0346,20,Female,81.19,65.75,89,83,54,77,51,78,69,91,10,3,6,2,2,6,Technical,Web,Logical,2,2,Yes,Python,Junior Web Developer
S0275,19,Female,86.78,73.97,54,56,57,45,58,36,57,72,6,5,5,2,3,2,Technical,AI-ML,Logical,3,5,Yes,Statistics,AI/ML Engineer Trainee
S0850,19,Male,99.0,77.57,86,95,95,74,43,73,61,96,8,2,1,4,5,5,Technical,Web,Analytical,1,4,No,Python,Quality Assurance Tester
S1041,20,Female,84.23,81.42,90,82,83,79,36,70,55,86,2,5,7,1,5,4,Technical,Data,Logical,0,3,No,DBMS,Database Administrator
S0156,18,Male,75.18,88.65,72,86,78,97,42,46,76,76,10,3,1,3,5,5,Technical,AI-ML,Logical,3,1,No,Math,Junior ML Engineer
S0814,20,Female,80.6,82.86,73,77,64,65,45,35,63,81,8,2,6,5,3,2,Technical,Web,Analytical,5,1,No,Web,Quality Assurance Tester
S0084,21,Male,83.34,75.43,55,61,84,57,42,34,95,77,2,6,1,3,1,5,Analytical,Data,Analytical,0,1,No,Python,Associate Data Analyst
S0026,21,Female,79.62,83.92,53,54,87,51,67,44,60,97,2,5,1,5,6,5,Analytical,AI-ML,Analytical,1,5,Yes,DBMS,Junior Data Scientist
S0018,21,Male,68.82,67.09,70,43,77,84,46,55,57,100,3,3,9,2,6,1,Analytical,Data,Analytical,2,3,Yes,Statistics,Junior Data Scientist
S0331,18,Male,90.21,84.25,86,80,94,89,64,71,88,78,7,6,2,2,1,3,Technical,Web,Logical,0,1,No,Web,Junior Web Developer
S0542,19,Female,79.85,72.08,58,65,92,66,52,45,67,99,3,3,5,6,1,1,Technical,Web,Logical,4,2,No,Math,Full Stack Developer
S0710,19,Male,64.65,69.14,75,64,74,66,91,67,72,51,1,10,6,2,2,1,Creative,Web,Creative,2,2,No,Web,UI/UX Designer
S0662,17,Female,87.68,68.65,90,66,77,84,37,36,66,72,1,4,1,3,10,3,Technical,Security,Logical,1,1,No,DBMS,Security Analyst Trainee
S0989,18,Male,82.7,75.47,60,69,85,71,49,74,67,74,4,4,4,4,4,9,Technical,Cloud,Logical,2,5,Yes,DBMS,Junior DevOps Engineer
S0210,20,Female,79.74,59.85,88,73,58,83,57,62,69,91,5,3,7,5,5,4,Technical,AI-ML,Logical,1,1,No,Math,AI/ML Engineer Trainee
S0224,20,Female,97.36,85.95,92,83,88,70,74,46,94,75,6,4,10,1,4,3,Technical,AI-ML,Logical,2,1,No,Math,AI/ML Engineer Trainee
S0698,19,Female,84.39,85.51,52,61,66,48,76,59,54,70,5,3,6,3,2,2,Creative,Security,Creative,5,3,No,Web,UI/UX Designer
S0685,20,Female,75.63,73.88,92,73,69,70,58,66,64,73,2,2,1,5,9,3,Technical,Security,Logical,1,4,No,DBMS,Security Analyst Trainee
S0223,20,Female,76.09,72.41,91,67,54,79,67,80,56,79,1,2,9,4,2,3,Technical,AI-ML,Logical,1,4,Yes,Math,AI/ML Engineer Trainee
S0968,17,Female,86.43,76.17,93,75,65,80,43,62,85,81,5,2,5,2,6,8,Technical,Cloud,Logical,2,4,No,Python,Junior DevOps Engineer
S0376,20,Male,62.15,60.77,45,72,62,82,91,76,53,65,5,7,3,1,6,5,Creative,Web,Creative,1,3,Yes,Web,Frontend Developer
S0647,19,Male,75.74,73.81,100,83,90,86,49,68,98,81,2,4,2,4,8,2,Technical,Security,Logical,3,4,No,DBMS,Security Analyst Trainee
S0050,20,Male,74.86,89.54,79,75,82,81,56,36,65,71,3,5,9,1,2,6,Analytical,Data,Analytical,2,4,Yes,Python,Junior Data Scientist
S0543,21,Female,76.52,87.55,58,47,74,62,84,45,73,73,6,4,2,3,5,5,Technical,Web,Logical,3,3,No,Statistics,Full Stack Developer
S0983,18,Female,89.59,94.59,94,69,89,70,45,55,79,75,3,3,5,5,5,7,Technical,Cloud,Logical,1,2,No,DBMS,Junior DevOps Engineer
S0654,17,Male,99.0,87.16,84,75,70,97,69,78,89,96,4,2,3,2,8,4,Technical,Security,Logical,4,1,No,DBMS,Security Analyst Trainee
S1012,22,Female,91.04,77.78,78,81,68,96,81,67,71,91,3,3,9,3,1,6,Technical,Data,Logical,3,4,No,DBMS,Database Administrator
S0618,19,Male,92.75,78.81,90,81,54,89,52,61,79,86,1,2,6,1,3,7,Technical,Cloud,Logical,4,1,No,DBMS,Cloud Operations Engineer
S0413,20,Female,69.16,81.04,54,79,57,77,89,63,76,84,5,9,3,2,4,3,Creative,Web,Creative,2,3,No,Web,Frontend Developer
S0665,18,Female,75.02,72.8,65,80,49,74,59,69,58,80,6,1,1,6,9,5,Technical,Security,Logical,3,0,No,DBMS,Security Analyst Trainee
S0858,18,Male,85.62,73.85,74,72,88,74,81,95,98,65,6,4,6,10,3,2,Management,Data,Leader,1,2,No,Statistics,Junior Business Analyst
S0076,19,Male,78.23,56.76,92,77,79,59,38,32,70,76,1,3,7,2,2,5,Analytical,Data,Analytical,2,5,Yes,Statistics,Associate Data Analyst
S0934,18,Female,72.3,79.6,80,98,95,98,38,36,76,70,6,2,1,1,4,9,Technical,Cloud,Logical,4,2,No,DBMS,Junior DevOps Engineer
S0322,19,Female,87.29,73.3,80,72,47,70,68,41,68,70,9,5,1,4,2,4,Technical,Web,Logical,5,4,No,Web,Junior Web Developer
S0468,19,Male,77.09,89.68,77,90,49,100,70,69,69,80,10,2,6,3,1,4,Technical,Web,Logical,0,3,Yes,Python,Backend Developer
S1051,19,Male,78.89,92.85,100,67,69,75,38,65,72,77,5,3,10,5,5,4,Technical,Data,Logical,2,4,No,DBMS,Database Administrator
S0677,20,Female,97.26,73.47,65,93,57,92,72,43,80,79,2,6,1,6,7,1,Technical,Security,Logical,4,3,No,DBMS,Security Analyst Trainee
S0679,20,Female,78.23,77.85,73,94,69,89,66,61,74,88,5,6,3,1,8,2,Technical,Security,Logical,1,1,No,DBMS,Security Analyst Trainee
S0051,19,Male,76.89,79.59,86,41,85,89,58,45,89,78,6,4,8,5,6,6,Analytical,Data,Analytical,2,2,No,Python,Junior Data Scientist
S0020,17,Female,94.78,63.51,60,40,88,44,39,36,60,87,5,2,6,3,5,3,Analytical,Web,Analytical,2,2,No,DBMS,Junior Data Scientist
S0649,18,Male,69.2,60.69,88,98,74,80,80,63,64,95,3,4,2,3,9,4,Technical,Security,Logical,2,1,Yes,DBMS,Security Analyst Trainee
S0730,17,Female,83.34,92.25,77,80,83,90,85,79,55,83,1,8,5,4,3,6,Creative,Web,Creative,2,2,No,Web,UI/UX Designer
S0052,19,Female,74.84,67.62,50,60,68,70,82,38,83,98,4,5,4,1,2,5,Analytical,Data,Analytical,3,2,No,Statistics,Junior Data Scientist
S0122,19,Male,79.57,99.0,97,71,62,80,61,40,67,100,6,6,9,1,3,1,Analytical,Data,Analytical,0,6,Yes,Statistics,Associate Data Analyst
S0292,18,Male,73.23,67.04,83,77,61,70,68,80,100,79,6,2,9,6,4,4,Technical,AI-ML,Logical,1,5,Yes,Math,AI/ML Engineer Trainee
S0972,19,Male,92.71,72.48,75,78,46,99,39,58,62,100,6,3,4,3,5,8,Technical,Cloud,Logical,1,2,No,Python,Junior DevOps Engineer
S0293,21,Female,88.91,75.0,78,87,93,76,80,67,81,91,5,4,8,6,2,5,Technical,AI-ML,Logical,3,5,Yes,Math,AI/ML Engineer Trainee
S0063,17,Male,88.23,67.44,96,72,90,67,36,64,58,95,3,5,10,3,3,6,Analytical,Data,Analytical,2,3,No,DBMS,Associate Data Analyst
S0749,20,Female,65.83,73.06,72,44,77,68,91,59,71,89,3,8,1,5,3,6,Creative,Web,Creative,2,2,No,Web,UI/UX Designer
S0825,19,Male,76.03,89.77,77,80,55,82,67,39,65,87,7,2,6,1,2,5,Technical,Web,Analytical,1,2,No,Python,Quality Assurance Tester
S0146,18,Male,79.53,72.39,96,70,93,73,53,70,94,98,9,3,2,5,3,6,Technical,AI-ML,Logical,1,3,Yes,Python,Junior ML Engineer
S0826,20,Female,86.41,82.67,93,81,54,78,64,33,82,76,9,5,6,2,5,6,Technical,Web,Analytical,1,3,Yes,Python,Quality Assurance Tester
S0201,21,Female,82.41,70.13,88,66,67,76,54,79,78,94,9,3,4,4,3,4,Technical,AI-ML,Logical,2,3,No,Python,Junior ML Engineer
S0851,22,Male,70.8,90.81,80,67,88,57,51,34,95,85,9,2,2,3,6,6,Technical,Web,Analytical,2,1,Yes,Python,Quality Assurance Tester
S0011,19,Female,78.62,78.32,72,52,46,87,60,54,87,92,1,1,10,5,6,1,Analytical,Data,Analytical,1,1,No,Python,Junior Data Scientist
S0453,20,Male,95.51,75.11,82,76,64,72,60,59,65,73,8,6,1,4,5,2,Technical,Web,Logical,4,4,No,DBMS,Backend Developer
S0548,22,Female,71.1,89.93,69,81,94,70,48,63,57,76,7,2,5,5,5,4,Technical,Web,Logical,3,3,No,Web,Full Stack Developer
S0311,20,Male,71.38,71.1,87,91,76,87,84,35,53,74,10,3,4,1,4,1,Technical,Web,Logical,2,4,No,Python,Junior Web Developer
S0278,21,Other,85.76,80.34,83,72,73,71,85,43,81,94,4,3,10,2,5,3,Technical,AI-ML,Logical,1,4,No,Python,AI/ML Engineer Trainee
S0212,17,Male,97.36,70.07,93,83,57,80,74,39,55,78,6,3,7,5,3,2,Technical,AI-ML,Logical,4,1,No,Math,AI/ML Engineer Trainee
S0605,22,Other,68.52,83.51,83,91,69,70,81,65,63,77,2,5,3,5,6,9,Technical,Cloud,Logical,2,4,No,Python,Cloud Operations Engineer
S0491,21,Male,80.36,75.28,79,66,89,77,84,72,89,99,8,5,2,2,5,6,Technical,Web,Logical,0,1,No,DBMS,Full Stack Developer
S0437,20,Female,93.95,92.25,66,86,69,89,74,46,69,92,9,3,1,6,5,6,Technical,Web,Logical,2,5,Yes,Python,Backend Developer
S0362,20,Male,80.54,65.58,54,42,88,82,93,48,63,74,1,9,4,6,6,1,Creative,Web,Creative,1,2,No,Web,Frontend Developer
S0106,21,Female,80.76,70.89,79,50,95,65,53,56,61,80,2,1,9,3,3,3,Analytical,Data,Analytical,1,2,No,Statistics,Associate Data Analyst
S0878,20,Male,76.36,76.41,55,67,77,58,70,84,75,80,3,2,3,1,1,4,Management,Cloud,Leader,2,3,No,DBMS,Junior Business Analyst
S0879,20,Female,74.65,71.36,58,56,76,86,42,91,94,54,1,3,2,8,4,6,Management,Data,Leader,1,0,No,DBMS,Junior Business Analyst
S0816,19,Other,84.42,82.8,84,71,48,78,46,52,53,90,9,1,3,4,4,5,Technical,Web,Analytical,1,2,No,Web,Quality Assurance Tester
S0374,19,Female,74.94,73.07,73,61,79,61,76,41,57,64,2,8,6,3,1,2,Creative,Web,Creative,3,0,No,Web,Frontend Developer
S0209,19,Male,81.94,57.26,83,74,93,78,46,69,51,100,8,5,5,3,3,5,Technical,AI-ML,Logical,1,6,Yes,Python,Junior ML Engineer
S0377,18,Male,89.6,79.24,56,40,74,71,86,42,100,60,1,9,3,2,6,4,Creative,Web,Creative,3,2,No,Web,Frontend Developer
S0944,20,Male,78.38,75.53,63,91,90,73,70,44,64,85,3,6,1,1,6,7,Technical,Cloud,Logical,1,5,Yes,DBMS,Junior DevOps Engineer
S0240,20,Male,71.55,81.63,97,84,74,80,52,59,62,83,1,2,10,1,2,3,Technical,AI-ML,Logical,3,1,No,Python,AI/ML Engineer Trainee
S0479,18,Female,71.43,64.67,85,87,45,77,36,42,90,93,7,2,2,6,3,3,Technical,Web,Logical,1,0,No,Python,Backend Developer
S0128,17,Male,75.53,89.31,63,40,49,70,82,38,93,75,5,1,10,1,3,5,Analytical,Data,Analytical,1,2,No,DBMS,Associate Data Analyst
S0724,17,Female,68.64,73.34,63,50,93,66,84,52,64,61,3,6,2,3,3,6,Creative,Data,Creative,1,3,No,Statistics,UI/UX Designer
S1002,20,Female,85.38,63.11,85,95,69,88,45,60,64,88,6,4,7,6,6,3,Technical,Data,Logical,3,4,No,DBMS,Database Administrator
S0410,18,Male,76.68,67.31,68,72,78,71,77,31,92,59,3,9,2,4,2,3,Creative,Web,Creative,1,2,No,Web,Frontend Developer
S1009,17,Male,83.89,86.64,64,92,79,81,56,43,73,95,3,4,7,2,6,2,Technical,Data,Logical,3,1,No,DBMS,Database Administrator
S0129,20,Male,73.96,90.84,94,49,59,83,78,67,65,83,4,6,9,4,4,1,Analytical,Data,Analytical,5,4,No,Statistics,Associate Data Analyst
S0086,20,Female,92.09,67.4,74,72,94,79,62,48,87,92,3,6,8,1,2,2,Analytical,Data,Analytical,3,3,No,DBMS,Associate Data Analyst
S0962,18,Female,85.58,79.17,99,73,94,83,85,62,71,93,6,6,1,3,2,7,Technical,Cloud,Logical,1,3,No,Python,Junior DevOps Engineer
S0457,19,Male,84.6,71.11,64,82,95,92,59,34,81,78,7,1,3,6,5,3,Technical,Web,Logical,3,2,No,Python,Backend Developer
S0849,19,Female,82.32,61.05,62,88,82,88,47,64,67,93,8,3,3,6,3,6,Technical,Web,Analytical,4,1,No,Web,Quality Assurance Tester
S1045,18,Male,90.97,70.61,84,80,64,100,77,53,87,95,3,4,9,6,5,4,Technical,Data,Logical,2,1,No,DBMS,Database Administrator
S1005,21,Male,73.17,76.19,64,98,62,78,74,47,83,82,4,1,8,1,2,6,Technical,Data,Logical,1,3,Yes,DBMS,Database Administrator
S0828,21,Male,76.5,77.31,65,96,66,55,76,48,67,85,10,4,3,6,1,1,Technical,Web,Analytical,1,4,No,Python,Quality Assurance Tester
S0095,22,Male,83.96,86.02,74,60,89,75,83,50,75,85,3,1,10,6,5,3,Analytical,Data,Analytical,1,0,No,Statistics,Associate Data Analyst
S0060,22,Male,67.47,92.69,72,79,76,58,83,54,67,87,4,2,8,3,2,3,Analytical,Data,Analytical,3,4,No,Statistics,Junior Data Scientist
S0696,20,Female,95.12,87.9,99,74,71,88,82,51,84,100,1,3,1,6,10,2,Technical,Security,Logical,1,2,No,DBMS,Security Analyst Trainee
S0990,21,Male,82.66,77.75,76,83,47,98,75,52,67,94,2,2,8,1,2,3,Technical,Data,Logical,3,2,No,DBMS,Database Administrator
S0519,21,Male,87.32,83.17,85,94,84,78,37,56,57,100,10,2,4,2,1,5,Technical,Web,Logical,1,4,No,Python,Full Stack Developer
S0920,18,Male,88.59,89.36,63,93,76,87,44,36,87,71,5,1,6,2,3,10,Technical,Cloud,Logical,2,4,No,Python,Junior DevOps Engineer
S0796,17,Male,69.81,81.75,49,65,67,62,72,55,94,80,4,1,3,1,1,1,Technical,Security,Analytical,0,4,Yes,Statistics,Quality Assurance Tester
S0184,19,Female,88.44,83.48,59,52,48,55,73,37,57,86,4,6,4,1,3,6,Technical,Cloud,Logical,3,2,Yes,Math,Junior ML Engineer
S0394,20,Female,86.86,81.57,59,59,63,56,75,53,91,73,1,7,3,1,4,3,Creative,Web,Creative,0,1,No,Web,Frontend Developer
S0351,17,Female,87.5,93.71,64,79,83,70,64,32,52,73,8,2,6,3,3,4,Technical,Web,Logical,1,1,No,Python,Junior Web Developer
S0809,21,Male,87.3,86.02,86,87,78,68,72,62,57,81,10,5,1,3,1,6,Technical,Web,Analytical,1,3,Yes,Web,Quality Assurance Tester
S0404,22,Male,77.27,87.98,81,65,88,82,89,65,87,70,5,9,1,6,4,1,Creative,Web,Creative,2,2,No,Web,Frontend Developer
S0986,21,Male,97.87,88.59,98,93,47,70,50,33,56,96,5,6,5,5,2,10,Technical,Cloud,Logical,0,2,No,Python,Junior DevOps Engineer
S0520,19,Male,90.24,88.86,68,68,64,77,81,80,98,98,9,4,6,5,5,5,Technical,Web,Logical,2,3,No,Web,Full Stack Developer
S0830,18,Male,75.28,70.59,84,71,62,70,35,48,52,90,10,1,3,2,4,1,Technical,Web,Analytical,4,4,No,Web,Quality Assurance Tester
S0658,19,Male,69.86,55.0,89,84,86,84,63,80,56,95,2,2,1,2,9,4,Technical,Security,Logical,2,4,No,DBMS,Security Analyst Trainee
S0927,20,Female,80.22,91.79,85,89,69,97,41,79,96,99,6,1,5,4,6,10,Technical,Cloud,Logical,4,3,No,Python,Junior DevOps Engineer
S0609,19,Female,79.35,77.0,64,99,48,85,61,71,70,82,1,1,5,1,4,9,Technical,Cloud,Logical,4,3,No,DBMS,Cloud Operations Engineer
S0375,20,Female,77.72,73.8,53,74,58,58,100,63,55,63,4,10,4,2,4,5,Creative,Web,Creative,3,3,No,Web,Frontend Developer
S0997,21,Female,84.33,63.72,68,73,79,85,60,50,66,100,4,6,10,5,3,3,Technical,Data,Logical,2,4,No,DBMS,Database Administrator
S0667,20,Female,77.84,85.26,92,80,93,74,37,51,67,77,4,5,4,2,8,1,Technical,Security,Logical,1,4,No,DBMS,Security Analyst Trainee
S0504,18,Female,74.07,84.91,76,85,51,91,63,69,98,98,9,6,5,6,2,1,Technical,Web,Logical,5,3,No,Python,Full Stack Developer
S0175,17,Female,72.04,74.63,88,100,86,96,81,51,58,75,10,1,5,5,2,3,Technical,AI-ML,Logical,2,5,Yes,Python,Junior ML Engineer
S0395,17,Male,80.9,83.13,62,71,91,81,83,33,67,84,4,10,2,2,6,1,Creative,Web,Creative,1,5,Yes,Web,Frontend Developer
S0910,18,Male,70.21,69.91,69,68,71,58,76,76,62,81,3,2,4,10,4,1,Management,Data,Leader,5,3,Yes,Statistics,Junior Business Analyst
S0318,20,Male,72.77,59.0,100,87,72,93,35,74,65,86,10,5,6,6,4,5,Technical,Web,Logical,2,2,Yes,Web,Junior Web Developer
S0502,20,Male,80.93,61.16,75,66,57,94,59,55,52,86,10,6,5,1,4,5,Technical,Web,Logical,3,6,Yes,Python,Full Stack Developer
S1035,18,Male,80.36,66.36,61,56,80,70,42,76,66,71,2,5,6,2,4,3,Technical,Data,Logical,4,3,Yes,Python,Database Administrator
S0948,18,Other,81.14,85.68,90,72,66,82,43,48,97,94,1,3,4,1,2,7,Technical,Cloud,Logical,2,2,No,DBMS,Junior DevOps Engineer
S0670,18,Female,98.18,82.4,75,66,58,79,62,80,66,93,2,3,6,5,10,3,Technical,Security,Logical,1,2,No,DBMS,Security Analyst Trainee
S0093,23,Male,88.63,64.96,65,46,80,67,59,77,65,81,4,3,2,1,4,4,Analytical,AI-ML,Analytical,3,3,No,Web,Associate Data Analyst
S0185,20,Female,77.45,77.31,49,52,92,67,36,39,50,99,6,5,6,3,5,4,Technical,Security,Logical,1,3,No,Python,Junior ML Engineer
S0107,19,Male,80.89,75.45,78,74,82,69,69,80,85,92,3,1,7,1,3,6,Analytical,Data,Analytical,1,3,No,Statistics,Associate Data Analyst
S0900,21,Male,74.65,66.09,77,50,70,66,61,72,89,56,4,2,5,8,4,5,Management,Data,Leader,2,0,No,DBMS,Junior Business Analyst
S0645,19,Female,72.5,94.06,90,85,64,82,79,45,66,70,4,6,1,4,10,1,Technical,Security,Logical,0,2,No,DBMS,Security Analyst Trainee
S0138,20,Other,90.77,80.82,89,90,84,72,48,51,51,73,10,1,1,6,2,1,Technical,AI-ML,Logical,2,4,No,Python,Junior ML Engineer
S0263,22,Male,79.49,91.84,69,86,63,89,43,37,78,93,2,5,10,6,5,2,Technical,AI-ML,Logical,2,0,No,Math,AI/ML Engineer Trainee
S0843,18,Female,75.15,82.21,95,68,85,68,54,64,60,93,10,3,3,6,4,4,Technical,Web,Analytical,2,5,Yes,Python,Quality Assurance Tester
S0712,21,Male,83.73,77.9,50,50,90,57,95,53,60,60,1,9,5,5,2,1,Creative,Web,Creative,1,2,No,Web,UI/UX Designer
S0476,17,Male,82.77,84.31,90,93,54,76,49,67,79,96,10,3,6,6,3,5,Technical,Web,Logical,3,5,Yes,Python,Backend Developer
S0970,20,Male,94.1,71.26,72,73,58,71,68,63,59,71,2,1,6,3,5,10,Technical,Cloud,Logical,4,3,No,DBMS,Junior DevOps Engineer
S0612,18,Female,74.92,85.55,69,80,50,88,56,31,69,72,1,3,2,5,4,10,Technical,Cloud,Logical,2,0,Yes,DBMS,Cloud Operations Engineer
S0768,19,Female,96.77,78.41,52,47,79,64,79,42,66,55,1,8,3,2,3,1,Creative,Web,Creative,5,1,No,Web,UI/UX Designer
S0941,21,Other,92.18,69.06,66,69,57,80,82,60,67,74,3,5,2,3,2,7,Technical,Cloud,Logical,2,4,No,Python,Junior DevOps Engineer
S0856,19,Female,94.47,90.46,72,54,70,69,84,81,58,54,5,1,2,9,2,2,Management,Data,Leader,3,2,No,Statistics,Junior Business Analyst
S0147,18,Female,81.22,57.39,79,91,67,70,59,75,96,100,7,1,3,2,4,5,Technical,AI-ML,Logical,7,5,Yes,Python,Junior ML Engineer
S0030,20,Male,80.16,77.05,91,43,51,66,72,70,95,85,5,3,10,5,1,1,Analytical,Data,Analytical,3,5,Yes,Math,Junior Data Scientist
S0550,19,Male,99.0,63.38,75,100,56,85,47,59,80,84,9,5,3,5,1,1,Technical,Web,Logical,4,0,Yes,DBMS,Full Stack Developer
S0705,19,Male,92.03,73.77,51,76,72,56,86,39,63,78,4,7,1,3,2,2,Creative,Web,Creative,1,2,Yes,Web,UI/UX Designer
S0573,20,Male,92.98,72.33,48,55,57,53,79,59,95,82,2,2,1,6,1,4,Technical,Data,Logical,1,5,Yes,DBMS,Cloud Operations Engineer
S0672,17,Female,73.73,61.74,93,77,82,99,58,62,87,80,6,5,6,6,8,2,Technical,Security,Logical,1,4,No,DBMS,Security Analyst Trainee
S0358,19,Female,79.52,55.0,61,53,59,44,77,55,94,70,3,2,4,4,3,3,Creative,Cloud,Creative,1,4,No,DBMS,Frontend Developer
S1020,18,Male,79.62,79.18,95,96,85,72,84,53,51,81,5,1,8,1,1,4,Technical,Data,Logical,3,6,Yes,DBMS,Database Administrator
S0139,21,Female,82.58,70.16,74,77,58,96,59,71,92,71,8,1,3,3,3,6,Technical,AI-ML,Logical,3,2,No,Python,Junior ML Engineer
S0135,18,Male,85.35,73.43,41,45,68,45,66,44,77,81,2,3,6,1,3,1,Technical,Security,Logical,4,1,Yes,Python,Junior ML Engineer
S0868,23,Male,79.82,65.57,68,68,70,57,40,71,81,74,5,6,4,9,4,2,Management,Data,Leader,4,1,No,Statistics,Junior Business Analyst
S0606,22,Female,67.12,72.41,68,68,86,74,65,73,52,81,5,5,5,5,1,7,Technical,Cloud,Logical,3,4,No,DBMS,Cloud Operations Engineer
S0196,19,Female,93.06,78.64,77,66,45,74,67,45,52,90,7,1,2,4,2,6,Technical,AI-ML,Logical,1,3,No,Python,Junior ML Engineer
S0591,17,Female,90.76,76.94,79,76,45,80,55,58,74,81,5,2,1,6,1,7,Technical,Cloud,Logical,1,3,No,Python,Cloud Operations Engineer
S0556,20,Male,79.92,55.0,67,77,67,90,47,79,65,96,10,6,1,4,6,3,Technical,Web,Logical,1,2,No,Web,Full Stack Developer
S1022,21,Female,74.09,69.91,73,89,87,76,70,72,85,98,4,6,9,2,1,3,Technical,Data,Logical,4,5,Yes,DBMS,Database Administrator
S0744,23,Male,69.2,75.68,49,60,71,68,79,61,68,66,3,10,2,5,1,6,Creative,Web,Creative,1,1,Yes,Web,UI/UX Designer
S0097,19,Female,86.33,77.13,85,48,94,64,84,69,78,91,4,5,10,5,4,3,Analytical,Data,Analytical,1,4,No,DBMS,Associate Data Analyst
S0643,20,Male,78.18,87.31,67,76,71,97,64,68,82,83,6,2,2,6,7,1,Technical,Security,Logical,0,1,No,DBMS,Security Analyst Trainee
S0282,23,Female,79.5,94.49,78,69,94,99,36,59,53,76,1,1,9,5,1,4,Technical,AI-ML,Logical,2,5,Yes,Math,AI/ML Engineer Trainee
S0245,20,Female,71.03,59.41,75,94,56,90,71,47,61,71,4,1,9,1,4,4,Technical,AI-ML,Logical,1,1,No,Math,AI/ML Engineer Trainee
S0762,19,Male,75.1,91.78,83,61,93,78,81,42,80,77,5,9,4,4,2,3,Creative,Web,Creative,1,4,No,Web,UI/UX Designer
S0177,19,Male,78.14,91.49,89,74,52,81,79,44,71,83,9,4,6,1,2,6,Technical,AI-ML,Logical,1,6,Yes,Python,Junior ML Engineer
S0301,17,Other,65.44,82.14,91,71,62,91,65,41,95,91,7,4,2,3,5,6,Technical,Web,Logical,0,1,No,Python,Junior Web Developer
S0882,18,Female,76.63,62.37,80,75,77,70,42,78,83,69,1,2,6,7,5,5,Management,Data,Leader,2,4,No,Statistics,Junior Business Analyst
S0226,25,Female,72.25,77.13,73,76,88,88,67,31,89,78,1,5,7,6,1,3,Technical,AI-ML,Logical,2,2,No,Python,AI/ML Engineer Trainee
S0690,18,Female,86.46,85.68,63,99,76,96,74,54,88,89,5,3,3,2,10,6,Technical,Security,Logical,3,1,No,DBMS,Security Analyst Trainee
S0010,18,Female,80.21,88.41,98,80,49,71,55,51,90,98,4,4,10,4,1,6,Analytical,Data,Analytical,2,6,Yes,Python,Junior Data Scientist
S0092,17,Male,74.46,84.67,63,40,87,69,61,75,59,83,2,5,9,5,6,6,Analytical,Data,Analytical,2,3,No,DBMS,Associate Data Analyst
S0810,21,Female,85.5,79.64,100,71,86,83,45,59,64,74,9,5,6,4,6,1,Technical,Web,Analytical,1,4,No,Web,Quality Assurance Tester
S1025,20,Male,79.02,77.15,68,96,49,96,85,58,51,76,6,5,7,4,5,6,Technical,Data,Logical,3,1,No,DBMS,Database Administrator
S0450,22,Other,78.28,73.31,66,96,67,74,67,38,95,91,9,5,5,2,4,1,Technical,Web,Logical,5,2,Yes,Python,Backend Developer
S0875,19,Male,84.11,69.86,73,41,76,66,64,93,52,86,5,2,2,10,4,1,Management,Data,Leader,1,1,No,Statistics,Junior Business Analyst
S0731,18,Male,79.79,66.21,64,66,56,79,81,39,83,74,1,8,5,3,5,4,Creative,Web,Creative,1,2,No,Web,UI/UX Designer
S0339,19,Female,83.29,91.09,92,95,88,91,52,54,72,93,10,3,1,6,4,2,Technical,Web,Logical,3,1,No,Web,Junior Web Developer
S0684,19,Male,84.58,70.43,62,82,59,97,45,64,69,91,2,5,5,6,7,3,Technical,Security,Logical,2,2,No,DBMS,Security Analyst Trainee
S0945,20,Female,74.0,74.62,86,99,51,86,49,30,67,73,4,1,4,6,6,10,Technical,Cloud,Logical,3,4,No,Python,Junior DevOps Engineer
S0517,19,Female,86.05,65.36,79,84,92,98,50,41,98,72,9,4,5,2,3,1,Technical,Web,Logical,1,1,No,DBMS,Full Stack Developer
S0586,21,Female,78.98,72.99,100,72,91,74,44,71,58,74,6,5,6,5,4,10,Technical,Cloud,Logical,2,2,Yes,Python,Cloud Operations Engineer
S0819,19,Male,77.03,80.85,80,83,51,89,55,66,73,75,7,2,4,6,1,1,Technical,Web,Analytical,1,8,Yes,Web,Quality Assurance Tester
S0379,17,Other,90.42,80.34,47,58,73,60,87,70,82,71,4,10,6,3,3,4,Creative,Web,Creative,1,1,No,Web,Frontend Developer
S0798,20,Male,80.6,82.54,76,95,54,67,66,64,89,95,9,2,5,4,6,5,Technical,Web,Analytical,2,0,No,Web,Quality Assurance Tester
S0427,19,Male,79.84,70.99,98,89,89,87,83,50,51,84,8,2,1,3,6,4,Technical,Web,Logical,1,2,No,Python,Backend Developer
S0641,18,Male,78.6,75.19,100,84,55,75,40,64,62,84,5,3,4,5,10,3,Technical,Security,Logical,3,2,No,DBMS,Security Analyst Trainee
S1031,22,Female,80.52,83.87,97,66,47,90,81,44,59,95,3,3,10,2,1,3,Technical,Data,Logical,3,1,Yes,DBMS,Database Administrator
S0863,18,Male,84.03,68.98,77,59,91,89,44,88,59,87,5,4,4,10,1,3,Management,Data,Leader,3,1,No,Statistics,Junior Business Analyst
S0312,21,Female,81.08,83.19,85,97,87,86,79,35,76,77,8,1,3,6,4,5,Technical,Web,Logical,1,4,No,Python,Junior Web Developer
S0673,22,Female,80.1,71.15,62,88,82,78,82,48,53,99,4,1,2,4,9,6,Technical,Security,Logical,1,5,Yes,DBMS,Security Analyst Trainee
S0083,18,Female,76.76,79.77,93,55,81,88,53,59,85,85,3,4,7,2,3,2,Analytical,Data,Analytical,1,2,No,DBMS,Associate Data Analyst
S0758,17,Male,86.53,81.14,44,52,66,49,86,35,79,64,5,2,5,6,4,4,Creative,Data,Creative,1,1,Yes,Python,UI/UX Designer
S0637,24,Female,75.92,59.37,94,81,49,100,58,53,97,76,1,2,5,6,10,6,Technical,Security,Logical,1,2,No,DBMS,Security Analyst Trainee
S0463,19,Male,78.98,70.93,86,86,90,94,60,31,80,86,9,3,1,1,3,2,Technical,Web,Logical,5,2,Yes,DBMS,Backend Developer
S0718,23,Male,82.62,58.78,70,57,71,84,90,72,87,70,3,8,1,3,6,5,Creative,Web,Creative,4,5,Yes,Web,UI/UX Designer
S0772,19,Female,85.34,89.6,92,88,54,73,49,56,73,76,8,3,1,4,6,3,Technical,Web,Analytical,4,3,No,Web,Quality Assurance Tester
S0412,21,Other,63.08,84.97,70,48,78,79,79,62,66,86,5,9,3,4,3,2,Creative,Web,Creative,1,7,Yes,Web,Frontend Developer
S0396,20,Male,80.73,73.98,47,79,88,81,92,75,84,61,4,7,2,3,5,5,Creative,Web,Creative,2,2,No,Web,Frontend Developer
S0854,20,Female,86.01,87.48,68,64,90,62,48,74,95,85,5,1,4,10,2,3,Management,Data,Leader,1,5,Yes,DBMS,Junior Business Analyst
S0629,18,Male,91.63,87.73,66,86,84,70,78,49,79,99,4,2,6,3,1,8,Technical,Cloud,Logical,0,3,No,DBMS,Cloud Operations Engineer
S0155,19,Female,64.46,78.11,86,93,62,73,49,50,60,95,8,3,1,3,2,2,Technical,AI-ML,Logical,0,1,No,Python,Junior ML Engineer
S0429,18,Female,55.48,73.64,99,74,47,79,83,39,80,72,10,1,1,2,3,2,Technical,Web,Logical,4,3,No,DBMS,Backend Developer
S0179,17,Female,78.61,68.87,68,47,66,57,53,69,87,88,1,5,3,2,1,3,Technical,Web,Logical,2,4,Yes,Math,Junior ML Engineer
S0784,20,Male,85.9,82.76,70,85,54,83,72,48,59,87,9,3,2,3,5,5,Technical,Web,Analytical,3,6,Yes,Python,Quality Assurance Tester
S0248,20,Male,72.09,80.92,92,95,64,100,78,44,90,99,6,4,10,5,3,6,Technical,AI-ML,Logical,4,4,No,Math,AI/ML Engineer Trainee
S0767,18,Female,84.21,85.82,79,71,92,88,97,70,73,54,4,10,1,4,4,1,Creative,Web,Creative,4,1,No,Web,UI/UX Designer
S0315,18,Male,78.67,82.02,62,96,67,80,61,70,96,93,9,2,3,5,1,6,Technical,Web,Logical,3,5,Yes,Python,Junior Web Developer
S0981,18,Female,90.24,83.3,79,100,83,90,72,38,85,76,5,3,3,1,3,8,Technical,Cloud,Logical,1,1,No,DBMS,Junior DevOps Engineer
S0150,17,Other,91.85,80.37,65,98,84,97,45,61,89,100,7,2,3,3,6,6,Technical,AI-ML,Logical,1,1,No,Python,Junior ML Engineer
S0897,17,Male,78.28,67.19,70,59,96,87,73,71,87,52,6,2,3,8,4,3,Management,Data,Leader,2,4,Yes,DBMS,Junior Business Analyst
S0569,19,Other,70.92,90.36,84,82,95,72,55,75,83,77,8,6,2,6,2,2,Technical,Web,Logical,2,1,No,DBMS,Full Stack Developer
S0593,17,Female,74.13,78.4,89,87,57,79,50,43,98,92,6,2,1,1,5,10,Technical,Cloud,Logical,2,2,No,DBMS,Cloud Operations Engineer
S0681,20,Male,80.25,92.59,66,100,60,80,52,32,70,97,1,1,6,1,7,5,Technical,Security,Logical,1,2,No,DBMS,Security Analyst Trainee
S0418,21,Male,82.01,66.88,70,67,53,75,98,52,50,88,2,9,4,1,6,1,Creative,Web,Creative,4,2,No,Web,Frontend Developer
S1034,20,Female,70.23,92.39,88,93,67,72,76,74,95,84,5,4,9,5,4,6,Technical,Data,Logical,0,2,No,DBMS,Database Administrator
S0144,20,Female,78.28,70.71,81,92,54,81,44,68,74,93,10,2,4,4,5,2,Technical,AI-ML,Logical,3,2,No,Python,Junior ML Engineer
S0247,18,Male,75.21,92.51,76,97,84,82,37,40,54,73,1,5,9,4,6,6,Technical,AI-ML,Logical,2,2,No,Python,AI/ML Engineer Trainee
S0921,18,Male,73.14,81.26,80,74,86,86,50,67,95,81,2,3,4,4,5,7,Technical,Cloud,Logical,7,0,No,Python,Junior DevOps Engineer
S0113,20,Male,83.5,82.76,64,42,45,57,76,35,63,80,3,3,10,2,4,6,Analytical,Data,Analytical,2,2,No,Statistics,Associate Data Analyst
S0243,18,Female,73.78,93.74,84,70,48,72,68,35,93,82,2,4,9,1,6,2,Technical,AI-ML,Logical,3,1,No,Math,AI/ML Engineer Trainee
S1016,21,Female,77.53,86.75,96,77,50,88,84,78,68,97,3,2,10,4,2,3,Technical,Data,Logical,4,4,Yes,DBMS,Database Administrator
S0919,17,Female,82.56,87.18,71,66,55,87,82,58,73,93,3,6,1,5,1,9,Technical,Cloud,Logical,2,1,No,DBMS,Junior DevOps Engineer
S0017,19,Male,69.69,76.83,86,74,58,63,39,37,87,96,2,1,7,5,5,4,Analytical,Data,Analytical,2,1,No,Statistics,Junior Data Scientist
S0599,17,Male,79.64,60.9,62,42,64,58,70,78,62,76,2,4,2,3,1,5,Technical,Cloud,Logical,3,1,No,Web,Cloud Operations Engineer
S0190,19,Male,85.05,68.02,99,100,63,79,43,32,55,83,9,3,6,2,4,1,Technical,AI-ML,Logical,2,3,Yes,Python,Junior ML Engineer
S1024,18,Female,73.8,75.25,60,98,88,84,69,75,75,93,1,6,7,1,2,5,Technical,Data,Logical,5,1,No,DBMS,Database Administrator
S0748,19,Female,87.64,79.54,64,75,62,58,93,35,70,88,6,7,3,5,1,6,Creative,Web,Creative,2,2,Yes,Web,UI/UX Designer
S0239,18,Female,96.79,78.15,75,74,78,75,40,41,51,84,3,1,8,4,1,4,Technical,AI-ML,Logical,2,2,No,Math,AI/ML Engineer Trainee
S0281,20,Male,97.94,74.73,64,77,56,90,46,41,61,82,1,3,9,3,4,4,Technical,AI-ML,Logical,1,3,No,Python,AI/ML Engineer Trainee
S0231,17,Male,79.02,60.24,78,100,79,95,76,67,79,95,2,5,7,5,2,2,Technical,AI-ML,Logical,4,3,No,Python,AI/ML Engineer Trainee
S0845,19,Male,76.74,77.15,75,80,75,73,74,51,69,93,9,4,5,6,2,6,Technical,Web,Analytical,2,4,No,Python,Quality Assurance Tester
S0901,19,Other,88.0,70.94,51,70,91,78,71,71,76,55,1,5,2,10,4,1,Management,Data,Leader,1,4,No,DBMS,Junior Business Analyst
S0002,20,Male,81.28,70.1,80,47,69,76,44,41,56,86,4,1,9,1,5,1,Analytical,Data,Analytical,1,5,Yes,Math,Junior Data Scientist
S0454,21,Female,72.69,82.75,95,66,69,71,54,49,96,88,8,4,6,3,6,1,Technical,Web,Logical,1,1,No,Python,Backend Developer
S0268,20,Male,72.4,82.5,65,74,83,97,35,62,88,95,3,4,10,6,2,2,Technical,AI-ML,Logical,1,2,No,Math,AI/ML Engineer Trainee
S0365,18,Male,89.51,98.82,71,74,56,81,83,66,51,61,5,8,3,3,6,3,Creative,Web,Creative,1,5,Yes,Web,Frontend Developer
S0532,20,Female,79.27,67.23,60,73,78,94,57,42,94,74,8,4,2,3,3,5,Technical,Web,Logical,4,4,No,Web,Full Stack Developer
S0655,19,Female,79.87,77.65,88,79,55,76,83,75,57,71,1,6,2,3,7,3,Technical,Security,Logical,2,4,Yes,DBMS,Security Analyst Trainee
S0933,20,Male,88.43,75.54,94,83,48,91,39,55,54,77,6,1,1,4,1,7,Technical,Cloud,Logical,3,3,Yes,Python,Junior DevOps Engineer
S1008,18,Male,81.59,76.05,77,75,57,83,74,77,57,77,1,6,10,2,4,1,Technical,Data,Logical,2,4,Yes,DBMS,Database Administrator
S0936,20,Female,75.68,66.98,67,92,89,93,45,74,56,87,2,5,3,1,5,10,Technical,Cloud,Logical,5,5,Yes,DBMS,Junior DevOps Engineer
S0154,19,Female,82.83,75.57,76,76,91,78,54,76,61,75,7,2,4,1,6,6,Technical,AI-ML,Logical,2,4,No,Math,Junior ML Engineer
S0636,18,Female,88.81,75.15,76,78,51,92,52,61,81,71,5,3,5,1,5,8,Technical,Cloud,Logical,2,4,No,Python,Cloud Operations Engineer
S0794,20,Female,80.87,90.36,97,65,71,68,71,58,60,87,9,3,6,1,4,6,Technical,Web,Analytical,3,2,No,Web,Quality Assurance Tester
S0557,21,Female,79.59,76.74,70,44,81,47,69,71,84,73,2,1,3,1,5,5,Technical,Cloud,Logical,1,2,No,DBMS,Full Stack Developer
S0006,18,Male,78.78,76.8,89,64,59,70,53,55,53,83,2,1,7,4,1,2,Analytical,Data,Analytical,0,4,No,Statistics,Junior Data Scientist
S0288,20,Female,88.62,71.66,91,71,47,83,71,73,59,88,1,1,8,4,4,1,Technical,AI-ML,Logical,5,4,No,Math,AI/ML Engineer Trainee
S0590,22,Male,76.16,67.28,44,62,87,44,62,30,72,71,3,1,5,1,6,4,Technical,Data,Logical,3,1,No,DBMS,Cloud Operations Engineer
S1000,23,Female,75.52,78.74,100,73,87,82,63,46,91,86,3,2,9,1,1,5,Technical,Data,Logical,1,6,Yes,DBMS,Database Administrator
S0787,20,Male,80.51,75.72,42,58,60,70,44,47,57,84,3,6,6,2,4,1,Technical,Web,Analytical,0,0,No,Python,Quality Assurance Tester
S0840,17,Female,73.41,65.06,57,60,50,55,68,60,81,71,5,6,6,5,2,6,Technical,Web,Analytical,1,3,No,Web,Quality Assurance Tester
S0032,20,Female,75.21,71.11,64,58,76,61,41,76,89,84,6,3,10,5,4,4,Analytical,Data,Analytical,3,1,No,Python,Junior Data Scientist
S0834,19,Female,77.75,75.39,66,66,67,57,74,61,99,76,10,3,3,5,4,5,Technical,Web,Analytical,3,3,No,Python,Quality Assurance Tester
S0978,23,Male,89.67,99.0,70,67,62,98,39,42,65,78,2,1,2,3,2,7,Technical,Cloud,Logical,2,3,No,DBMS,Junior DevOps Engineer
S0911,20,Female,91.83,74.98,72,54,74,77,58,74,71,55,4,5,4,9,3,4,Management,Data,Leader,0,1,Yes,Statistics,Junior Business Analyst
S0072,21,Female,94.32,58.33,85,73,92,73,84,69,73,79,1,3,10,5,3,1,Analytical,Data,Analytical,1,2,No,DBMS,Associate Data Analyst
S0094,18,Male,79.31,75.02,98,74,66,83,77,77,61,76,5,1,7,5,1,1,Analytical,Data,Analytical,4,0,No,DBMS,Associate Data Analyst
S0436,22,Female,74.72,97.7,78,93,47,91,78,56,54,82,8,2,6,4,5,3,Technical,Web,Logical,1,1,No,Python,Backend Developer
S0249,21,Female,86.38,76.33,79,92,86,87,68,65,92,78,4,5,9,4,2,4,Technical,AI-ML,Logical,2,4,No,Python,AI/ML Engineer Trainee
S0101,20,Female,68.16,67.06,77,43,87,78,38,73,86,91,2,1,9,5,5,1,Analytical,Data,Analytical,4,0,No,Statistics,Associate Data Analyst
S0012,19,Female,57.79,72.17,85,75,83,64,69,71,79,94,1,3,10,2,6,3,Analytical,Data,Analytical,3,3,No,Python,Junior Data Scientist
S0719,20,Female,74.13,74.33,64,69,69,86,84,39,80,71,5,7,2,1,1,4,Creative,Web,Creative,3,1,No,Web,UI/UX Designer
S0488,21,Male,76.93,71.64,84,95,53,99,55,37,50,71,10,4,2,3,2,1,Technical,Web,Logical,2,0,No,DBMS,Full Stack Developer
S0486,18,Female,76.0,78.06,80,91,54,88,83,71,74,77,7,6,4,2,4,1,Technical,Web,Logical,0,6,Yes,Python,Backend Developer
S0929,20,Male,83.51,93.11,85,74,57,92,66,54,72,86,5,1,1,4,4,9,Technical,Cloud,Logical,1,2,No,DBMS,Junior DevOps Engineer
S0464,17,Male,80.15,94.94,86,68,56,98,61,67,68,83,8,6,4,5,1,1,Technical,Web,Logical,3,5,Yes,Python,Backend Developer
S0975,19,Female,71.41,74.99,95,71,88,75,83,66,93,89,2,2,5,6,2,10,Technical,Cloud,Logical,6,2,No,Python,Junior DevOps Engineer
S0823,22,Male,67.1,90.2,61,94,45,72,73,64,63,92,10,6,4,3,5,3,Technical,Web,Analytical,0,3,No,Python,Quality Assurance Tester
S0176,19,Male,69.06,76.76,64,69,77,72,66,70,85,70,7,3,4,6,2,4,Technical,AI-ML,Logical,2,5,Yes,Python,Junior ML Engineer
S0568,20,Male,76.05,84.98,63,89,71,100,44,64,76,83,9,6,1,2,4,4,Technical,Web,Logical,2,6,Yes,Web,Full Stack Developer
S0576,20,Male,78.03,81.83,72,90,45,76,51,31,96,92,3,4,2,3,6,9,Technical,Cloud,Logical,2,2,No,Python,Cloud Operations Engineer
S0126,18,Female,78.06,77.48,65,70,56,44,45,67,52,74,5,4,3,2,2,3,Analytical,Data,Analytical,2,3,Yes,DBMS,Associate Data Analyst
S0199,18,Female,78.91,78.9,97,92,72,94,67,48,58,95,10,4,1,3,1,3,Technical,AI-ML,Logical,2,1,No,Math,Junior ML Engineer
S0876,19,Female,73.82,64.74,65,54,76,71,76,90,63,60,4,4,6,10,4,3,Management,Data,Leader,1,2,Yes,DBMS,Junior Business Analyst
S0833,18,Male,83.36,67.19,68,87,70,83,52,40,58,97,8,4,1,2,3,1,Technical,Web,Analytical,2,2,Yes,Python,Quality Assurance Tester
S0918,21,Female,89.3,90.49,97,77,61,89,35,49,95,95,1,5,3,3,1,7,Technical,Cloud,Logical,4,3,No,DBMS,Junior DevOps Engineer
S0013,20,Male,82.92,74.55,61,45,57,62,81,74,99,76,2,6,3,6,4,3,Analytical,AI-ML,Analytical,1,2,No,Math,Junior Data Scientist
S0235,21,Male,81.76,95.25,98,86,61,78,65,34,95,85,6,1,7,2,5,3,Technical,AI-ML,Logical,2,2,No,Math,AI/ML Engineer Trainee
S0316,19,Male,77.76,87.65,98,98,81,84,76,64,86,89,10,2,5,5,5,1,Technical,Web,Logical,2,3,No,Python,Junior Web Developer
S1039,19,Male,73.29,65.99,61,53,74,44,64,71,62,93,4,6,5,1,1,5,Technical,Web,Logical,0,2,No,Web,Database Administrator
S0886,19,Female,75.59,91.39,57,68,88,42,67,100,59,64,2,2,6,3,2,3,Management,Security,Leader,0,4,No,Python,Junior Business Analyst
S0447,19,Male,82.84,91.04,98,91,52,81,66,48,95,86,7,1,1,6,6,2,Technical,Web,Logical,2,4,Yes,Python,Backend Developer
S0254,23,Female,71.61,66.06,69,93,77,90,64,50,67,72,2,3,10,2,4,5,Technical,AI-ML,Logical,1,2,No,Math,AI/ML Engineer Trainee
S0650,20,Female,71.02,68.64,90,76,68,77,81,30,57,100,1,6,4,6,7,5,Technical,Security,Logical,0,5,Yes,DBMS,Security Analyst Trainee
S0342,21,Female,80.66,97.8,96,75,52,100,61,41,94,80,9,1,3,2,5,5,Technical,Web,Logical,4,5,Yes,Python,Junior Web Developer
S0902,21,Female,64.17,75.56,70,53,76,55,35,93,91,86,1,5,6,2,3,6,Management,Cloud,Leader,0,1,Yes,Math,Junior Business Analyst
S0202,22,Female,79.4,85.75,70,81,92,74,76,66,83,81,8,5,3,1,4,1,Technical,AI-ML,Logical,0,5,Yes,Math,Junior ML Engineer
S0170,17,Male,79.58,78.85,94,66,54,89,83,74,67,96,8,2,2,6,4,4,Technical,AI-ML,Logical,1,4,No,Python,Junior ML Engineer
S0932,17,Male,73.4,62.98,89,68,80,71,74,70,86,99,3,4,4,4,5,9,Technical,Cloud,Logical,1,2,No,Python,Junior DevOps Engineer
S0323,19,Female,81.52,88.46,67,68,52,40,36,52,70,80,4,6,3,3,5,2,Technical,Cloud,Logical,2,7,Yes,Python,Junior Web Developer
S0123,20,Female,83.65,72.58,79,66,95,57,83,35,84,71,6,5,9,6,5,4,Analytical,Data,Analytical,1,10,Yes,DBMS,Associate Data Analyst
S0445,18,Female,88.93,85.41,83,83,88,85,71,43,92,87,8,6,2,4,4,5,Technical,Web,Logical,4,3,No,Python,Backend Developer
S0652,20,Male,78.72,87.03,80,74,94,91,47,40,82,74,4,2,5,1,8,2,Technical,Security,Logical,1,7,Yes,DBMS,Security Analyst Trainee
S1015,17,Female,81.56,63.58,79,98,65,76,76,31,98,78,4,3,9,1,4,1,Technical,Data,Logical,4,6,Yes,DBMS,Database Administrator
S0635,18,Female,73.7,66.74,66,76,93,94,62,39,84,72,6,5,1,3,3,7,Technical,Cloud,Logical,1,3,Yes,DBMS,Cloud Operations Engineer
S0693,19,Female,97.83,92.3,46,52,85,52,65,55,81,92,4,5,5,6,6,4,Technical,Security,Logical,1,3,No,Web,Security Analyst Trainee
S0188,19,Male,84.81,75.55,85,70,93,80,81,47,51,95,7,6,2,3,2,2,Technical,AI-ML,Logical,0,4,No,Python,Junior ML Engineer
S0616,19,Female,69.01,73.7,70,89,84,87,74,41,58,79,3,6,5,6,2,7,Technical,Cloud,Logical,0,2,Yes,Python,Cloud Operations Engineer
S0821,21,Male,67.5,67.24,85,69,90,89,50,66,90,85,9,3,3,6,4,3,Technical,Web,Analytical,5,3,Yes,Web,Quality Assurance Tester
S0998,19,Male,90.17,63.89,85,70,61,97,35,43,76,100,6,4,7,5,3,3,Technical,Data,Logical,7,3,No,DBMS,Database Administrator
S0871,17,Female,89.43,79.36,53,63,80,55,48,85,67,89,3,4,4,9,6,5,Management,Data,Leader,2,2,No,DBMS,Junior Business Analyst
S1003,21,Female,72.87,96.93,79,89,87,70,55,31,61,85,1,4,10,6,2,2,Technical,Data,Logical,2,2,Yes,DBMS,Database Administrator
S0717,20,Female,92.07,72.25,82,67,94,72,75,67,75,83,4,8,1,3,5,1,Creative,Web,Creative,2,4,Yes,Web,UI/UX Designer
S1004,19,Female,80.08,85.2,89,65,67,96,46,67,86,89,1,3,8,2,5,5,Technical,Data,Logical,3,6,Yes,DBMS,Database Administrator
S0807,20,Female,72.98,64.12,70,90,79,69,83,60,56,93,7,5,1,6,3,6,Technical,Web,Analytical,2,1,No,Python,Quality Assurance Tester
S0815,21,Female,69.68,82.08,85,71,58,56,81,60,74,86,9,2,1,3,4,3,Technical,Web,Analytical,3,7,Yes,Python,Quality Assurance Tester
S0795,20,Male,77.48,59.92,74,89,54,76,83,73,96,91,9,3,3,4,4,3,Technical,Web,Analytical,2,4,No,Python,Quality Assurance Tester
S0578,18,Male,69.3,60.97,79,94,55,92,39,69,76,93,4,3,5,5,6,7,Technical,Cloud,Logical,1,4,No,DBMS,Cloud Operations Engineer
S0494,18,Male,80.3,80.13,96,90,46,71,40,60,91,78,7,1,4,6,5,6,Technical,Web,Logical,1,1,No,Python,Full Stack Developer
S0930,21,Female,78.87,93.45,91,82,82,98,42,64,56,76,1,1,3,1,3,7,Technical,Cloud,Logical,1,3,No,DBMS,Junior DevOps Engineer
S0887,22,Male,80.89,77.5,79,53,95,73,40,99,55,85,2,1,4,9,1,4,Management,Data,Leader,3,2,No,Statistics,Junior Business Analyst
S0024,21,Male,94.9,92.17,67,56,49,88,78,42,70,95,2,1,8,4,1,5,Analytical,Data,Analytical,1,4,No,Math,Junior Data Scientist
S0979,20,Male,70.3,80.52,62,88,83,77,47,50,87,71,2,3,4,2,2,7,Technical,Cloud,Logical,2,3,Yes,Python,Junior DevOps Engineer
S0580,20,Female,81.61,89.1,90,91,85,97,84,76,91,92,2,5,2,1,5,8,Technical,Cloud,Logical,2,2,No,Python,Cloud Operations Engineer
S0547,18,Female,71.34,82.14,84,96,75,89,68,64,90,74,7,5,6,2,5,1,Technical,Web,Logical,3,4,No,Web,Full Stack Developer
S0760,17,Male,76.0,84.16,82,71,74,80,88,60,61,79,4,8,4,2,5,2,Creative,Web,Creative,0,2,No,Web,UI/UX Designer
S0912,19,Male,72.79,75.15,59,46,82,58,38,73,63,68,6,6,1,8,5,1,Management,Data,Leader,4,3,No,DBMS,Junior Business Analyst
S0959,19,Female,69.39,77.35,92,87,90,81,67,61,76,75,3,5,6,5,6,7,Technical,Cloud,Logical,1,0,No,Python,Junior DevOps Engineer
S0337,20,Male,69.69,62.71,61,68,74,98,73,58,60,90,9,6,6,5,5,6,Technical,Web,Logical,1,5,Yes,Web,Junior Web Developer
S0482,20,Male,81.36,75.59,94,80,65,91,63,50,74,95,7,1,1,4,2,3,Technical,Web,Logical,0,1,No,Python,Backend Developer
S0622,20,Male,70.44,83.86,57,46,90,65,84,48,87,93,2,6,5,5,6,2,Technical,AI-ML,Logical,3,2,No,Statistics,Cloud Operations Engineer
S0290,18,Male,88.74,80.43,90,68,71,93,66,59,71,95,1,5,9,6,1,2,Technical,AI-ML,Logical,1,3,Yes,Python,AI/ML Engineer Trainee
S0611,18,Male,62.68,83.64,82,82,91,71,68,36,55,100,1,6,1,6,3,9,Technical,Cloud,Logical,1,3,No,Python,Cloud Operations Engineer
S0947,22,Female,72.68,69.72,84,98,57,77,48,68,96,86,2,6,5,3,4,9,Technical,Cloud,Logical,0,3,No,DBMS,Junior DevOps Engineer
S0961,19,Male,86.88,85.66,89,93,63,90,63,79,73,83,2,5,3,1,4,7,Technical,Cloud,Logical,7,2,No,Python,Junior DevOps Engineer
S0682,20,Male,76.83,57.05,85,74,95,76,77,68,95,85,3,6,5,3,10,6,Technical,Security,Logical,1,3,No,DBMS,Security Analyst Trainee
S0880,19,Female,80.14,87.85,71,63,74,70,84,83,62,74,3,3,3,7,6,6,Management,Data,Leader,2,5,Yes,DBMS,Junior Business Analyst
S0015,20,Female,67.3,81.54,99,40,47,63,74,43,86,85,3,4,7,3,6,5,Analytical,Data,Analytical,3,5,Yes,Statistics,Junior Data Scientist
S0338,19,Female,87.67,72.68,66,84,49,88,54,39,98,89,7,1,2,2,5,2,Technical,Web,Logical,3,4,No,Web,Junior Web Developer
S0549,21,Male,83.03,77.12,94,68,45,86,56,41,55,78,7,4,3,5,5,1,Technical,Web,Logical,1,2,No,Web,Full Stack Developer
S0782,21,Female,90.02,75.22,71,66,66,61,60,39,53,91,8,2,2,4,2,6,Technical,Web,Analytical,1,4,No,Web,Quality Assurance Tester
S0336,21,Female,76.25,76.96,90,100,88,83,47,52,79,75,7,4,1,3,2,1,Technical,Web,Logical,4,1,No,Python,Junior Web Developer
S0518,19,Female,80.78,68.53,100,90,59,79,37,53,78,78,8,6,2,3,4,4,Technical,Web,Logical,2,3,No,DBMS,Full Stack Developer
S0258,18,Other,84.92,86.13,94,65,48,85,57,77,80,81,4,4,7,3,5,6,Technical,AI-ML,Logical,3,2,No,Math,AI/ML Engineer Trainee
S0935,22,Female,79.16,75.51,66,69,63,100,51,39,81,70,6,6,6,3,6,7,Technical,Cloud,Logical,0,1,Yes,Python,Junior DevOps Engineer
S0423,19,Female,90.13,89.23,46,42,93,70,88,40,96,59,2,8,6,6,3,3,Creative,Web,Creative,2,4,No,Web,Frontend Developer
S0540,20,Male,66.11,85.47,82,77,46,75,39,57,99,98,7,6,4,2,4,3,Technical,Web,Logical,3,1,No,Python,Full Stack Developer
S0777,21,Female,67.05,96.2,85,83,78,68,76,64,53,93,7,5,1,1,5,5,Technical,Web,Analytical,1,2,No,Python,Quality Assurance Tester
S0399,17,Female,79.17,77.21,78,41,71,58,82,61,98,67,3,9,1,6,3,3,Creative,Web,Creative,2,2,No,Web,Frontend Developer
S0228,20,Male,74.8,81.66,92,92,54,83,49,61,92,94,5,4,8,2,2,1,Technical,AI-ML,Logical,1,6,Yes,Math,AI/ML Engineer Trainee
S0525,20,Male,75.11,73.34,61,69,72,95,56,51,69,75,9,6,6,2,1,5,Technical,Web,Logical,1,2,No,Web,Full Stack Developer
S0555,22,Male,80.64,68.16,73,65,49,88,79,60,70,77,9,2,1,5,4,1,Technical,Web,Logical,4,0,No,DBMS,Full Stack Developer
S0553,19,Male,71.08,76.02,89,92,91,85,78,66,75,95,9,1,4,6,3,3,Technical,Web,Logical,1,4,No,DBMS,Full Stack Developer
S0353,18,Male,78.31,99.0,90,96,55,91,70,78,94,74,7,2,5,2,5,6,Technical,Web,Logical,2,5,Yes,Web,Junior Web Developer
S0064,18,Other,72.78,78.15,75,49,68,62,57,71,95,73,6,3,7,6,5,1,Analytical,Data,Analytical,0,3,No,DBMS,Associate Data Analyst
S0661,22,Male,66.11,72.15,77,100,90,98,36,51,93,97,2,5,5,1,10,1,Technical,Security,Logical,5,0,No,DBMS,Security Analyst Trainee
S0757,20,Male,84.16,63.41,67,59,52,56,82,41,66,51,6,4,6,5,3,2,Creative,AI-ML,Creative,1,0,No,Web,UI/UX Designer
S0332,21,Female,76.46,67.22,82,92,94,71,53,77,57,78,10,2,1,6,1,5,Technical,Web,Logical,1,2,Yes,Web,Junior Web Developer
S0158,17,Male,83.7,84.03,69,97,75,91,54,53,77,89,7,2,5,4,3,4,Technical,AI-ML,Logical,2,4,Yes,Math,Junior ML Engineer
S0211,19,Female,65.02,83.6,62,68,53,86,73,33,52,99,5,6,9,3,4,5,Technical,AI-ML,Logical,2,2,No,Python,AI/ML Engineer Trainee
S0742,19,Female,81.65,92.93,54,65,71,59,91,50,72,61,3,6,3,2,5,3,Creative,Security,Creative,4,2,Yes,Python,UI/UX Designer
S0408,19,Female,68.07,72.38,74,62,90,61,84,50,58,90,2,8,4,1,5,5,Creative,Web,Creative,1,8,Yes,Web,Frontend Developer
S0054,21,Male,89.39,62.49,78,42,88,74,39,68,62,78,1,5,10,2,5,1,Analytical,Data,Analytical,3,1,No,Math,Junior Data Scientist
S0891,20,Male,69.21,68.33,59,63,91,56,48,86,66,67,2,3,6,9,5,1,Management,Data,Leader,1,7,Yes,DBMS,Junior Business Analyst
S0541,17,Male,86.64,74.07,68,91,80,72,46,38,72,74,7,3,6,1,5,1,Technical,Web,Logical,1,1,No,Python,Full Stack Developer
S0747,18,Male,74.62,73.1,55,54,66,81,99,55,69,68,4,7,3,5,2,2,Creative,Web,Creative,3,2,No,Web,UI/UX Designer
S0411,20,Female,83.22,73.88,49,73,63,62,87,42,58,84,6,7,6,3,4,1,Creative,Web,Creative,2,5,Yes,Web,Frontend Developer
S0861,20,Female,86.36,92.9,48,64,92,83,78,93,75,78,2,4,2,10,1,1,Management,Data,Leader,2,2,No,DBMS,Junior Business Analyst
S0167,19,Female,80.83,77.52,62,93,82,100,66,74,68,79,8,5,3,5,2,6,Technical,AI-ML,Logical,2,2,No,Python,Junior ML Engineer
S0118,19,Female,78.65,83.31,88,78,49,61,84,44,70,73,4,2,8,2,1,6,Analytical,Data,Analytical,0,2,Yes,DBMS,Associate Data Analyst
S0564,20,Female,79.96,74.38,94,65,65,73,37,40,70,88,9,6,2,6,5,5,Technical,Web,Logical,1,4,No,Python,Full Stack Developer
S0966,20,Male,77.14,67.79,62,85,69,75,55,62,69,96,5,1,5,2,4,8,Technical,Cloud,Logical,1,4,No,Python,Junior DevOps Engineer
S0244,21,Male,82.39,72.05,62,91,87,71,54,38,74,78,3,3,10,2,4,1,Technical,AI-ML,Logical,2,1,No,Python,AI/ML Engineer Trainee
S0297,20,Female,95.76,93.5,84,67,49,85,46,36,73,82,7,1,1,2,1,3,Technical,Web,Logical,2,3,No,Web,Junior Web Developer
S0572,19,Male,85.74,97.09,82,83,52,94,35,30,51,96,3,6,4,4,5,10,Technical,Cloud,Logical,4,1,Yes,DBMS,Cloud Operations Engineer
S0285,19,Female,68.13,68.94,75,88,79,93,64,71,85,92,1,1,10,1,6,4,Technical,AI-ML,Logical,1,2,No,Math,AI/ML Engineer Trainee
S0926,19,Other,67.42,98.26,73,76,74,77,53,67,79,97,2,2,4,2,3,8,Technical,Cloud,Logical,3,3,No,Python,Junior DevOps Engineer
S0789,17,Male,76.77,77.21,66,87,77,64,74,40,77,72,7,4,2,5,4,5,Technical,Web,Analytical,3,3,No,Python,Quality Assurance Tester
S0133,19,Female,82.45,60.01,61,96,83,72,59,50,69,98,7,2,3,5,3,1,Technical,AI-ML,Logical,5,3,No,Python,Junior ML Engineer
S0405,21,Male,74.48,77.31,81,65,46,64,100,66,96,69,3,9,2,4,2,5,Creative,Web,Creative,2,2,No,Web,Frontend Developer
S0567,20,Male,72.93,74.84,78,65,87,88,76,31,93,93,7,5,6,3,1,5,Technical,Web,Logical,3,3,No,Web,Full Stack Developer
S0721,18,Female,84.62,85.31,80,54,80,69,89,79,93,80,4,7,2,2,5,6,Creative,Web,Creative,1,3,Yes,Web,UI/UX Designer
S0657,19,Female,73.62,62.04,61,74,49,75,71,78,64,79,3,2,3,5,10,4,Technical,Security,Logical,2,4,No,DBMS,Security Analyst Trainee
S0194,19,Male,77.53,83.22,65,92,76,82,72,62,78,73,7,6,4,6,5,1,Technical,AI-ML,Logical,4,1,Yes,Math,Junior ML Engineer
S0585,18,Female,70.99,73.28,92,76,88,76,71,70,61,79,5,2,2,3,3,10,Technical,Cloud,Logical,2,4,No,Python,Cloud Operations Engineer
S0487,20,Female,62.12,81.5,79,94,84,97,62,62,79,88,7,6,2,6,1,1,Technical,Web,Logical,1,0,No,Python,Backend Developer
S0419,19,Male,72.54,77.6,70,79,81,71,82,37,81,84,1,7,6,1,4,5,Creative,Web,Creative,2,4,No,Web,Frontend Developer
S0931,20,Female,87.75,84.26,75,86,59,91,76,60,95,84,4,6,2,5,1,8,Technical,Cloud,Logical,5,2,No,Python,Junior DevOps Engineer
S0624,21,Other,72.19,87.64,100,80,62,78,64,49,63,81,1,5,6,1,1,7,Technical,Cloud,Logical,3,3,No,DBMS,Cloud Operations Engineer
S0499,18,Male,81.91,86.03,55,45,87,45,68,76,50,77,2,4,2,1,5,4,Technical,Security,Logical,0,5,Yes,DBMS,Full Stack Developer
S0755,23,Female,77.14,84.24,68,64,58,83,82,71,63,84,5,9,3,6,3,1,Creative,Web,Creative,3,3,No,Web,UI/UX Designer
S0565,19,Other,78.16,87.59,88,80,83,79,59,63,62,99,10,3,1,3,2,4,Technical,Web,Logical,7,1,No,Python,Full Stack Developer
S0818,22,Male,75.09,71.55,69,88,75,55,59,58,81,79,8,6,6,2,4,1,Technical,Web,Analytical,2,4,No,Python,Quality Assurance Tester
S0516,22,Other,75.71,84.43,81,94,88,85,70,39,66,71,9,2,3,5,2,3,Technical,Web,Logical,4,0,No,DBMS,Full Stack Developer
S0714,20,Female,87.32,80.31,74,53,81,84,97,32,84,68,5,9,3,5,5,3,Creative,Web,Creative,1,2,No,Web,UI/UX Designer
S0799,20,Female,86.47,85.65,76,76,63,90,49,48,96,94,10,2,5,6,4,1,Technical,Web,Analytical,1,5,Yes,Web,Quality Assurance Tester
S0779,18,Female,84.86,75.64,80,86,92,83,38,53,78,85,8,3,2,4,2,4,Technical,Web,Analytical,1,3,No,Web,Quality Assurance Tester
S0205,18,Female,85.42,74.44,82,92,82,98,75,75,62,84,10,2,1,2,1,6,Technical,AI-ML,Logical,2,3,No,Math,Junior ML Engineer
S0638,18,Female,69.31,90.13,62,60,62,68,80,59,85,90,4,3,2,5,1,2,Technical,Security,Logical,1,3,No,DBMS,Security Analyst Trainee
S0329,19,Male,83.64,68.85,72,75,61,70,61,48,99,88,9,3,4,3,4,1,Technical,Web,Logical,5,2,No,Web,Junior Web Developer
S0393,19,Female,75.2,86.5,85,67,67,86,78,55,87,69,3,7,4,5,5,2,Creative,Web,Creative,3,3,No,Web,Frontend Developer
S0501,21,Female,77.12,58.04,81,94,61,97,74,46,83,89,10,3,4,4,1,2,Technical,Web,Logical,3,1,No,Python,Full Stack Developer
S0842,23,Male,77.03,66.66,91,91,72,64,50,74,68,79,8,3,3,2,6,5,Technical,Web,Analytical,2,3,No,Python,Quality Assurance Tester
S0115,18,Male,69.89,85.5,62,61,51,80,75,70,79,94,3,2,9,5,6,2,Analytical,Data,Analytical,2,5,Yes,Statistics,Associate Data Analyst
S0112,17,Female,71.15,69.76,70,77,79,82,60,60,62,81,4,3,10,6,5,1,Analytical,Data,Analytical,1,2,No,DBMS,Associate Data Analyst
S0909,21,Male,93.35,71.51,57,41,83,52,57,86,50,81,1,3,4,4,6,1,Management,Web,Leader,1,0,No,Python,Junior Business Analyst
S0773,20,Male,72.53,75.29,73,88,77,56,60,60,80,78,8,5,1,4,3,5,Technical,Web,Analytical,1,1,Yes,Web,Quality Assurance Tester
S0574,22,Female,81.18,75.95,52,45,59,52,53,50,79,73,5,6,5,2,3,4,Technical,AI-ML,Logical,0,5,Yes,DBMS,Cloud Operations Engineer
S0236,19,Female,74.4,68.81,86,75,54,99,36,59,85,100,3,4,9,4,4,2,Technical,AI-ML,Logical,2,1,Yes,Math,AI/ML Engineer Trainee
S0884,20,Male,63.77,76.43,73,66,94,86,74,75,97,79,6,5,5,9,6,1,Management,Data,Leader,2,2,No,DBMS,Junior Business Analyst
S0277,19,Female,93.01,81.24,90,84,84,93,69,59,89,73,6,3,9,6,6,2,Technical,AI-ML,Logical,1,4,No,Python,AI/ML Engineer Trainee
S0708,22,Female,99.0,87.92,82,49,58,79,91,60,67,64,6,10,5,1,2,1,Creative,Web,Creative,1,1,No,Web,UI/UX Designer
S0688,20,Female,73.21,80.18,49,69,51,63,61,35,91,89,6,1,6,1,2,4,Technical,Security,Logical,2,2,No,DBMS,Security Analyst Trainee
S0475,19,Male,79.47,84.66,50,63,74,58,38,67,71,98,4,4,2,4,2,4,Technical,AI-ML,Logical,7,3,No,Python,Backend Developer
S0442,20,Female,78.48,65.05,67,97,77,78,36,36,70,91,8,6,1,3,6,2,Technical,Web,Logical,1,4,No,DBMS,Backend Developer
S0130,20,Other,74.08,76.07,43,65,74,57,43,73,78,88,6,6,4,2,1,5,Technical,Security,Logical,2,4,Yes,Math,Junior ML Engineer
S0839,20,Male,74.07,67.99,72,71,70,79,75,43,80,88,9,6,2,5,2,3,Technical,Web,Analytical,2,4,No,Web,Quality Assurance Tester
S0219,18,Male,78.67,95.59,88,76,56,90,61,53,58,80,2,6,9,6,3,6,Technical,AI-ML,Logical,1,3,No,Python,AI/ML Engineer Trainee
S0895,22,Female,69.46,81.43,54,74,87,57,67,85,79,88,4,4,2,9,5,1,Management,Data,Leader,3,2,No,DBMS,Junior Business Analyst
S0980,22,Female,72.37,82.99,93,75,89,97,46,44,57,85,2,2,3,3,4,9,Technical,Cloud,Logical,2,2,No,DBMS,Junior DevOps Engineer
S0759,19,Male,68.25,90.87,63,43,86,41,79,57,71,67,6,3,1,2,6,2,Creative,Security,Creative,4,3,No,DBMS,UI/UX Designer
S0899,18,Male,82.53,74.94,67,53,89,86,68,96,54,74,5,6,3,8,1,1,Management,Data,Leader,0,4,No,Statistics,Junior Business Analyst
S0829,19,Male,82.86,65.39,85,100,80,63,81,43,90,80,8,1,2,6,3,1,Technical,Web,Analytical,4,5,Yes,Python,Quality Assurance Tester
S0208,18,Female,85.56,66.37,84,72,75,89,80,34,58,99,8,5,4,6,3,6,Technical,AI-ML,Logical,4,3,No,Math,Junior ML Engineer
S0470,19,Female,87.13,92.25,85,69,46,74,48,41,91,96,8,4,4,4,5,4,Technical,Web,Logical,0,4,No,Python,Backend Developer
S0008,17,Male,86.66,62.61,100,51,69,84,60,63,84,80,2,5,8,4,5,4,Analytical,Data,Analytical,4,2,No,Statistics,Junior Data Scientist
S0421,18,Female,95.12,65.71,70,78,57,68,79,30,52,58,4,8,6,4,2,1,Creative,Web,Creative,3,3,No,Web,Frontend Developer
S0455,18,Male,85.2,58.18,97,75,68,85,46,66,97,76,8,6,3,3,5,2,Technical,Web,Logical,1,1,Yes,DBMS,Backend Developer
S0088,17,Female,87.15,71.19,82,71,82,87,79,47,78,81,1,1,10,2,6,3,Analytical,Data,Analytical,2,6,Yes,DBMS,Associate Data Analyst
S1006,17,Female,71.16,71.68,91,71,85,86,60,72,71,78,2,5,9,5,6,4,Technical,Data,Logical,1,2,No,DBMS,Database Administrator
S1011,19,Male,91.24,77.51,62,87,74,85,50,54,73,81,4,2,9,4,2,2,Technical,Data,Logical,2,1,No,DBMS,Database Administrator
S0566,19,Male,68.89,80.4,89,75,94,93,85,67,98,73,10,3,5,4,3,5,Technical,Web,Logical,1,3,Yes,DBMS,Full Stack Developer
S0361,17,Female,67.63,67.25,70,68,72,83,94,76,78,70,3,7,4,2,6,1,Creative,Web,Creative,1,0,Yes,Web,Frontend Developer
S0047,23,Male,74.77,55.0,81,42,92,55,39,59,52,79,4,2,8,2,4,4,Analytical,Data,Analytical,2,3,Yes,Statistics,Junior Data Scientist
S0164,21,Female,87.41,69.9,94,68,55,93,56,74,54,78,10,6,6,1,2,5,Technical,AI-ML,Logical,2,1,No,Python,Junior ML Engineer
S0251,23,Female,76.04,72.87,60,74,82,78,62,79,60,74,5,2,8,6,1,5,Technical,AI-ML,Logical,2,3,No,Math,AI/ML Engineer Trainee
S0722,21,Female,87.41,85.34,53,75,51,77,91,64,84,53,2,8,2,6,6,2,Creative,Web,Creative,5,1,No,Web,UI/UX Designer
S0253,21,Female,87.32,75.93,73,78,58,71,85,61,88,84,4,1,10,3,3,4,Technical,AI-ML,Logical,1,2,No,Math,AI/ML Engineer Trainee
S0800,20,Male,62.66,79.55,86,93,63,58,68,68,54,82,8,1,4,1,2,1,Technical,Web,Analytical,0,5,Yes,Python,Quality Assurance Tester
S0889,21,Male,72.48,99.0,46,65,95,66,80,81,67,59,6,3,4,8,1,1,Management,Data,Leader,4,4,No,DBMS,Junior Business Analyst
S1029,17,Male,87.67,83.69,73,75,90,85,52,55,64,72,5,1,10,4,5,3,Technical,Data,Logical,0,1,No,DBMS,Database Administrator
S0923,19,Female,91.41,84.06,67,91,47,99,69,58,71,83,3,1,5,3,4,10,Technical,Cloud,Logical,1,4,No,DBMS,Junior DevOps Engineer
S0080,19,Male,86.78,82.18,52,50,53,62,39,51,92,78,6,3,2,6,4,6,Analytical,Web,Analytical,4,1,No,DBMS,Associate Data Analyst
S0498,22,Female,76.13,70.97,89,71,48,82,50,65,66,91,8,6,4,5,6,4,Technical,Web,Logical,2,5,Yes,DBMS,Full Stack Developer
S0561,19,Male,66.1,84.49,97,66,93,73,54,73,98,89,9,3,2,4,4,6,Technical,Web,Logical,3,2,No,Web,Full Stack Developer
S0333,17,Male,68.36,97.38,62,84,59,91,65,38,100,72,7,1,6,5,4,4,Technical,Web,Logical,2,2,No,Web,Junior Web Developer
S0317,21,Male,76.4,86.24,65,54,64,46,69,43,90,80,6,3,2,1,1,3,Technical,Cloud,Logical,3,6,Yes,Python,Junior Web Developer
S0804,20,Male,87.09,79.46,82,80,59,72,85,60,80,82,8,1,6,2,2,4,Technical,Web,Analytical,1,4,No,Python,Quality Assurance Tester
S0736,19,Other,78.91,83.23,66,70,80,74,79,68,80,68,5,10,5,4,6,1,Creative,Web,Creative,2,3,Yes,Web,UI/UX Designer
S0490,20,Female,76.99,76.69,68,67,66,99,64,41,53,80,10,3,1,4,1,5,Technical,Web,Logical,2,4,Yes,Python,Full Stack Developer
S0402,18,Female,74.89,98.96,53,55,61,76,77,34,82,76,1,8,2,5,3,1,Creative,Web,Creative,3,2,No,Web,Frontend Developer
S0433,22,Other,55.0,78.0,47,61,93,48,72,43,71,81,2,1,2,5,5,6,Technical,Data,Logical,1,2,No,Statistics,Backend Developer
S0215,21,Male,73.59,81.09,72,93,67,81,71,36,77,90,1,5,10,1,1,5,Technical,AI-ML,Logical,1,4,No,Math,AI/ML Engineer Trainee
S0805,20,Female,82.58,79.09,79,96,69,73,45,34,61,89,10,1,2,5,1,1,Technical,Web,Analytical,3,6,Yes,Web,Quality Assurance Tester
S1042,17,Male,81.5,89.91,85,89,64,96,50,32,50,79,2,6,9,3,6,6,Technical,Data,Logical,1,3,No,DBMS,Database Administrator
S0676,20,Female,84.6,74.46,75,92,79,90,65,39,77,87,2,3,2,5,9,4,Technical,Security,Logical,2,5,Yes,DBMS,Security Analyst Trainee
S0535,19,Female,77.08,74.84,91,87,95,98,67,40,59,83,7,1,2,1,5,6,Technical,Web,Logical,1,1,No,DBMS,Full Stack Developer
S0058,20,Female,86.72,77.34,98,74,94,84,81,77,87,92,1,2,8,1,3,5,Analytical,Data,Analytical,1,2,No,Statistics,Junior Data Scientist
S0098,19,Male,78.27,67.22,91,69,61,66,85,43,57,98,6,5,8,5,3,1,Analytical,Data,Analytical,1,1,No,DBMS,Associate Data Analyst
S0560,18,Female,88.41,79.46,88,71,72,73,57,39,70,81,8,3,2,6,3,6,Technical,Web,Logical,1,6,Yes,Web,Full Stack Developer
S0892,20,Female,72.57,84.62,57,62,71,61,36,78,78,61,6,6,5,5,3,5,Management,Data,Leader,1,3,No,DBMS,Junior Business Analyst
S0271,19,Female,63.95,86.33,74,69,53,84,52,30,100,76,5,4,8,3,1,5,Technical,AI-ML,Logical,1,1,No,Math,AI/ML Engineer Trainee
S0043,20,Female,68.91,71.33,41,56,92,58,54,34,59,88,3,5,2,1,2,4,Analytical,Security,Analytical,0,1,No,Statistics,Junior Data Scientist
S0793,18,Female,85.94,75.93,81,82,93,75,51,69,91,86,10,1,2,4,6,3,Technical,Web,Analytical,1,4,No,Web,Quality Assurance Tester
S1001,20,Female,73.77,79.43,77,89,62,75,50,72,82,71,3,6,7,5,1,2,Technical,Data,Logical,0,3,No,DBMS,Database Administrator
S0042,21,Female,91.65,96.5,66,73,84,81,71,76,76,86,1,1,10,2,2,2,Analytical,Data,Analytical,3,3,No,Statistics,Junior Data Scientist
S0991,21,Male,80.97,85.26,99,83,81,83,85,66,88,70,3,4,8,4,5,3,Technical,Data,Logical,1,2,No,DBMS,Database Administrator
S0692,18,Male,80.96,79.94,64,75,75,91,47,33,85,75,2,2,6,2,7,5,Technical,Security,Logical,1,3,No,DBMS,Security Analyst Trainee
S0653,18,Other,64.04,88.28,69,72,70,85,53,76,75,77,5,5,4,2,8,2,Technical,Security,Logical,0,4,No,DBMS,Security Analyst Trainee
S0305,20,Male,77.74,83.41,61,95,56,79,77,79,51,91,9,1,2,2,5,2,Technical,Web,Logical,1,4,No,Web,Junior Web Developer
S0151,19,Female,84.87,68.34,79,92,85,79,40,40,62,85,7,3,6,1,6,2,Technical,AI-ML,Logical,3,4,No,Math,Junior ML Engineer
S0589,20,Male,83.05,94.42,88,94,78,89,72,69,81,93,4,6,1,3,5,10,Technical,Cloud,Logical,1,4,No,DBMS,Cloud Operations Engineer
S0752,17,Male,92.49,99.0,74,43,61,58,76,56,76,54,6,9,1,3,3,1,Creative,Web,Creative,1,1,Yes,Web,UI/UX Designer
S0668,21,Female,93.13,75.97,75,69,83,95,63,74,88,97,2,6,3,1,9,2,Technical,Security,Logical,0,0,No,DBMS,Security Analyst Trainee
S0222,17,Male,97.18,88.85,99,87,77,77,71,52,57,77,5,1,7,3,6,1,Technical,AI-ML,Logical,1,0,No,Python,AI/ML Engineer Trainee
S0715,19,Female,88.24,68.91,49,65,62,66,79,35,61,50,3,8,3,2,1,5,Creative,Web,Creative,3,4,Yes,Web,UI/UX Designer
S0287,21,Male,92.12,83.39,76,99,54,78,54,37,69,78,6,1,8,6,1,2,Technical,AI-ML,Logical,3,3,No,Python,AI/ML Engineer Trainee
S0860,21,Female,79.04,72.47,55,47,97,89,61,81,86,52,3,2,1,7,5,1,Management,Data,Leader,1,3,No,DBMS,Junior Business Analyst
S1044,17,Male,85.66,90.08,58,49,52,42,65,52,52,79,1,6,6,5,4,2,Technical,Data,Logical,3,1,No,Statistics,Database Administrator
S0952,17,Male,79.72,71.14,61,67,53,85,43,37,88,83,3,6,3,3,3,7,Technical,Cloud,Logical,5,3,No,DBMS,Junior DevOps Engineer
S0414,21,Female,76.03,84.38,52,66,57,89,87,71,65,75,1,9,5,3,4,3,Creative,Web,Creative,2,4,No,Web,Frontend Developer
S0141,18,Female,87.32,76.66,96,92,69,99,75,66,69,87,7,4,2,6,5,4,Technical,AI-ML,Logical,2,7,Yes,Math,Junior ML Engineer
S0687,17,Male,73.62,71.94,69,89,92,78,45,30,97,99,5,4,2,4,9,3,Technical,Security,Logical,1,5,Yes,DBMS,Security Analyst Trainee
S0364,21,Male,77.39,86.28,85,72,80,80,86,63,90,73,3,10,4,2,2,1,Creative,Web,Creative,2,5,Yes,Web,Frontend Developer
S0939,17,Female,60.58,65.26,65,58,69,61,49,63,99,81,4,6,6,3,1,2,Technical,Security,Logical,5,2,No,Math,Junior DevOps Engineer
S0877,18,Female,86.91,77.71,76,50,86,82,68,78,80,50,3,1,2,7,4,1,Management,Data,Leader,4,2,No,DBMS,Junior Business Analyst
S0905,19,Female,75.82,75.72,75,75,85,81,64,75,90,88,5,2,1,7,2,2,Management,Data,Leader,2,2,No,Statistics,Junior Business Analyst
S0922,20,Female,80.31,82.48,83,73,93,76,45,73,79,73,4,5,3,2,4,8,Technical,Cloud,Logical,0,5,Yes,DBMS,Junior DevOps Engineer
S0340,20,Female,78.39,67.87,86,83,90,100,41,33,69,77,9,3,1,5,5,6,Technical,Web,Logical,1,3,No,Web,Junior Web Developer
S0403,18,Male,89.47,85.83,57,66,77,55,75,61,63,78,4,9,1,6,3,5,Creative,Web,Creative,3,4,Yes,Web,Frontend Developer
S0511,17,Male,76.65,67.36,92,81,74,93,42,58,58,81,7,1,1,1,6,3,Technical,Web,Logical,2,4,Yes,Python,Full Stack Developer
S0728,20,Male,75.48,65.82,53,43,89,68,78,74,94,55,5,10,3,1,2,5,Creative,Web,Creative,1,0,No,Web,UI/UX Designer
S0988,21,Female,83.21,73.21,80,93,89,80,64,55,66,81,4,4,1,5,5,10,Technical,Cloud,Logical,4,5,Yes,Python,Junior DevOps Engineer
S0644,19,Male,69.73,69.47,71,97,82,70,38,46,67,71,3,4,1,6,10,3,Technical,Security,Logical,1,2,Yes,DBMS,Security Analyst Trainee
S0172,19,Female,95.51,73.64,87,75,87,99,80,61,63,76,10,3,2,4,5,1,Technical,AI-ML,Logical,3,6,Yes,Math,Junior ML Engineer
S0108,21,Female,68.19,87.89,95,77,69,79,75,41,99,82,2,1,8,2,3,5,Analytical,Data,Analytical,4,3,No,DBMS,Associate Data Analyst
S0853,17,Female,75.66,80.75,63,77,77,76,61,41,80,75,9,5,6,1,1,5,Technical,Web,Analytical,0,2,Yes,Web,Quality Assurance Tester
S0387,21,Female,87.02,75.16,85,73,72,57,86,39,71,87,1,9,4,3,6,5,Creative,Web,Creative,2,2,No,Web,Frontend Developer
S1021,17,Female,65.69,55.92,93,86,94,88,84,53,97,80,3,1,8,4,1,1,Technical,Data,Logical,1,5,Yes,DBMS,Database Administrator
S0046,17,Male,90.28,75.95,65,60,65,70,84,76,55,71,6,2,6,5,6,4,Analytical,AI-ML,Analytical,2,2,Yes,Web,Junior Data Scientist
S0904,22,Female,85.07,81.53,73,71,72,67,70,94,83,52,1,5,6,9,4,1,Management,Data,Leader,1,4,Yes,DBMS,Junior Business Analyst
S0627,20,Female,86.05,92.31,63,97,57,71,46,33,100,77,3,1,6,1,2,10,Technical,Cloud,Logical,4,4,No,Python,Cloud Operations Engineer
S0266,17,Male,68.72,76.26,40,55,94,68,85,62,50,81,4,2,3,2,3,3,Technical,Data,Logical,1,2,Yes,Math,AI/ML Engineer Trainee
S0691,19,Female,81.99,70.91,60,42,94,64,45,68,51,98,6,6,3,2,2,4,Technical,Data,Logical,1,1,Yes,Statistics,Security Analyst Trainee
S0808,18,Female,76.61,90.99,60,87,93,68,71,55,89,87,10,6,2,2,3,3,Technical,Web,Analytical,1,4,No,Python,Quality Assurance Tester
S0028,19,Female,74.57,68.78,66,68,51,85,76,48,89,72,3,5,9,2,3,5,Analytical,Data,Analytical,3,2,Yes,Python,Junior Data Scientist
S0259,22,Female,76.38,83.94,43,62,49,44,36,42,58,100,5,6,3,4,2,6,Technical,AI-ML,Logical,2,3,Yes,Math,AI/ML Engineer Trainee
S0940,20,Male,84.73,69.93,85,75,49,75,60,34,77,74,1,5,1,1,2,9,Technical,Cloud,Logical,3,3,No,Python,Junior DevOps Engineer
S0702,19,Female,68.06,80.57,64,66,72,70,94,37,85,59,3,9,2,1,6,1,Creative,Web,Creative,2,5,Yes,Web,UI/UX Designer
S0071,17,Female,87.85,80.34,77,76,72,55,58,57,93,93,3,1,9,3,3,6,Analytical,Data,Analytical,1,2,No,DBMS,Associate Data Analyst
S0497,18,Other,80.21,99.0,97,65,50,91,84,36,88,72,7,6,6,6,2,6,Technical,Web,Logical,2,2,No,DBMS,Full Stack Developer
S0985,17,Male,76.27,63.88,80,75,87,78,36,73,69,100,4,2,6,6,1,8,Technical,Cloud,Logical,4,3,No,DBMS,Junior DevOps Engineer
S0925,20,Male,90.41,84.41,75,89,57,73,37,40,53,79,4,3,5,1,1,8,Technical,Cloud,Logical,1,3,No,DBMS,Junior DevOps Engineer
S0707,22,Male,84.64,85.12,74,57,64,81,98,46,74,60,2,9,3,2,2,1,Creative,Web,Creative,1,2,Yes,Web,UI/UX Designer
S0085,17,Female,77.94,88.69,67,53,70,69,70,40,83,84,5,5,8,1,6,6,Analytical,Data,Analytical,3,0,Yes,Statistics,Associate Data Analyst
S0783,17,Male,75.55,96.99,82,66,47,82,59,63,89,97,9,5,2,4,6,3,Technical,Web,Analytical,1,3,No,Python,Quality Assurance Tester
S0977,22,Female,68.35,73.72,78,87,77,99,37,30,51,90,5,1,3,1,3,8,Technical,Cloud,Logical,0,2,No,Python,Junior DevOps Engineer
S0291,19,Male,90.24,76.08,70,70,90,96,76,41,85,98,6,2,9,4,4,1,Technical,AI-ML,Logical,1,7,Yes,Math,AI/ML Engineer Trainee
S0484,19,Male,81.98,69.75,89,94,65,100,84,61,97,92,7,2,4,5,6,5,Technical,Web,Logical,3,2,No,Python,Backend Developer
S0039,17,Female,86.38,55.0,57,48,83,41,35,66,96,98,5,4,3,6,1,5,Analytical,Data,Analytical,1,4,No,Statistics,Junior Data Scientist
S0477,20,Female,93.8,71.04,76,86,85,87,64,33,67,100,7,4,1,1,6,1,Technical,Web,Logical,7,2,Yes,Python,Backend Developer
S0699,20,Male,71.8,64.65,45,59,48,45,99,41,82,87,6,5,4,4,2,5,Creative,Cloud,Creative,2,5,Yes,DBMS,UI/UX Designer
S0200,19,Female,90.15,84.72,64,67,46,86,60,54,55,77,10,5,4,3,5,2,Technical,AI-ML,Logical,0,4,No,Python,Junior ML Engineer
S0509,19,Male,99.0,57.65,63,70,68,88,42,73,87,80,10,2,3,5,3,1,Technical,Web,Logical,2,2,No,DBMS,Full Stack Developer
S0915,17,Male,76.89,86.04,73,69,77,78,83,92,86,82,4,6,1,7,2,3,Management,Data,Leader,0,4,No,Statistics,Junior Business Analyst
S0056,17,Male,87.59,68.47,78,70,92,60,73,51,70,76,3,1,7,4,4,2,Analytical,Data,Analytical,1,2,No,Statistics,Junior Data Scientist
S0461,20,Female,71.27,75.78,84,90,93,70,56,45,64,96,7,3,1,6,2,6,Technical,Web,Logical,3,1,No,DBMS,Backend Developer
S0102,20,Male,84.26,60.9,43,42,59,59,84,79,84,70,2,3,4,4,4,3,Analytical,Cloud,Analytical,2,3,No,Web,Associate Data Analyst
S0956,18,Female,80.95,87.86,85,76,91,90,70,70,53,94,4,6,2,4,2,10,Technical,Cloud,Logical,1,1,No,DBMS,Junior DevOps Engineer
S0587,22,Male,91.35,57.36,67,75,82,87,65,72,82,97,5,3,4,2,6,7,Technical,Cloud,Logical,4,0,No,DBMS,Cloud Operations Engineer
S0309,17,Male,82.18,84.25,100,76,58,71,40,40,96,89,9,4,4,5,4,1,Technical,Web,Logical,3,3,No,Python,Junior Web Developer
S0078,19,Male,87.19,77.67,99,48,79,80,58,57,94,71,6,4,10,6,5,5,Analytical,Data,Analytical,3,4,No,Statistics,Associate Data Analyst
S0607,20,Other,61.35,81.59,90,77,78,94,81,76,70,75,2,2,2,3,4,9,Technical,Cloud,Logical,4,5,Yes,Python,Cloud Operations Engineer
S0792,18,Male,84.61,59.94,84,73,94,56,61,54,59,93,8,5,4,1,6,6,Technical,Web,Analytical,4,2,No,Python,Quality Assurance Tester
S0186,17,Male,84.48,73.2,99,83,79,73,53,63,88,79,9,2,5,2,4,1,Technical,AI-ML,Logical,1,4,No,Math,Junior ML Engineer
S0061,20,Female,70.42,74.42,100,71,86,83,37,40,84,96,2,2,10,1,1,1,Analytical,Data,Analytical,1,6,Yes,DBMS,Associate Data Analyst
S0300,21,Female,71.79,72.47,75,75,83,88,61,79,75,97,9,3,6,1,3,5,Technical,Web,Logical,3,3,No,Python,Junior Web Developer
S0613,20,Female,69.76,78.16,61,53,55,67,83,45,99,84,5,4,6,2,3,4,Technical,Cloud,Logical,1,1,No,Statistics,Cloud Operations Engineer
S0700,19,Male,79.12,60.51,45,78,73,73,97,60,90,68,1,9,5,4,5,4,Creative,Web,Creative,1,7,Yes,Web,UI/UX Designer
S0428,21,Male,84.32,55.0,68,71,82,82,63,68,88,75,10,5,6,6,2,6,Technical,Web,Logical,2,4,No,Python,Backend Developer
S0666,22,Male,94.57,76.82,82,70,91,95,67,74,75,75,2,1,3,1,7,4,Technical,Security,Logical,4,4,No,DBMS,Security Analyst Trainee
S0530,20,Male,80.46,60.02,64,98,70,74,60,41,69,75,9,6,2,3,4,2,Technical,Web,Logical,5,3,No,Web,Full Stack Developer
S0143,20,Female,82.39,93.25,77,72,50,93,71,72,93,89,8,1,5,2,2,6,Technical,AI-ML,Logical,5,2,No,Python,Junior ML Engineer
S0033,18,Male,83.91,63.76,60,45,50,63,62,53,54,90,5,2,8,1,1,4,Analytical,Data,Analytical,0,3,No,Math,Junior Data Scientist
S0604,17,Male,62.75,87.46,96,97,83,86,44,70,82,80,2,2,2,1,6,9,Technical,Cloud,Logical,3,3,No,DBMS,Cloud Operations Engineer
S0640,18,Male,67.38,77.37,93,85,71,78,64,48,78,80,4,1,1,5,8,6,Technical,Security,Logical,2,6,Yes,DBMS,Security Analyst Trainee
S0458,18,Male,90.6,89.35,87,69,67,70,52,51,91,71,10,1,4,5,3,5,Technical,Web,Logical,0,3,No,DBMS,Backend Developer
S0370,18,Male,75.63,66.16,69,61,65,88,81,60,83,74,6,9,1,1,3,2,Creative,Web,Creative,4,3,No,Web,Frontend Developer
S0038,19,Female,65.18,73.75,84,52,68,90,80,73,55,82,4,1,10,6,5,6,Analytical,Data,Analytical,0,2,No,Math,Junior Data Scientist
S0965,20,Male,80.66,63.98,75,94,91,72,70,73,91,78,6,2,3,5,1,9,Technical,Cloud,Logical,0,1,No,DBMS,Junior DevOps Engineer
S0864,20,Female,76.13,65.87,48,54,86,90,60,100,67,64,5,3,2,10,5,6,Management,Data,Leader,1,2,No,Statistics,Junior Business Analyst
S0073,22,Male,71.51,73.02,45,59,92,59,35,34,75,74,5,6,2,2,3,4,Analytical,AI-ML,Analytical,2,4,Yes,Web,Associate Data Analyst
S0241,20,Male,63.85,79.53,86,70,69,88,75,40,68,79,1,1,10,2,4,4,Technical,AI-ML,Logical,3,2,Yes,Python,AI/ML Engineer Trainee
S0462,20,Female,76.41,64.7,77,73,66,85,36,42,82,77,9,1,6,3,6,5,Technical,Web,Logical,2,1,Yes,Python,Backend Developer
S0914,20,Male,87.13,83.04,77,56,93,88,58,99,89,78,4,1,5,10,2,1,Management,Data,Leader,2,2,No,DBMS,Junior Business Analyst
S0883,19,Male,75.31,65.04,80,57,89,56,54,87,61,75,2,5,4,7,3,4,Management,Data,Leader,3,4,No,Statistics,Junior Business Analyst
S0745,21,Male,88.77,73.78,54,54,71,56,100,61,63,72,3,10,6,5,1,5,Creative,Web,Creative,4,5,Yes,Web,UI/UX Designer
S0439,17,Female,82.78,75.77,70,93,70,73,52,36,93,97,9,4,6,3,1,1,Technical,Web,Logical,3,2,Yes,Python,Backend Developer
S0400,18,Female,65.86,65.31,57,58,76,65,81,31,86,64,3,8,2,2,6,6,Creative,Web,Creative,1,4,No,Web,Frontend Developer
S0233,20,Male,82.76,94.25,72,70,52,92,37,68,82,100,6,2,10,3,1,2,Technical,AI-ML,Logical,2,4,No,Math,AI/ML Engineer Trainee
S0191,19,Other,86.18,63.98,82,85,75,95,57,38,98,87,7,5,2,4,2,4,Technical,AI-ML,Logical,2,1,No,Python,Junior ML Engineer
S0600,20,Male,79.4,66.07,93,79,64,96,70,72,76,81,4,5,3,6,5,7,Technical,Cloud,Logical,3,2,No,Python,Cloud Operations Engineer
S0206,20,Female,81.07,82.69,69,71,52,78,36,45,88,90,7,1,1,6,2,3,Technical,AI-ML,Logical,5,4,No,Math,Junior ML Engineer
S0771,21,Female,81.18,74.87,74,77,89,86,79,79,55,96,9,4,1,2,5,1,Technical,Web,Analytical,0,2,No,Web,Quality Assurance Tester
S0928,22,Female,76.69,93.63,85,66,48,73,49,54,96,95,5,1,5,4,3,9,Technical,Cloud,Logical,0,1,Yes,Python,Junior DevOps Engineer
S0628,20,Male,76.92,62.4,63,96,66,94,54,67,74,79,6,4,6,3,1,7,Technical,Cloud,Logical,1,3,No,DBMS,Cloud Operations Engineer
S0737,19,Female,75.5,73.96,68,41,95,88,78,69,78,67,2,7,3,6,5,3,Creative,Web,Creative,3,4,No,Web,UI/UX Designer
S0987,19,Female,82.1,91.67,97,75,93,93,62,45,75,93,4,5,5,6,3,7,Technical,Cloud,Logical,3,3,No,Python,Junior DevOps Engineer
S0189,19,Female,61.54,56.83,70,54,54,40,36,37,68,94,1,2,3,2,3,3,Technical,Web,Logical,2,1,Yes,Python,Junior ML Engineer
S0044,21,Male,82.39,79.37,82,42,72,69,81,33,68,100,1,4,10,5,1,4,Analytical,Data,Analytical,1,4,No,Python,Junior Data Scientist
S0559,20,Female,72.28,76.58,77,72,64,100,39,31,79,85,10,6,6,3,4,3,Technical,Web,Logical,2,3,No,Python,Full Stack Developer
S0371,21,Male,66.99,99.0,65,68,90,48,86,77,74,82,3,6,1,4,2,5,Creative,AI-ML,Creative,2,4,No,Math,Frontend Developer
S0378,19,Female,76.95,84.71,61,56,82,69,83,64,90,51,2,10,5,6,3,6,Creative,Web,Creative,0,1,No,Web,Frontend Developer
S0733,22,Female,69.43,82.3,63,46,45,56,84,67,73,82,6,9,5,5,2,2,Creative,Web,Creative,1,4,No,Web,UI/UX Designer
S0286,19,Female,79.78,73.87,79,96,66,80,55,50,69,84,4,1,10,4,1,1,Technical,AI-ML,Logical,4,2,No,Python,AI/ML Engineer Trainee
S0366,20,Male,82.52,71.85,67,79,65,77,84,72,75,54,2,10,1,1,5,5,Creative,Web,Creative,4,0,No,Web,Frontend Developer
S0100,19,Female,84.72,60.87,78,53,48,63,78,52,83,74,2,3,10,5,2,5,Analytical,Data,Analytical,1,2,No,Statistics,Associate Data Analyst
S0334,20,Female,69.93,71.93,83,88,84,85,58,67,66,83,10,6,1,1,4,3,Technical,Web,Logical,0,1,Yes,Python,Junior Web Developer
S0579,18,Male,82.61,84.47,72,82,69,75,53,75,58,70,6,4,5,5,3,7,Technical,Cloud,Logical,0,1,No,Python,Cloud Operations Engineer
S0776,21,Female,89.32,79.89,40,57,55,44,80,65,77,82,6,6,5,2,6,6,Technical,Data,Analytical,0,3,No,Statistics,Quality Assurance Tester
S0027,18,Male,72.47,83.24,41,69,93,52,35,59,71,80,4,4,1,6,3,3,Analytical,Security,Analytical,1,1,No,Python,Junior Data Scientist
S1047,19,Male,75.31,94.82,93,76,89,75,54,38,56,94,3,1,9,1,5,1,Technical,Data,Logical,1,5,Yes,DBMS,Database Administrator
S0545,19,Male,69.52,69.18,72,97,49,71,48,64,50,72,9,2,6,5,5,2,Technical,Web,Logical,0,4,No,Python,Full Stack Developer
S0295,23,Female,81.42,83.24,61,78,53,87,54,34,67,91,10,5,4,1,3,5,Technical,Web,Logical,2,3,No,Web,Junior Web Developer
S0630,19,Female,88.83,89.34,66,76,62,81,76,74,68,90,3,1,4,2,3,10,Technical,Cloud,Logical,2,7,Yes,Python,Cloud Operations Engineer
S0148,20,Female,83.34,67.07,94,76,88,73,55,61,77,72,8,2,1,1,5,3,Technical,AI-ML,Logical,1,3,No,Python,Junior ML Engineer
S0869,21,Female,76.19,78.35,58,47,85,89,52,93,71,90,1,5,3,9,1,3,Management,Data,Leader,1,4,No,DBMS,Junior Business Analyst
S0182,20,Female,72.21,80.38,94,82,45,85,81,48,53,81,9,1,4,6,2,6,Technical,AI-ML,Logical,2,4,No,Python,Junior ML Engineer
S0474,17,Female,61.57,90.58,79,77,91,93,50,73,66,98,10,1,6,4,4,6,Technical,Web,Logical,2,2,No,Python,Backend Developer
S0598,19,Male,79.18,79.63,92,65,76,98,80,54,66,99,5,5,3,6,4,10,Technical,Cloud,Logical,1,4,No,Python,Cloud Operations Engineer
S0352,22,Male,69.39,99.0,98,77,94,99,45,53,91,99,10,6,4,5,3,4,Technical,Web,Logical,0,0,No,Web,Junior Web Developer
S0003,20,Female,67.12,84.7,96,63,91,57,49,45,96,76,2,5,9,3,4,4,Analytical,Data,Analytical,4,6,Yes,Python,Junior Data Scientist
S0955,25,Male,93.54,71.29,75,91,73,80,48,72,75,75,2,3,1,6,4,9,Technical,Cloud,Logical,1,5,Yes,Python,Junior DevOps Engineer
S0720,17,Other,60.99,90.81,56,68,59,89,100,41,60,72,5,9,3,3,2,3,Creative,Web,Creative,1,0,Yes,Web,UI/UX Designer
S0294,19,Male,73.13,66.09,88,81,49,83,65,55,79,82,10,6,4,5,5,2,Technical,Web,Logical,3,3,No,Python,Junior Web Developer
S0218,20,Male,83.62,80.81,95,95,57,98,65,39,58,72,2,1,10,6,2,2,Technical,AI-ML,Logical,3,2,No,Python,AI/ML Engineer Trainee
S0363,18,Male,84.98,72.29,73,47,80,60,94,30,65,74,1,8,2,6,3,1,Creative,Web,Creative,3,2,No,Web,Frontend Developer
S0974,19,Male,68.13,72.5,73,75,75,84,59,79,70,74,2,4,6,6,5,9,Technical,Cloud,Logical,0,2,No,Python,Junior DevOps Engineer
S0451,20,Other,81.37,95.75,65,78,66,81,82,61,51,92,8,5,5,1,1,6,Technical,Web,Logical,2,4,No,DBMS,Backend Developer
S0867,23,Female,78.25,81.09,54,74,72,67,68,79,87,75,3,1,5,7,2,5,Management,Data,Leader,3,7,Yes,Statistics,Junior Business Analyst
S0741,18,Male,91.81,81.21,59,64,85,88,86,30,82,68,1,7,1,5,5,5,Creative,Web,Creative,2,0,No,Web,UI/UX Designer
S0409,22,Male,81.37,87.06,62,44,46,69,88,58,74,70,1,7,4,5,3,2,Creative,Web,Creative,0,2,No,Web,Frontend Developer
S0571,23,Female,85.24,74.38,75,84,61,95,36,34,86,87,4,6,1,2,2,8,Technical,Cloud,Logical,1,3,No,Python,Cloud Operations Engineer
S0252,21,Male,92.81,79.2,79,100,52,76,85,76,60,77,5,2,7,4,5,5,Technical,AI-ML,Logical,1,1,Yes,Math,AI/ML Engineer Trainee
S0713,17,Female,87.52,93.83,69,76,54,82,99,40,58,83,6,10,4,5,6,5,Creative,Web,Creative,3,6,Yes,Web,UI/UX Designer
S1040,19,Female,78.02,93.3,82,98,74,93,35,59,73,83,1,1,7,6,1,1,Technical,Data,Logical,1,1,No,DBMS,Database Administrator
S0521,19,Female,79.38,99.0,73,80,71,87,57,65,51,85,10,2,6,1,2,5,Technical,Web,Logical,1,4,No,Python,Full Stack Developer
S0836,20,Male,94.54,92.11,97,97,63,84,62,44,78,94,9,5,5,6,5,3,Technical,Web,Analytical,1,2,No,Python,Quality Assurance Tester
S0531,21,Male,76.94,69.05,84,95,46,99,45,46,75,100,10,3,2,5,2,1,Technical,Web,Logical,0,4,No,Python,Full Stack Developer
S0483,21,Male,69.74,65.32,93,67,69,84,78,55,56,82,9,5,3,2,4,4,Technical,Web,Logical,3,0,No,DBMS,Backend Developer
S0091,20,Female,82.98,68.5,63,40,83,83,58,31,73,88,2,5,8,1,4,4,Analytical,Data,Analytical,1,2,Yes,Statistics,Associate Data Analyst
S0674,19,Male,80.9,88.01,60,65,89,78,64,46,99,96,2,3,6,2,10,2,Technical,Security,Logical,1,3,No,DBMS,Security Analyst Trainee
S0456,20,Male,75.52,95.45,60,71,73,83,62,50,54,97,9,2,6,4,6,3,Technical,Web,Logical,2,2,No,Python,Backend Developer
S0791,19,Female,81.68,72.02,70,82,51,73,36,67,50,82,7,6,4,3,3,6,Technical,Web,Analytical,3,4,No,Web,Quality Assurance Tester
S0969,21,Female,87.91,89.11,84,99,63,72,39,46,97,70,2,3,6,5,4,10,Technical,Cloud,Logical,3,5,Yes,DBMS,Junior DevOps Engineer
S0472,20,Female,76.06,91.12,74,65,48,86,45,35,62,71,10,3,1,3,3,3,Technical,Web,Logical,2,1,Yes,DBMS,Backend Developer
S0473,18,Female,82.22,82.09,67,65,72,89,85,37,63,74,10,1,6,5,5,2,Technical,Web,Logical,3,6,Yes,DBMS,Backend Developer
S0067,20,Male,77.22,69.37,73,40,67,76,71,42,89,86,1,5,7,1,3,6,Analytical,Data,Analytical,2,3,Yes,Statistics,Associate Data Analyst
S0857,19,Female,86.39,77.96,59,80,84,88,40,71,91,58,2,5,3,8,1,1,Management,Data,Leader,1,3,No,DBMS,Junior Business Analyst
S0198,22,Female,74.68,95.28,87,74,83,99,70,62,52,91,10,3,4,6,6,3,Technical,AI-ML,Logical,1,1,No,Python,Junior ML Engineer
S0993,19,Male,62.51,73.36,75,99,49,71,70,33,76,100,5,2,7,3,2,1,Technical,Data,Logical,1,4,No,DBMS,Database Administrator
S0314,24,Female,92.43,90.53,75,84,92,83,60,53,94,100,8,2,3,6,6,3,Technical,Web,Logical,5,3,No,Web,Junior Web Developer
S0496,18,Female,74.47,81.22,100,96,50,82,37,73,80,90,8,4,2,4,1,1,Technical,Web,Logical,2,3,No,DBMS,Full Stack Developer
S0089,22,Male,85.27,79.93,99,64,60,68,55,72,88,89,2,2,8,1,2,3,Analytical,Data,Analytical,3,3,No,DBMS,Associate Data Analyst
S0324,21,Female,83.95,89.03,98,95,77,89,65,79,87,86,10,5,3,1,3,5,Technical,Web,Logical,1,3,No,Python,Junior Web Developer
S0045,21,Male,76.18,63.34,93,48,64,71,72,31,87,81,5,1,8,3,2,3,Analytical,Data,Analytical,1,5,Yes,Statistics,Junior Data Scientist
S0471,20,Female,83.04,63.81,80,75,47,84,83,56,98,87,8,1,4,3,2,6,Technical,Web,Logical,3,3,No,Python,Backend Developer
S0898,19,Other,91.89,75.65,59,79,78,70,46,92,89,86,2,6,5,10,2,5,Management,Data,Leader,5,5,Yes,Statistics,Junior Business Analyst
S0066,22,Female,82.97,86.55,81,65,47,60,46,72,55,86,2,2,8,5,1,2,Analytical,Data,Analytical,0,4,No,Statistics,Associate Data Analyst
S0197,20,Male,73.7,77.2,92,69,66,73,38,40,83,77,7,6,4,4,1,5,Technical,AI-ML,Logical,2,3,No,Python,Junior ML Engineer
S0534,18,Male,74.96,57.45,89,100,87,90,65,30,65,75,7,5,5,6,1,1,Technical,Web,Logical,3,1,No,DBMS,Full Stack Developer
S0040,22,Female,71.22,70.87,61,75,82,70,45,60,72,73,2,2,10,2,6,6,Analytical,Data,Analytical,3,4,Yes,Math,Junior Data Scientist
S0633,19,Male,73.22,72.69,96,71,63,90,50,77,50,80,1,2,1,6,4,8,Technical,Cloud,Logical,0,3,No,DBMS,Cloud Operations Engineer
S1032,20,Male,84.83,73.79,93,100,59,83,46,33,75,83,2,2,9,4,6,2,Technical,Data,Logical,3,4,No,DBMS,Database Administrator
S0903,22,Male,79.21,73.18,57,52,87,73,48,86,100,80,5,1,6,9,1,3,Management,Data,Leader,3,3,No,DBMS,Junior Business Analyst
S0686,22,Male,70.02,79.33,69,69,61,61,85,57,87,71,4,5,2,6,1,3,Technical,Web,Logical,4,1,No,Python,Security Analyst Trainee
S0434,17,Female,73.18,63.65,65,94,54,90,63,79,94,86,8,6,2,5,4,3,Technical,Web,Logical,1,2,No,DBMS,Backend Developer
S0963,19,Female,69.07,75.26,91,86,65,81,41,41,79,79,3,4,3,4,3,10,Technical,Cloud,Logical,2,3,No,Python,Junior DevOps Engineer
S0801,19,Male,93.71,85.84,64,87,65,84,58,61,100,80,9,4,3,3,4,1,Technical,Web,Analytical,2,4,No,Web,Quality Assurance Tester
S0077,20,Male,76.54,83.88,71,61,52,85,51,78,81,84,5,1,10,1,3,5,Analytical,Data,Analytical,3,2,Yes,Statistics,Associate Data Analyst
S0711,19,Male,85.49,89.38,79,44,47,83,94,30,77,78,2,7,3,4,4,5,Creative,Web,Creative,3,2,No,Web,UI/UX Designer
S0310,20,Male,92.02,76.01,70,88,88,72,41,72,79,74,7,5,4,4,1,1,Technical,Web,Logical,3,1,No,Web,Junior Web Developer
S0872,22,Female,81.82,83.04,46,58,84,79,59,97,63,81,3,4,4,8,2,5,Management,Data,Leader,4,1,No,Statistics,Junior Business Analyst
S0706,19,Female,81.5,80.89,52,43,45,43,79,74,68,87,6,3,4,5,3,2,Creative,Security,Creative,0,4,No,Web,UI/UX Designer
S0697,19,Female,74.73,90.97,93,91,50,76,81,47,88,84,6,3,1,5,10,2,Technical,Security,Logical,6,4,Yes,DBMS,Security Analyst Trainee
S0090,20,Male,78.53,73.86,96,72,88,67,83,31,59,75,3,1,7,3,2,6,Analytical,Data,Analytical,4,3,No,DBMS,Associate Data Analyst
S0398,21,Male,82.61,79.34,85,53,76,64,82,49,54,79,4,9,4,6,2,4,Creative,Web,Creative,0,3,No,Web,Frontend Developer
S0874,18,Female,73.9,74.43,60,46,81,69,57,81,97,65,3,1,6,2,3,5,Management,AI-ML,Leader,1,2,No,Python,Junior Business Analyst
S0114,19,Male,93.28,86.86,74,44,48,78,79,32,86,73,4,1,9,6,6,1,Analytical,Data,Analytical,3,3,Yes,Statistics,Associate Data Analyst
S0538,19,Male,90.43,55.0,89,90,80,89,43,73,95,73,10,6,2,5,3,2,Technical,Web,Logical,2,2,Yes,DBMS,Full Stack Developer
S0284,19,Female,69.9,75.84,68,40,70,60,77,76,86,86,2,3,2,6,4,3,Technical,Web,Logical,0,2,No,Python,AI/ML Engineer Trainee
S0528,19,Female,90.35,73.33,67,87,61,73,64,75,84,99,8,5,1,4,6,5,Technical,Web,Logical,2,2,No,DBMS,Full Stack Developer
S0174,19,Female,80.42,57.1,75,74,51,89,82,35,53,78,8,5,4,4,2,5,Technical,AI-ML,Logical,1,2,No,Python,Junior ML Engineer
S0581,20,Female,91.67,80.85,92,99,71,94,61,42,100,78,6,1,1,2,5,9,Technical,Cloud,Logical,2,2,No,DBMS,Cloud Operations Engineer
S0416,19,Male,72.28,64.82,46,62,47,75,78,58,85,71,2,10,2,6,5,4,Creative,Web,Creative,2,4,Yes,Web,Frontend Developer
S0137,17,Female,70.97,82.99,62,96,68,88,48,80,64,90,10,3,2,2,5,4,Technical,AI-ML,Logical,0,3,No,Python,Junior ML Engineer
S0485,19,Male,75.43,83.57,70,100,69,84,61,78,76,87,10,1,1,6,5,1,Technical,Web,Logical,0,1,No,DBMS,Backend Developer
S0656,21,Female,84.78,94.25,73,75,55,74,83,47,73,77,3,6,2,6,9,6,Technical,Security,Logical,1,4,Yes,DBMS,Security Analyst Trainee
S0881,21,Female,83.26,83.42,67,45,97,56,39,77,85,71,4,4,6,9,4,3,Management,Data,Leader,4,7,Yes,DBMS,Junior Business Analyst
S0037,21,Female,77.35,71.3,71,64,53,89,65,32,64,73,5,1,8,4,6,4,Analytical,Data,Analytical,1,3,No,Math,Junior Data Scientist
S1027,21,Female,86.71,67.81,98,70,80,91,42,57,73,74,4,1,7,2,5,4,Technical,Data,Logical,1,3,No,DBMS,Database Administrator
S0004,19,Male,63.85,87.69,95,51,63,57,64,59,54,84,4,4,8,2,1,2,Analytical,Data,Analytical,2,2,No,Python,Junior Data Scientist
S0973,20,Female,84.3,84.79,71,94,67,72,78,41,89,80,1,5,5,3,2,7,Technical,Cloud,Logical,3,2,No,DBMS,Junior DevOps Engineer
S0992,19,Female,86.51,78.88,49,63,56,50,52,78,62,85,1,4,1,2,6,5,Technical,AI-ML,Logical,2,6,Yes,Python,Database Administrator
S0388,18,Male,68.44,82.63,57,73,59,64,95,74,91,71,5,8,4,2,6,6,Creative,Web,Creative,0,1,No,Web,Frontend Developer
S0610,19,Female,77.03,86.9,81,86,46,94,46,30,76,84,1,1,5,4,6,7,Technical,Cloud,Logical,2,4,No,Python,Cloud Operations Engineer
S0048,21,Female,77.65,79.51,99,42,65,82,53,77,90,82,1,4,10,3,1,5,Analytical,Data,Analytical,2,3,No,Math,Junior Data Scientist
S0753,20,Male,80.24,76.74,69,47,61,62,86,70,93,56,4,3,6,5,4,6,Creative,Web,Creative,3,5,Yes,Python,UI/UX Designer
S0001,19,Male,90.99,73.54,94,53,95,83,70,44,70,81,4,5,10,4,5,4,Analytical,Data,Analytical,1,3,No,Statistics,Junior Data Scientist
S0689,18,Female,76.33,80.71,72,76,87,76,61,58,97,86,6,4,6,6,7,2,Technical,Security,Logical,2,1,Yes,DBMS,Security Analyst Trainee
S0813,20,Male,76.36,64.75,90,72,48,81,38,42,55,87,8,3,1,5,5,4,Technical,Web,Analytical,3,4,Yes,Web,Quality Assurance Tester
S0360,19,Male,73.56,72.98,55,70,59,65,80,65,92,76,4,7,2,1,5,4,Creative,Web,Creative,1,5,Yes,Web,Frontend Developer
S0467,19,Male,90.88,74.47,67,72,54,81,69,57,58,90,8,2,5,3,3,3,Technical,Web,Logical,3,0,Yes,Python,Backend Developer
S0524,19,Male,69.71,68.25,90,86,86,100,64,46,89,97,7,6,2,1,6,6,Technical,Web,Logical,7,2,No,DBMS,Full Stack Developer
S0570,20,Male,94.76,81.31,97,70,80,100,60,61,85,93,2,2,1,5,3,8,Technical,Cloud,Logical,0,4,No,Python,Cloud Operations Engineer
S0763,18,Male,83.27,79.53,72,60,45,73,92,38,54,72,2,10,4,2,4,6,Creative,Web,Creative,6,5,Yes,Web,UI/UX Designer
S0441,18,Female,89.0,82.89,86,98,68,70,75,42,60,76,9,3,2,4,5,1,Technical,Web,Logical,5,5,Yes,DBMS,Backend Developer
S1014,22,Female,78.22,73.86,78,67,49,89,68,67,66,77,3,6,7,2,6,2,Technical,Data,Logical,1,4,No,DBMS,Database Administrator
S0503,17,Female,75.25,70.4,74,96,74,94,81,35,62,92,10,5,3,4,4,4,Technical,Web,Logical,1,2,Yes,Web,Full Stack Developer
S0764,17,Female,80.51,82.38,46,48,74,73,84,79,56,62,1,8,1,3,1,1,Creative,Web,Creative,0,4,No,Web,UI/UX Designer
S0307,21,Male,79.17,68.77,79,78,83,81,50,48,84,77,10,5,3,2,6,1,Technical,Web,Logical,4,5,Yes,Web,Junior Web Developer
S0552,19,Male,73.75,66.01,73,74,85,80,81,60,81,100,10,6,3,6,5,4,Technical,Web,Logical,3,3,No,DBMS,Full Stack Developer
S0074,23,Female,77.92,71.2,61,61,92,86,68,60,96,96,3,2,7,3,6,1,Analytical,Data,Analytical,2,4,No,Statistics,Associate Data Analyst
S1038,19,Female,88.29,78.94,66,100,81,81,58,79,86,73,2,2,8,6,6,5,Technical,Data,Logical,1,1,No,DBMS,Database Administrator
S0079,23,Male,88.45,86.44,91,43,76,60,76,61,74,95,3,5,10,1,5,1,Analytical,Data,Analytical,1,1,No,Statistics,Associate Data Analyst
S0119,22,Female,73.17,68.88,65,46,88,76,82,64,81,76,1,1,8,2,3,4,Analytical,Data,Analytical,2,4,Yes,Statistics,Associate Data Analyst
S0327,19,Male,76.58,77.45,66,80,53,97,49,48,57,82,9,2,4,6,2,1,Technical,Web,Logical,1,2,No,Python,Junior Web Developer
S0075,21,Female,85.2,85.24,77,48,65,70,59,36,71,88,5,2,10,6,6,6,Analytical,Data,Analytical,2,2,No,Statistics,Associate Data Analyst
S0049,21,Male,64.08,97.77,100,73,56,69,53,55,97,74,3,4,8,1,4,2,Analytical,Data,Analytical,5,4,No,Python,Junior Data Scientist
S1048,22,Female,80.72,74.77,82,84,70,95,55,74,58,76,2,1,9,5,4,4,Technical,Data,Logical,1,6,Yes,DBMS,Database Administrator
S0162,20,Male,84.46,73.15,92,85,86,96,37,62,57,90,7,5,3,6,1,2,Technical,AI-ML,Logical,3,3,No,Python,Junior ML Engineer
S0234,21,Female,85.81,81.59,75,70,76,83,53,57,77,70,2,5,10,2,3,2,Technical,AI-ML,Logical,3,3,No,Math,AI/ML Engineer Trainee
S1036,19,Male,72.23,85.83,76,91,80,71,57,60,69,80,3,5,10,4,6,4,Technical,Data,Logical,3,2,No,DBMS,Database Administrator
S0513,19,Male,87.83,86.1,61,97,52,73,73,65,75,95,7,3,1,3,1,5,Technical,Web,Logical,1,7,Yes,Python,Full Stack Developer
S0380,19,Male,80.49,56.74,65,57,83,72,98,58,81,65,2,9,4,6,1,5,Creative,Web,Creative,3,4,No,Web,Frontend Developer
S0261,17,Female,83.73,56.57,68,77,66,79,63,42,69,94,6,6,10,5,4,4,Technical,AI-ML,Logical,2,3,No,Math,AI/ML Engineer Trainee
S0664,18,Male,84.34,83.85,63,45,81,57,42,80,52,81,1,3,5,6,3,6,Technical,Cloud,Logical,3,2,Yes,Web,Security Analyst Trainee
S0946,21,Other,81.49,84.58,66,96,91,91,68,36,60,86,2,4,2,5,2,8,Technical,Cloud,Logical,3,6,Yes,DBMS,Junior DevOps Engineer
S0313,18,Male,84.1,91.75,92,97,86,94,61,38,94,72,10,5,2,1,5,5,Technical,Web,Logical,4,2,No,Python,Junior Web Developer
S0596,20,Male,69.38,79.02,81,80,58,99,53,60,98,96,6,1,3,3,3,10,Technical,Cloud,Logical,2,7,Yes,DBMS,Cloud Operations Engineer
S0873,19,Male,85.35,74.61,71,78,85,76,51,81,84,76,1,5,3,7,3,5,Management,Data,Leader,0,2,No,DBMS,Junior Business Analyst
S0359,19,Male,87.3,76.27,60,55,92,74,82,71,55,56,4,8,2,3,6,6,Creative,Web,Creative,1,1,No,Web,Frontend Developer
S1010,18,Male,83.72,78.2,93,96,74,87,48,56,56,72,6,1,9,5,1,6,Technical,Data,Logical,1,1,Yes,DBMS,Database Administrator
S0214,21,Female,70.35,90.65,76,85,60,73,54,30,64,84,6,2,8,3,2,1,Technical,AI-ML,Logical,1,5,Yes,Math,AI/ML Engineer Trainee
S0634,21,Male,86.58,73.16,70,77,85,89,65,54,71,75,3,2,4,3,1,8,Technical,Cloud,Logical,1,0,No,Python,Cloud Operations Engineer
S0790,20,Female,75.54,89.37,77,77,95,68,80,45,60,76,10,6,1,3,6,6,Technical,Web,Analytical,0,4,Yes,Python,Quality Assurance Tester
S0125,17,Female,84.22,88.05,56,65,86,70,74,64,88,83,2,6,6,4,4,4,Analytical,Web,Analytical,1,1,No,Python,Associate Data Analyst
S0035,20,Female,76.13,69.02,65,41,47,61,40,31,91,78,5,4,1,1,6,3,Analytical,AI-ML,Analytical,2,7,Yes,Math,Junior Data Scientist
S0480,22,Female,73.54,76.98,82,94,94,100,73,34,64,82,10,4,5,1,5,6,Technical,Web,Logical,2,1,No,Python,Backend Developer
S0335,21,Male,71.07,90.13,69,90,62,73,46,80,58,81,7,1,6,3,5,3,Technical,Web,Logical,1,1,No,Python,Junior Web Developer
S0303,18,Female,76.42,80.84,96,97,82,73,45,78,79,89,7,6,6,1,2,3,Technical,Web,Logical,0,5,Yes,Python,Junior Web Developer
S0626,17,Male,67.01,97.66,93,88,67,99,78,56,96,73,1,2,2,2,3,7,Technical,Cloud,Logical,2,3,No,DBMS,Cloud Operations Engineer
S0577,17,Male,78.66,74.07,87,71,64,89,81,52,55,85,3,2,2,2,4,10,Technical,Cloud,Logical,5,0,Yes,DBMS,Cloud Operations Engineer
S0953,20,Female,89.15,55.0,77,80,60,97,35,75,98,72,3,6,5,1,3,7,Technical,Cloud,Logical,5,5,Yes,DBMS,Junior DevOps Engineer
S0537,22,Female,67.5,77.6,71,91,80,85,75,68,57,72,8,5,6,6,2,1,Technical,Web,Logical,5,4,Yes,DBMS,Full Stack Developer
S0014,17,Male,78.63,76.39,89,49,75,67,45,49,84,99,1,3,10,4,1,1,Analytical,Data,Analytical,1,4,No,Statistics,Junior Data Scientist
S0788,17,Female,64.82,72.22,48,46,62,41,48,39,71,91,3,1,2,4,5,3,Technical,Web,Analytical,0,2,No,DBMS,Quality Assurance Tester
S0723,22,Female,75.75,82.28,84,79,92,71,94,37,86,70,5,8,6,5,1,6,Creative,Web,Creative,2,3,Yes,Web,UI/UX Designer
S0615,19,Female,71.51,92.55,79,75,72,80,83,64,100,96,1,2,5,1,5,9,Technical,Cloud,Logical,3,1,No,DBMS,Cloud Operations Engineer
S0415,20,Male,79.06,67.88,64,73,60,69,88,57,79,76,2,9,1,5,2,1,Creative,Web,Creative,1,2,No,Web,Frontend Developer
S0229,21,Male,80.1,57.62,69,99,66,82,79,44,95,88,3,3,10,3,6,6,Technical,AI-ML,Logical,2,5,Yes,Python,AI/ML Engineer Trainee
S0529,22,Female,91.71,91.01,75,85,79,84,41,75,95,84,7,5,6,3,5,2,Technical,Web,Logical,2,2,No,DBMS,Full Stack Developer
S0160,17,Female,78.48,75.53,84,89,57,75,66,44,67,75,8,6,3,3,4,3,Technical,AI-ML,Logical,0,4,No,Python,Junior ML Engineer
S0583,18,Female,78.49,61.38,87,94,72,77,39,46,73,82,5,4,1,2,3,10,Technical,Cloud,Logical,1,2,No,Python,Cloud Operations Engineer
S1019,18,Male,70.57,77.13,64,51,77,45,36,45,93,95,5,4,2,6,2,1,Technical,Security,Logical,1,4,Yes,Math,Database Administrator
S0237,20,Female,84.75,67.57,64,99,78,89,79,43,95,89,1,2,9,3,6,1,Technical,AI-ML,Logical,1,1,Yes,Python,AI/ML Engineer Trainee
S0619,19,Female,79.24,64.75,70,83,95,77,37,78,85,99,3,2,6,5,6,10,Technical,Cloud,Logical,0,3,No,Python,Cloud Operations Engineer
S0967,21,Female,70.53,87.38,90,72,47,76,64,72,67,92,2,4,2,3,5,7,Technical,Cloud,Logical,3,3,Yes,DBMS,Junior DevOps Engineer
S0053,20,Female,73.01,81.12,91,79,60,80,66,51,61,83,5,2,7,2,2,5,Analytical,Data,Analytical,1,8,Yes,Math,Junior Data Scientist
S0109,18,Male,75.26,82.57,84,46,51,73,45,48,51,96,1,5,8,4,3,1,Analytical,Data,Analytical,1,4,Yes,Statistics,Associate Data Analyst
S0159,20,Male,84.65,89.76,77,69,54,79,58,42,94,70,9,5,2,4,2,2,Technical,AI-ML,Logical,2,3,No,Math,Junior ML Engineer
S0308,20,Male,86.33,64.37,70,67,54,97,61,37,98,83,9,1,2,3,5,3,Technical,Web,Logical,1,6,Yes,Web,Junior Web Developer
S0551,20,Female,91.9,77.24,93,89,90,85,49,73,64,90,9,5,3,6,2,4,Technical,Web,Logical,1,2,No,DBMS,Full Stack Developer
S0238,17,Male,62.27,87.77,77,71,53,76,77,39,55,71,1,5,7,6,1,4,Technical,AI-ML,Logical,1,1,No,Python,AI/ML Engineer Trainee
S0117,18,Female,67.16,82.81,75,49,83,60,73,41,78,98,4,1,10,1,2,4,Analytical,Data,Analytical,1,3,No,DBMS,Associate Data Analyst
S0971,20,Male,77.03,77.48,68,57,58,49,68,50,88,89,3,3,5,5,6,3,Technical,Security,Logical,4,2,No,Math,Junior DevOps Engineer
S0937,18,Male,71.78,83.39,43,46,61,40,59,80,89,91,4,4,1,3,1,4,Technical,Data,Logical,1,5,Yes,DBMS,Junior DevOps Engineer
S2000,19,Male,80.84,72.14,63,90,61,73,47,66,61,91,4,1,7,1,5,10,Technical,Cloud,Logical,0,6,No,Python,Junior DevOps Engineer
S2001,24,Male,75.93,74.74,78,69,65,72,100,62,56,64,1,10,2,7,1,4,Creative,Web,Creative,2,3,No,Web,Frontend Developer
S2002,24,Female,76.87,70.05,62,78,74,93,56,75,55,73,4,3,10,5,1,5,Technical,AI-ML,Logical,1,2,No,Math,AI/ML Engineer Trainee
S2003,23,Male,62.11,75.0,78,100,84,96,44,52,89,98,1,5,3,3,10,1,Technical,Security,Logical,4,0,No,DBMS,Security Analyst Trainee
S2004,20,Female,88.27,83.83,76,48,87,81,99,35,77,68,7,10,5,4,4,4,Creative,Web,Creative,2,4,No,Web,UI/UX Designer
S2005,18,Male,70.76,69.9,89,100,58,69,50,78,85,87,5,1,1,3,4,5,Technical,AI-ML,Logical,5,2,Yes,Math,Junior ML Engineer
S2006,21,Female,71.71,70.95,83,85,69,96,39,35,47,86,5,3,3,1,3,10,Technical,Cloud,Logical,0,1,No,Python,Junior DevOps Engineer
S2007,20,Other,91.73,92.64,90,78,71,77,69,57,83,65,5,4,3,7,4,10,Technical,Cloud,Logical,0,5,No,DBMS,Junior DevOps Engineer
S2008,18,Male,72.63,61.33,50,64,48,78,85,51,91,78,1,10,3,4,4,2,Creative,Web,Creative,2,4,Yes,Web,Frontend Developer
S2009,19,Male,94.95,59.71,90,100,80,96,45,69,88,78,10,4,2,6,4,1,Technical,Web,Logical,3,4,Yes,DBMS,Full Stack Developer
S2010,20,Female,70.99,73.78,82,50,77,66,87,52,53,55,5,8,3,8,2,1,Creative,Web,Creative,3,2,Yes,Web,UI/UX Designer
S2011,17,Female,77.0,82.49,74,100,95,100,35,73,61,85,8,5,5,1,5,7,Technical,AI-ML,Logical,4,2,No,Python,Junior ML Engineer
S2012,19,Male,81.26,59.57,89,84,94,88,38,64,50,95,6,4,4,2,4,7,Technical,AI-ML,Logical,0,8,Yes,Python,Junior ML Engineer
S2013,21,Female,75.6,86.46,55,73,52,42,35,40,56,99,7,7,2,6,2,8,Technical,AI-ML,Logical,2,2,Yes,Math,AI/ML Engineer Trainee
S2014,21,Other,73.38,90.57,77,60,91,88,59,85,95,63,8,5,4,6,1,6,Management,Data,Leader,2,3,No,DBMS,Junior Business Analyst
S2015,19,Female,72.44,82.83,100,100,81,69,46,77,81,92,9,4,8,1,1,4,Technical,Web,Logical,0,6,Yes,Python,Junior Web Developer
S2016,17,Female,69.58,77.02,100,100,57,83,45,80,84,90,10,5,4,2,3,1,Technical,Web,Logical,3,5,No,DBMS,Full Stack Developer
S2017,18,Male,90.8,75.14,91,79,48,85,55,55,75,93,3,2,4,3,2,8,Technical,Cloud,Logical,3,1,No,DBMS,Cloud Operations Engineer
S2018,20,Female,80.43,70.56,80,54,49,63,83,62,85,70,5,9,1,4,4,7,Creative,Web,Creative,2,2,No,Web,UI/UX Designer
S2019,18,Female,90.37,76.21,93,71,68,86,40,70,78,87,4,4,5,1,8,10,Technical,Cloud,Logical,3,6,No,Python,Junior DevOps Engineer
S2020,21,Female,90.84,85.31,48,73,45,74,97,69,81,57,1,10,3,7,8,1,Creative,Web,Creative,5,3,No,Web,UI/UX Designer
S2021,18,Female,80.38,76.92,57,59,45,69,83,52,94,84,4,10,6,3,1,5,Creative,Web,Creative,1,2,No,Web,UI/UX Designer
S2022,23,Female,85.01,72.11,79,87,64,100,61,67,58,68,2,1,10,5,5,6,Technical,Data,Logical,2,5,Yes,DBMS,Database Administrator
S2023,24,Female,82.38,92.25,80,77,87,100,35,52,60,68,1,2,10,6,1,6,Technical,AI-ML,Logical,3,7,Yes,Math,AI/ML Engineer Trainee
S2024,18,Female,74.9,74.13,57,80,48,72,59,68,55,87,5,1,3,5,10,6,Technical,Security,Logical,2,2,No,DBMS,Security Analyst Trainee
S2025,20,Male,81.55,87.17,78,100,59,75,63,64,89,97,10,3,3,4,6,7,Technical,Web,Analytical,2,2,No,Web,Quality Assurance Tester
S2026,21,Female,91.09,86.28,77,90,75,84,43,78,91,86,10,4,6,2,3,1,Technical,Web,Logical,1,3,No,DBMS,Full Stack Developer
S2027,18,Male,77.17,91.58,79,73,53,100,64,64,66,89,10,8,3,5,1,2,Technical,Web,Logical,4,7,Yes,Python,Backend Developer
S2028,18,Male,70.07,96.51,69,95,50,100,48,47,57,75,9,8,5,3,1,3,Technical,Web,Logical,3,3,No,Web,Junior Web Developer
S2029,20,Female,67.37,69.47,98,64,90,90,35,36,79,100,4,1,10,1,1,1,Analytical,Data,Analytical,2,6,Yes,DBMS,Associate Data Analyst
S2030,19,Male,83.61,67.96,64,65,51,62,99,41,74,49,6,5,8,5,1,4,Creative,Web,Creative,1,2,No,Web,UI/UX Designer
S2031,17,Male,90.7,82.79,59,56,88,87,100,37,78,67,1,9,1,7,5,5,Creative,Web,Creative,2,1,No,Web,UI/UX Designer
S2032,19,Female,75.37,84.07,95,100,82,70,41,83,87,97,10,8,5,1,2,1,Technical,Web,Logical,0,4,Yes,Python,Junior Web Developer
S2033,19,Male,80.42,63.28,82,72,63,92,66,59,56,90,10,8,6,1,5,6,Technical,Web,Logical,2,7,Yes,Python,Full Stack Developer
S2034,19,Male,68.62,75.89,61,55,74,52,35,42,85,92,6,2,6,4,4,1,Technical,Security,Logical,2,4,Yes,Math,Database Administrator
S2035,20,Other,88.72,74.0,63,69,55,85,86,55,59,81,2,4,1,4,2,9,Technical,Cloud,Logical,1,3,No,Python,Junior DevOps Engineer
S2036,19,Male,77.4,86.25,63,100,63,78,67,85,82,88,10,3,3,5,6,2,Technical,Web,Logical,1,1,No,DBMS,Backend Developer
S2037,19,Male,69.96,75.83,100,82,91,79,84,88,67,91,4,3,5,1,2,10,Technical,Cloud,Logical,2,4,Yes,Python,Junior DevOps Engineer
S2038,21,Female,83.92,90.27,73,71,70,95,53,49,91,86,10,3,6,7,3,1,Technical,Web,Analytical,0,4,Yes,Web,Quality Assurance Tester
S2039,21,Male,79.75,80.86,76,59,88,88,97,75,70,69,3,10,7,2,8,1,Creative,Web,Creative,2,7,Yes,Web,UI/UX Designer
S2040,19,Female,89.59,82.2,69,56,49,57,80,40,58,94,2,6,3,1,3,4,Technical,AI-ML,Logical,4,2,Yes,Math,Junior ML Engineer
S2041,20,Male,63.15,91.96,72,66,84,87,46,35,88,85,2,7,1,4,10,6,Technical,Security,Logical,3,1,Yes,DBMS,Security Analyst Trainee
S2042,21,Female,87.98,57.58,54,53,72,51,100,54,86,72,4,5,1,4,8,1,Creative,Web,Creative,3,2,No,DBMS,Frontend Developer
S2043,20,Female,84.52,81.82,65,94,64,76,75,36,91,74,1,5,6,2,4,10,Technical,Cloud,Logical,3,3,No,DBMS,Junior DevOps Engineer
S2044,20,Female,75.2,64.51,57,85,79,90,61,41,95,72,10,6,4,3,5,6,Technical,Web,Logical,5,4,No,Web,Full Stack Developer
S2045,18,Female,77.61,73.98,65,73,88,72,90,90,59,70,5,8,4,1,4,7,Management,Security,Leader,1,2,No,DBMS,Junior Business Analyst
S2046,20,Male,82.92,83.82,87,69,83,100,51,69,55,66,1,4,10,2,4,3,Technical,AI-ML,Logical,1,4,No,Python,AI/ML Engineer Trainee
S2047,17,Female,82.19,59.19,79,97,59,82,77,35,100,83,3,3,10,2,4,3,Technical,Data,Logical,4,6,Yes,DBMS,Database Administrator
S2048,17,Other,93.59,84.99,47,52,72,61,85,75,89,68,4,10,6,5,1,5,Creative,Web,Creative,1,0,No,Web,Frontend Developer
S2049,20,Female,92.87,89.16,99,75,76,91,79,47,77,98,3,2,1,8,10,1,Technical,Security,Logical,1,2,No,DBMS,Security Analyst Trainee
S2050,19,Female,82.62,76.09,62,56,89,57,100,37,92,52,4,10,7,2,2,2,Creative,Web,Creative,4,5,No,Web,Frontend Developer
S2051,18,Male,80.95,88.16,75,66,76,77,97,59,64,84,5,10,5,3,5,2,Creative,Web,Creative,0,1,No,Web,UI/UX Designer
S2052,18,Female,80.13,74.95,72,70,85,76,82,79,70,55,5,5,7,2,5,6,Management,Security,Leader,0,5,No,DBMS,Junior Business Analyst
S2053,17,Male,82.56,74.09,70,100,65,74,36,35,100,90,2,1,2,1,4,10,Technical,Cloud,Logical,0,4,No,DBMS,Cloud Operations Engineer
S2054,20,Female,85.45,57.88,40,63,89,82,57,78,57,78,4,1,4,7,4,1,Management,Data,Leader,3,4,Yes,DBMS,Junior Business Analyst
S2055,22,Other,88.51,80.04,89,79,69,78,78,46,76,95,4,1,9,4,6,3,Technical,AI-ML,Logical,0,5,No,Python,AI/ML Engineer Trainee
S2056,17,Male,83.47,78.55,63,98,69,76,65,65,92,94,10,3,1,7,1,6,Technical,Web,Logical,4,7,Yes,Python,Junior Web Developer
S2057,17,Male,74.69,88.37,75,57,69,60,77,35,84,77,3,10,4,8,1,4,Creative,Web,Creative,3,2,Yes,Web,UI/UX Designer
S2058,21,Female,95.12,89.97,78,52,58,82,94,61,70,57,4,10,5,1,4,1,Creative,Web,Creative,1,2,No,Web,UI/UX Designer
S2059,19,Female,82.36,95.08,83,82,46,78,52,38,91,95,10,5,3,5,3,5,Technical,Web,Logical,1,4,No,Python,Backend Developer
S2060,18,Male,89.6,54.3,89,96,85,87,47,81,95,65,10,5,1,5,2,1,Technical,Web,Logical,2,2,Yes,DBMS,Full Stack Developer
S2061,19,Male,83.36,72.72,56,87,64,62,84,62,83,100,4,8,9,3,6,2,Analytical,AI-ML,Analytical,2,3,No,Statistics,Junior Data Scientist
S2062,21,Female,75.61,70.44,78,61,57,81,70,69,74,74,2,5,10,3,4,2,Technical,Data,Logical,2,5,No,DBMS,Database Administrator
S2063,18,Male,79.74,81.22,89,92,79,100,70,54,56,85,4,4,9,3,1,2,Technical,AI-ML,Logical,4,2,No,Math,AI/ML Engineer Trainee
S2064,20,Male,78.36,64.55,68,94,56,72,91,67,100,91,9,4,5,5,5,3,Technical,Web,Analytical,2,5,No,Python,Quality Assurance Tester
S2065,18,Female,73.75,71.73,83,77,87,86,62,78,71,71,2,5,9,4,5,2,Technical,Data,Logical,2,1,No,DBMS,Database Administrator
S2066,20,Male,71.75,78.55,78,97,63,89,66,35,81,98,2,4,10,1,1,4,Technical,AI-ML,Logical,1,6,No,Math,AI/ML Engineer Trainee
S2067,18,Female,83.14,80.17,75,35,78,65,100,64,97,69,5,10,1,6,4,2,Creative,Web,Creative,3,2,No,Web,Frontend Developer
S2068,20,Male,81.42,70.79,47,56,70,56,90,35,49,72,6,10,3,1,2,1,Creative,Web,Creative,2,2,Yes,Web,UI/UX Designer
S2069,21,Male,68.56,62.32,59,70,70,100,79,50,68,83,10,8,6,7,4,8,Technical,Web,Logical,1,7,Yes,Web,Junior Web Developer
S2070,18,Female,82.81,88.78,64,65,68,74,76,70,86,70,7,4,10,2,1,1,Analytical,Data,Analytical,1,4,Yes,Statistics,Associate Data Analyst
S2071,19,Female,94.16,60.87,56,75,92,80,52,36,100,78,8,2,1,6,4,5,Technical,Web,Logical,2,1,No,Web,Full Stack Developer
S2072,23,Male,88.33,59.02,76,40,95,85,41,41,78,75,3,2,8,4,3,1,Analytical,AI-ML,Analytical,1,7,Yes,Statistics,Junior Data Scientist
S2073,23,Female,83.55,82.54,73,70,64,66,64,93,86,57,1,6,6,7,5,3,Management,Data,Leader,1,4,Yes,DBMS,Junior Business Analyst
S2074,18,Male,74.19,59.29,67,54,71,83,47,91,84,85,4,2,7,6,5,6,Management,Data,Leader,0,3,No,DBMS,Junior Business Analyst
S2075,24,Female,79.3,73.38,59,66,98,79,75,68,94,89,3,1,9,3,5,1,Analytical,Data,Analytical,3,5,No,Statistics,Associate Data Analyst
S2076,18,Female,70.86,88.98,88,56,86,70,45,54,98,99,4,2,10,3,4,8,Analytical,Data,Analytical,2,5,No,DBMS,Associate Data Analyst
S2077,22,Female,86.6,71.53,82,92,69,91,42,38,92,94,2,4,2,1,1,10,Technical,Cloud,Logical,1,3,No,Python,Cloud Operations Engineer
S2078,23,Other,76.47,79.56,83,100,94,81,63,45,71,68,10,4,3,5,4,4,Technical,Web,Logical,4,1,No,DBMS,Full Stack Developer
S2079,18,Female,79.19,70.66,91,100,59,79,51,57,65,86,5,1,10,3,3,1,Technical,AI-ML,Logical,5,3,No,Python,AI/ML Engineer Trainee
S2080,22,Female,89.75,60.63,83,67,89,77,92,75,72,87,1,4,10,6,3,2,Analytical,Data,Analytical,2,1,No,DBMS,Associate Data Analyst
S2081,24,Male,76.82,69.48,69,75,67,49,39,77,87,68,7,4,5,10,3,1,Management,Data,Leader,5,3,No,Statistics,Junior Business Analyst
S2082,20,Other,83.18,78.22,89,76,75,73,80,50,75,96,3,4,9,3,5,5,Technical,AI-ML,Logical,1,6,No,Python,AI/ML Engineer Trainee
S2083,21,Female,71.97,59.49,70,94,52,93,72,46,62,68,5,1,10,1,6,4,Technical,AI-ML,Logical,2,1,No,Math,AI/ML Engineer Trainee
S2084,19,Female,72.9,95.85,65,53,58,59,47,35,66,82,6,6,10,3,1,3,Analytical,Data,Analytical,0,5,No,DBMS,Associate Data Analyst
S2085,21,Male,65.55,85.77,80,65,81,78,87,44,74,89,1,10,5,4,6,6,Creative,Web,Creative,3,3,No,Web,Frontend Developer
S2086,19,Female,87.32,87.89,63,84,44,91,75,57,78,79,4,1,6,5,6,10,Technical,Cloud,Logical,2,3,No,DBMS,Junior DevOps Engineer
S2087,22,Male,72.94,66.77,70,46,67,67,63,67,85,57,5,1,9,8,4,6,Management,Data,Leader,3,0,No,DBMS,Junior Business Analyst
S2088,20,Female,92.01,72.7,65,54,76,73,66,71,76,49,6,3,5,10,2,4,Management,Data,Leader,0,0,Yes,Statistics,Junior Business Analyst
S2089,23,Female,87.31,80.95,76,87,60,98,86,74,69,88,3,3,10,2,1,4,Technical,Data,Logical,2,6,No,DBMS,Database Administrator
S2090,20,Female,61.91,73.19,73,42,69,65,91,52,71,83,1,10,2,6,1,5,Creative,Web,Creative,1,2,No,Web,UI/UX Designer
S2091,20,Male,84.95,85.4,49,44,61,70,45,55,91,83,6,5,6,4,3,7,Analytical,Web,Analytical,5,1,No,DBMS,Associate Data Analyst
S2092,21,Male,87.09,81.97,76,67,92,83,78,54,73,88,1,1,10,5,6,1,Analytical,Data,Analytical,1,1,No,Statistics,Associate Data Analyst
S2093,19,Male,65.46,74.16,74,71,65,64,81,74,57,79,3,3,9,8,3,2,Management,Data,Leader,4,4,Yes,Statistics,Junior Business Analyst
S2094,21,Male,83.03,83.54,82,80,76,75,80,58,55,89,8,6,3,2,1,8,Technical,Web,Analytical,1,3,Yes,Web,Quality Assurance Tester
S2095,18,Female,73.08,74.28,58,78,55,67,61,63,51,82,5,2,1,8,10,5,Technical,Security,Logical,2,2,No,DBMS,Security Analyst Trainee
S2096,20,Female,78.81,83.46,91,45,76,74,71,45,75,80,3,4,8,2,4,3,Analytical,AI-ML,Analytical,3,3,No,Python,Junior Data Scientist
S2097,20,Other,75.27,86.38,67,62,79,78,89,72,79,68,6,10,6,6,4,2,Creative,Web,Creative,2,4,Yes,Web,UI/UX Designer
S2098,18,Male,86.9,88.32,65,100,86,91,76,43,53,99,3,4,9,4,5,4,Technical,AI-ML,Logical,1,2,No,Python,AI/ML Engineer Trainee
S2099,17,Male,73.49,81.01,60,62,58,84,78,73,71,89,3,3,10,4,4,1,Analytical,Data,Analytical,1,6,Yes,Statistics,Associate Data Analyst
S2100,19,Male,80.08,88.51,55,82,96,89,84,100,84,70,8,1,9,7,1,1,Management,Data,Leader,2,10,Yes,Statistics,Junior Business Analyst
S2101,23,Male,69.42,76.12,84,92,82,94,35,52,85,99,1,4,7,1,10,1,Technical,Security,Logical,5,1,No,DBMS,Security Analyst Trainee
S2102,25,Female,80.64,54.92,100,79,46,100,54,59,96,72,1,1,5,6,10,4,Technical,Security,Logical,2,2,No,DBMS,Security Analyst Trainee
S2103,19,Male,82.58,59.89,70,77,76,76,58,35,59,91,1,7,7,2,1,6,Technical,AI-ML,Logical,2,2,No,Math,AI/ML Engineer Trainee
S2104,21,Female,72.27,68.72,75,87,92,73,72,78,83,94,3,4,10,4,3,5,Technical,Data,Logical,3,5,Yes,DBMS,Database Administrator
S2105,17,Female,92.65,83.41,59,57,88,58,56,81,60,96,1,2,9,9,4,3,Management,Data,Leader,3,3,No,DBMS,Junior Business Analyst
S2106,19,Female,91.4,65.61,61,54,80,49,79,62,91,84,5,3,2,1,1,7,Technical,AI-ML,Logical,3,3,No,Python,Junior ML Engineer
S2107,18,Female,89.51,76.89,96,86,86,100,72,58,81,72,8,2,8,4,4,1,Technical,AI-ML,Logical,0,6,No,Python,AI/ML Engineer Trainee
S2108,18,Male,78.32,72.7,58,71,57,77,47,36,87,77,1,6,4,2,2,10,Technical,Cloud,Logical,6,2,No,DBMS,Junior DevOps Engineer
S2109,20,Male,73.45,71.58,74,100,47,100,35,74,71,78,10,7,4,4,6,1,Technical,Web,Logical,0,1,Yes,Python,Junior Web Developer
S2110,19,Female,81.53,72.87,87,49,55,63,87,57,88,76,4,10,1,5,5,6,Creative,Web,Creative,0,2,No,Web,UI/UX Designer
S2111,24,Female,67.69,75.05,82,84,94,99,66,38,88,75,2,5,7,6,1,5,Technical,AI-ML,Logical,1,2,No,Python,AI/ML Engineer Trainee
S2112,19,Male,77.1,71.66,50,52,61,74,99,60,70,63,6,10,1,4,1,3,Creative,Web,Creative,3,4,No,Web,UI/UX Designer
S2113,19,Other,71.13,72.78,39,78,80,59,45,78,73,84,7,6,2,2,1,5,Technical,AI-ML,Logical,3,5,Yes,Math,Junior ML Engineer
S2114,20,Female,80.44,73.08,81,73,54,98,70,35,67,75,5,1,7,6,6,3,Analytical,AI-ML,Analytical,1,4,No,Math,Junior Data Scientist
S2115,19,Male,96.2,70.58,82,84,54,92,47,62,66,100,4,5,4,1,6,10,Technical,Cloud,Logical,0,1,No,Python,Junior DevOps Engineer
S2116,20,Female,95.04,71.6,87,48,89,68,39,79,87,73,6,7,7,5,4,7,Analytical,AI-ML,Analytical,1,1,No,Statistics,Junior Data Scientist
S2117,20,Male,68.01,60.18,46,64,49,78,85,51,79,67,1,10,2,7,5,3,Creative,Web,Creative,1,6,Yes,Web,Frontend Developer
S2118,19,Female,97.08,95.01,43,48,93,45,62,51,85,97,5,4,5,7,10,6,Technical,Security,Logical,2,4,No,Web,Security Analyst Trainee
S2119,21,Female,82.33,88.28,77,95,74,77,69,35,77,100,4,4,10,2,5,1,Technical,Data,Logical,3,2,No,DBMS,Database Administrator
S2120,21,Female,96.11,91.55,74,77,44,87,99,69,82,64,2,10,8,3,6,4,Creative,Web,Creative,1,7,Yes,Web,UI/UX Designer
S2121,18,Other,89.03,59.46,82,80,72,94,64,36,93,80,8,5,1,3,3,3,Technical,AI-ML,Logical,3,1,No,Python,Junior ML Engineer
S2122,21,Female,78.0,56.84,96,82,62,85,65,63,61,88,3,5,6,5,6,5,Technical,AI-ML,Logical,2,1,No,Math,AI/ML Engineer Trainee
S2123,20,Male,83.75,66.46,63,48,95,59,91,37,59,74,2,10,5,3,5,5,Creative,Web,Creative,1,7,Yes,Web,Frontend Developer
S2124,22,Female,79.36,72.59,100,67,91,69,44,77,52,76,4,7,5,3,5,10,Technical,Cloud,Logical,1,2,Yes,Python,Cloud Operations Engineer
S2125,19,Male,72.52,85.14,76,81,79,79,53,66,88,83,3,2,6,6,6,8,Technical,Cloud,Logical,7,2,No,Python,Junior DevOps Engineer
S2126,18,Female,64.23,52.76,86,80,93,96,84,59,100,79,1,1,9,5,3,1,Technical,Data,Logical,0,4,Yes,DBMS,Database Administrator
S2127,19,Female,93.8,79.56,73,100,90,88,68,36,80,73,3,2,4,3,5,10,Technical,Cloud,Logical,2,2,No,DBMS,Junior DevOps Engineer
S2128,17,Female,85.2,91.9,87,76,95,87,75,73,60,94,4,8,1,6,4,10,Technical,Cloud,Logical,1,2,No,DBMS,Junior DevOps Engineer
S2129,18,Female,83.44,86.6,56,67,40,62,81,45,48,93,1,7,6,1,3,1,Analytical,AI-ML,Analytical,1,6,Yes,Python,Associate Data Analyst
S2130,19,Female,88.75,77.71,93,46,100,63,92,75,83,89,2,4,10,3,6,3,Analytical,Data,Analytical,1,4,No,DBMS,Associate Data Analyst
S2131,19,Male,68.87,93.34,70,38,82,48,88,50,71,61,5,5,2,3,8,2,Creative,Web,Creative,4,3,No,DBMS,UI/UX Designer
S2132,22,Male,84.74,96.49,71,68,60,100,35,35,58,86,1,3,3,4,1,8,Technical,Cloud,Logical,3,2,No,DBMS,Junior DevOps Engineer
S2133,19,Female,78.98,91.55,81,81,98,71,78,44,61,77,10,7,3,4,8,8,Technical,Web,Analytical,0,4,Yes,Python,Quality Assurance Tester
S2134,19,Male,88.95,76.87,84,91,91,100,61,35,78,70,1,2,7,1,10,4,Technical,Security,Logical,0,5,No,DBMS,Security Analyst Trainee
S2135,19,Female,88.47,85.05,92,100,90,89,62,57,62,94,1,6,8,3,1,10,Technical,Cloud,Logical,5,4,Yes,Python,Cloud Operations Engineer
S2136,22,Male,84.08,82.12,66,37,39,70,93,63,76,74,1,10,3,4,3,1,Creative,Web,Creative,0,4,No,Web,Frontend Developer
S2137,18,Female,83.84,83.75,96,71,73,72,53,42,69,84,10,2,4,5,3,4,Technical,Web,Logical,1,7,Yes,Web,Full Stack Developer
S2138,21,Male,81.49,74.38,100,98,64,83,52,35,69,91,3,1,10,5,7,1,Technical,Data,Logical,4,5,No,DBMS,Database Administrator
S2139,22,Female,85.55,74.22,85,79,65,100,63,78,63,82,4,2,10,4,5,5,Technical,Data,Logical,2,5,Yes,DBMS,Database Administrator
S2140,22,Other,72.93,85.51,78,89,68,64,81,57,60,70,4,3,2,5,5,10,Technical,Cloud,Logical,3,5,No,Python,Cloud Operations Engineer
S2141,18,Male,70.48,84.4,50,38,58,45,58,81,91,98,3,5,1,4,1,7,Technical,Cloud,Logical,1,7,Yes,DBMS,Junior DevOps Engineer
S2142,23,Male,68.82,90.28,53,69,66,76,84,73,52,88,4,7,2,7,1,5,Technical,AI-ML,Logical,0,0,No,Math,Junior ML Engineer
S2143,20,Female,90.21,68.15,80,84,79,84,60,35,68,100,10,4,3,1,7,1,Technical,Web,Logical,7,3,Yes,Python,Backend Developer
S2144,19,Female,70.97,70.54,78,42,81,75,35,71,78,83,2,1,10,4,4,1,Analytical,Data,Analytical,3,0,No,Statistics,Associate Data Analyst
S2145,18,Female,80.37,60.37,76,76,47,68,84,35,89,50,1,10,5,1,2,8,Creative,Web,Creative,2,0,No,Web,UI/UX Designer
S2146,17,Female,89.43,87.69,96,77,58,59,86,84,61,100,5,5,10,5,2,2,Analytical,Data,Analytical,3,3,Yes,DBMS,Associate Data Analyst
S2147,20,Female,84.69,78.78,99,82,61,81,56,41,81,72,10,5,4,3,4,4,Technical,Web,Analytical,0,4,Yes,Python,Quality Assurance Tester
S2148,21,Female,86.54,68.13,68,36,83,85,59,35,68,84,4,3,10,1,6,5,Analytical,Data,Analytical,1,3,Yes,Statistics,Associate Data Analyst
S2149,21,Female,75.86,91.42,73,96,74,81,67,35,69,99,4,5,10,5,5,3,Technical,Data,Logical,3,1,No,DBMS,Database Administrator
S2150,18,Male,83.01,85.04,62,97,74,76,55,40,74,100,1,4,7,1,8,1,Technical,Data,Logical,2,3,No,DBMS,Database Administrator
S2151,20,Female,85.81,85.11,81,90,61,74,50,44,64,78,10,1,1,4,5,5,Technical,AI-ML,Logical,3,3,Yes,Math,Junior ML Engineer
S2152,22,Male,77.86,86.22,83,89,45,71,35,54,92,89,10,6,2,2,3,1,Technical,Web,Logical,1,6,Yes,DBMS,Backend Developer
S2153,18,Other,81.69,85.66,100,100,89,84,42,64,99,76,10,4,1,7,6,7,Technical,Web,Logical,1,9,Yes,Python,Full Stack Developer
S2154,19,Female,74.13,77.56,65,65,62,87,90,44,75,63,6,10,1,1,2,2,Creative,Web,Creative,2,2,No,Web,UI/UX Designer
S2155,22,Female,74.84,98.95,80,100,52,99,81,52,50,79,10,4,5,5,7,3,Technical,Web,Logical,2,3,No,Python,Backend Developer
S2156,20,Female,90.76,83.56,55,69,58,55,55,71,68,81,1,2,5,1,7,7,Technical,AI-ML,Logical,2,6,Yes,Python,Database Administrator
S2157,19,Other,80.46,86.47,90,73,55,72,49,49,57,88,7,1,4,3,4,5,Technical,Web,Analytical,2,4,No,Web,Quality Assurance Tester
S2158,17,Other,93.55,78.17,79,100,82,100,49,53,95,100,9,1,2,3,4,7,Technical,AI-ML,Logical,0,3,No,Python,Junior ML Engineer
S2159,23,Male,71.66,89.79,55,53,61,70,100,57,64,75,5,10,1,6,5,8,Creative,Web,Creative,1,4,No,Web,UI/UX Designer
S2160,20,Male,74.96,68.07,40,55,42,51,100,49,85,80,6,9,3,5,3,3,Creative,Web,Creative,2,5,Yes,DBMS,UI/UX Designer
S2161,18,Female,88.26,91.05,96,65,85,75,47,47,86,83,2,2,4,5,5,9,Technical,Cloud,Logical,2,2,No,DBMS,Junior DevOps Engineer
S2162,19,Male,90.11,74.45,100,100,85,73,50,67,62,80,10,1,1,5,6,2,Technical,Web,Logical,3,5,Yes,Web,Full Stack Developer
S2163,19,Female,80.07,85.58,66,68,51,40,37,53,64,85,7,8,2,3,5,2,Technical,Web,Logical,3,9,Yes,Python,Junior Web Developer
S2164,17,Male,89.26,75.1,100,89,80,69,46,60,80,80,9,1,4,1,2,3,Technical,AI-ML,Logical,2,4,No,Math,Junior ML Engineer
S2165,23,Female,81.52,75.95,61,47,67,49,74,80,92,66,6,5,8,8,4,3,Management,Data,Leader,0,2,Yes,DBMS,Junior Business Analyst
S2166,21,Female,86.12,77.7,88,98,83,94,69,69,68,97,4,4,4,2,5,10,Technical,Cloud,Logical,6,4,Yes,Python,Cloud Operations Engineer
S2167,18,Male,83.01,82.75,94,67,51,93,84,70,72,89,7,1,2,7,2,5,Technical,AI-ML,Logical,2,4,No,Python,Junior ML Engineer
S2168,18,Female,83.06,52.76,40,45,62,57,74,73,93,80,8,4,6,3,1,3,Analytical,AI-ML,Analytical,2,3,No,Web,Associate Data Analyst
S2169,18,Female,73.79,74.33,83,83,55,82,43,45,100,98,7,4,2,2,3,10,Technical,Cloud,Logical,2,2,No,DBMS,Cloud Operations Engineer
S2170,19,Female,70.01,75.43,46,53,60,80,100,44,91,73,3,10,6,6,2,3,Creative,Web,Creative,2,1,No,Web,Frontend Developer
S2171,19,Female,79.21,89.14,78,100,79,97,43,61,70,78,1,3,9,6,1,3,Technical,Data,Logical,0,2,No,DBMS,Database Administrator
S2172,18,Female,75.67,79.99,81,86,75,78,70,42,84,88,10,1,1,7,6,7,Technical,Web,Logical,0,5,No,Python,Full Stack Developer
S2173,21,Male,82.18,90.35,67,100,59,96,41,44,76,87,1,6,9,8,7,3,Technical,AI-ML,Logical,3,0,No,Math,AI/ML Engineer Trainee
S2174,21,Female,74.27,74.14,96,100,56,100,52,37,100,84,8,5,6,4,3,1,Technical,AI-ML,Logical,0,1,No,Math,Junior ML Engineer
S2175,17,Male,77.08,91.66,62,35,51,74,75,35,92,74,3,3,10,3,3,3,Analytical,Data,Analytical,1,1,No,DBMS,Associate Data Analyst
S2176,17,Male,69.92,68.43,69,72,71,66,77,81,68,79,4,2,6,8,5,3,Management,Data,Leader,4,5,Yes,Statistics,Junior Business Analyst
S2177,21,Female,71.82,70.7,67,71,82,72,71,74,45,73,4,5,5,3,1,10,Technical,Cloud,Logical,4,4,No,DBMS,Cloud Operations Engineer
S2178,21,Female,75.46,89.05,58,74,61,89,100,66,66,72,3,10,4,5,6,2,Creative,Web,Creative,1,4,No,Web,Frontend Developer
S2179,17,Male,78.36,76.86,95,52,74,67,38,45,92,100,1,1,10,6,1,1,Analytical,AI-ML,Analytical,0,5,No,Statistics,Junior Data Scientist
S2180,17,Male,76.89,69.33,74,79,98,58,72,64,83,80,6,4,7,6,1,3,Analytical,AI-ML,Analytical,3,2,No,Python,Junior Data Scientist
S2181,17,Female,71.5,78.88,61,95,89,90,75,75,72,99,1,5,9,3,4,3,Technical,Data,Logical,4,1,No,DBMS,Database Administrator
S2182,17,Female,84.43,90.69,74,72,81,85,90,71,61,89,3,10,6,4,1,5,Creative,Web,Creative,1,2,No,Web,UI/UX Designer
S2183,17,Male,83.52,65.26,83,59,89,91,37,89,59,87,5,2,9,10,3,5,Management,Data,Leader,3,3,No,Statistics,Junior Business Analyst
S2184,20,Female,83.67,75.35,58,59,51,56,77,63,66,78,1,7,7,5,3,9,Technical,Cloud,Logical,4,1,No,Python,Junior DevOps Engineer
S2185,19,Female,87.08,72.53,74,57,56,43,78,35,91,79,2,3,3,7,2,10,Technical,Cloud,Logical,1,1,No,DBMS,Cloud Operations Engineer
S2186,19,Female,84.45,66.43,91,94,49,84,43,71,67,84,10,5,6,3,2,7,Technical,Web,Logical,1,1,Yes,Python,Junior Web Developer
S2187,18,Male,83.41,80.95,90,67,55,82,57,63,47,88,3,3,8,6,1,2,Analytical,AI-ML,Analytical,0,3,No,Statistics,Junior Data Scientist
S2188,20,Female,90.55,80.16,53,69,75,62,38,94,100,85,2,2,6,10,4,2,Management,Data,Leader,0,4,Yes,Statistics,Junior Business Analyst
S2189,21,Male,85.07,72.21,49,49,75,49,100,67,61,66,1,10,8,4,1,4,Creative,Web,Creative,4,4,Yes,Web,UI/UX Designer
S2190,21,Female,81.5,87.91,44,66,78,75,55,95,68,79,5,5,7,9,3,3,Management,Data,Leader,5,1,No,Statistics,Junior Business Analyst
S2191,22,Male,93.75,99.0,63,73,68,100,36,43,58,85,2,1,2,3,1,10,Technical,Cloud,Logical,1,4,No,DBMS,Junior DevOps Engineer
S2192,18,Male,76.35,86.19,65,73,79,79,84,85,94,80,5,8,4,8,1,4,Management,Data,Leader,1,3,No,Statistics,Junior Business Analyst
S2193,19,Female,68.8,69.2,88,69,95,68,77,65,64,75,7,1,4,2,1,10,Technical,Cloud,Logical,2,3,No,Python,Cloud Operations Engineer
S2194,19,Female,76.49,75.44,64,66,94,68,57,37,61,94,5,1,6,7,1,2,Technical,Web,Logical,5,4,No,Math,Full Stack Developer
S2195,18,Male,77.62,63.23,71,74,61,86,91,46,79,71,3,10,4,4,4,5,Creative,Web,Creative,0,4,No,Web,UI/UX Designer
S2196,21,Female,93.06,79.21,91,96,84,91,51,80,70,87,10,4,3,4,1,3,Technical,Web,Logical,2,1,No,DBMS,Full Stack Developer
S2197,20,Male,75.38,87.86,85,86,54,72,40,52,90,88,9,4,3,1,1,2,Technical,Web,Logical,1,4,Yes,DBMS,Backend Developer
S2198,20,Female,77.91,69.7,61,82,88,71,80,74,56,91,8,6,4,4,4,4,Technical,Web,Logical,0,2,No,Web,Junior Web Developer
S2199,21,Male,86.55,89.92,66,54,63,89,100,42,66,66,4,9,4,1,3,1,Creative,Web,Creative,2,2,Yes,Web,UI/UX Designer
S2200,21,Male,85.84,70.73,79,52,65,75,41,39,54,84,3,3,10,1,3,1,Analytical,AI-ML,Analytical,0,4,Yes,Math,Junior Data Scientist
S2201,21,Female,74.91,62.21,87,63,69,85,77,72,53,76,8,6,2,6,2,1,Technical,Web,Analytical,1,0,No,Python,Quality Assurance Tester
S2202,21,Male,90.24,60.84,100,95,78,96,50,48,88,91,10,5,3,1,3,2,Technical,Web,Logical,0,5,No,Python,Full Stack Developer
S2203,17,Female,83.76,83.05,99,90,63,92,59,63,79,100,10,3,4,6,5,2,Technical,Web,Logical,2,5,Yes,Web,Junior Web Developer
S2204,19,Female,83.03,77.6,89,95,66,80,54,68,78,100,9,2,8,6,7,6,Technical,Web,Logical,3,4,Yes,Web,Junior Web Developer
S2205,17,Male,80.69,57.28,80,100,77,99,70,69,75,100,3,6,5,5,2,3,Technical,AI-ML,Logical,4,2,No,Python,AI/ML Engineer Trainee
S2206,21,Male,70.87,99.0,100,75,90,100,41,55,99,100,10,5,4,4,5,4,Technical,Web,Logical,0,1,No,Web,Junior Web Developer
S2207,17,Female,77.11,89.8,96,89,76,84,38,59,52,91,3,7,10,5,3,1,Technical,AI-ML,Logical,0,5,Yes,Math,AI/ML Engineer Trainee
S2208,17,Male,83.99,79.68,62,72,95,82,84,39,62,90,3,10,3,3,5,1,Creative,Web,Creative,1,4,Yes,Web,Frontend Developer
S2209,23,Male,95.44,76.64,83,67,85,91,60,79,68,78,2,1,5,1,10,5,Technical,Security,Logical,3,4,No,DBMS,Security Analyst Trainee
S2210,19,Male,78.37,69.48,64,67,71,87,52,52,76,68,10,7,8,3,1,6,Technical,Web,Logical,2,3,No,Web,Full Stack Developer
S2211,17,Female,79.1,70.43,80,100,86,88,40,35,60,87,10,2,7,3,4,2,Technical,Web,Logical,0,6,Yes,Python,Full Stack Developer
S2212,21,Female,86.68,63.95,80,85,45,77,80,51,95,90,10,1,3,5,1,5,Technical,Web,Logical,3,4,No,Python,Backend Developer
S2213,19,Female,84.35,64.88,55,71,58,61,85,43,58,53,2,10,4,2,1,3,Creative,Web,Creative,4,4,Yes,Web,UI/UX Designer
S2214,17,Male,89.27,67.42,76,69,94,68,79,50,75,70,2,3,9,4,2,3,Analytical,AI-ML,Analytical,0,3,No,Statistics,Junior Data Scientist
S2215,22,Female,83.41,86.14,69,93,89,81,76,59,89,84,9,7,4,3,4,3,Technical,AI-ML,Logical,0,4,Yes,Math,Junior ML Engineer
S2216,19,Female,62.37,84.93,82,79,51,94,51,35,100,76,5,5,10,4,1,7,Technical,AI-ML,Logical,2,2,No,Math,AI/ML Engineer Trainee
S2217,20,Male,69.44,88.99,75,84,71,77,80,38,73,98,9,2,3,4,2,1,Technical,AI-ML,Logical,1,2,No,Python,Junior ML Engineer
S2218,20,Male,81.56,72.62,100,99,94,100,50,72,73,77,2,4,8,3,4,1,Technical,AI-ML,Logical,3,3,No,Python,AI/ML Engineer Trainee
S2219,23,Male,76.52,70.01,48,59,83,48,68,36,69,74,4,1,5,1,5,10,Technical,Cloud,Logical,2,2,No,DBMS,Cloud Operations Engineer
S2220,21,Male,58.85,61.28,39,77,68,75,100,69,51,70,5,10,4,1,4,3,Creative,Web,Creative,2,2,Yes,Web,Frontend Developer
S2221,21,Female,76.58,76.92,89,100,84,75,39,55,74,77,7,6,2,2,1,1,Technical,Web,Logical,4,1,No,Python,Junior Web Developer
S2222,19,Male,67.24,63.56,52,69,83,59,56,81,59,69,2,4,8,10,6,3,Management,Data,Leader,2,7,Yes,DBMS,Junior Business Analyst
S2223,18,Male,79.22,89.26,86,76,79,100,50,78,61,67,2,4,8,3,2,3,Technical,AI-ML,Logical,1,3,No,Python,AI/ML Engineer Trainee
S2224,20,Female,82.76,84.0,52,57,68,49,86,51,85,65,1,10,3,1,2,2,Creative,Web,Creative,0,1,No,Web,Frontend Developer
S2225,21,Female,75.47,73.58,66,88,63,84,64,56,82,81,4,6,3,1,10,1,Technical,Security,Logical,1,2,No,DBMS,Security Analyst Trainee
S2226,18,Male,68.96,65.93,40,60,54,82,88,57,79,72,2,10,3,5,4,6,Creative,Web,Creative,3,6,Yes,Web,Frontend Developer
S2227,19,Female,75.24,71.98,63,76,75,81,100,69,64,49,2,10,3,2,3,1,Creative,Web,Creative,3,2,No,Web,Frontend Developer
S2228,21,Male,67.91,94.01,62,100,55,80,46,87,63,81,10,1,4,4,3,1,Technical,Web,Logical,2,3,No,Python,Junior Web Developer
S2229,19,Female,74.85,59.54,100,99,53,84,72,35,49,91,10,8,8,6,4,7,Technical,Web,Logical,1,8,Yes,DBMS,Backend Developer
S2230,19,Male,85.26,94.38,72,88,64,85,41,62,66,86,10,4,4,1,5,4,Technical,Web,Analytical,5,4,No,Python,Quality Assurance Tester
S2231,22,Female,89.93,92.55,76,97,74,91,35,70,100,85,9,6,6,4,4,1,Technical,Web,Logical,3,2,No,DBMS,Full Stack Developer
S2232,21,Male,79.19,85.86,65,45,51,59,79,35,71,77,4,1,10,1,2,8,Analytical,Data,Analytical,1,4,No,Statistics,Associate Data Analyst
S2233,21,Female,72.3,64.83,62,49,91,73,84,67,84,73,1,1,10,4,5,4,Analytical,Data,Analytical,3,6,Yes,Statistics,Associate Data Analyst
S2234,17,Male,72.81,72.62,47,65,86,70,80,68,48,89,4,4,1,1,4,4,Technical,AI-ML,Logical,0,4,Yes,Math,AI/ML Engineer Trainee
S2235,20,Female,80.16,68.74,87,100,61,76,37,75,68,93,9,2,2,2,4,3,Technical,AI-ML,Logical,3,4,No,Python,Junior ML Engineer
S2236,17,Male,74.51,79.78,44,58,65,69,69,52,93,77,4,1,3,2,1,2,Technical,Security,Analytical,0,5,Yes,Statistics,Quality Assurance Tester
S2237,21,Female,79.64,87.49,74,63,56,94,38,39,62,66,10,4,1,5,4,3,Technical,Web,Logical,1,3,Yes,DBMS,Backend Developer
S2238,18,Female,75.92,81.27,64,63,78,52,99,64,80,63,6,9,2,7,3,2,Creative,Web,Creative,1,2,No,Web,UI/UX Designer
S2239,17,Male,83.47,65.89,82,71,94,58,79,57,74,79,2,2,7,5,4,1,Analytical,AI-ML,Analytical,0,4,No,Statistics,Junior Data Scientist
S2240,18,Male,71.05,86.08,82,84,86,98,35,54,73,81,8,2,1,4,3,6,Technical,AI-ML,Logical,3,2,No,Math,Junior ML Engineer
S2241,20,Female,85.5,72.22,43,77,68,64,89,40,50,80,6,10,8,2,5,2,Creative,Web,Creative,1,5,Yes,Web,Frontend Developer
S2242,18,Female,71.38,90.45,82,64,81,52,81,63,95,100,5,5,10,1,3,2,Analytical,Data,Analytical,0,7,Yes,Statistics,Associate Data Analyst
S2243,18,Other,90.96,67.36,59,64,89,72,65,66,78,52,1,5,6,8,4,1,Management,Data,Leader,2,4,No,DBMS,Junior Business Analyst
S2244,21,Male,78.88,73.41,88,91,47,99,57,44,42,72,10,5,1,3,4,1,Technical,Web,Logical,3,2,No,DBMS,Full Stack Developer
S2245,17,Male,88.94,84.9,87,98,80,91,74,42,82,100,2,4,9,3,1,1,Technical,AI-ML,Logical,1,2,No,Math,AI/ML Engineer Trainee
S2246,20,Male,72.59,81.71,70,84,76,64,64,54,75,85,4,7,10,4,5,5,Technical,Data,Logical,4,2,No,DBMS,Database Administrator
S2247,19,Female,61.08,89.8,78,74,47,92,45,35,100,69,5,3,8,1,3,6,Technical,AI-ML,Logical,0,2,No,Math,AI/ML Engineer Trainee
S2248,18,Female,83.63,84.17,55,74,91,89,100,35,56,61,5,10,1,5,1,4,Creative,Web,Creative,3,1,No,Web,Frontend Developer
S2249,19,Female,76.75,95.51,47,60,75,51,89,46,79,69,3,10,3,2,6,3,Creative,Web,Creative,5,4,Yes,Python,UI/UX Designer
S2250,20,Female,83.25,83.96,39,70,71,65,35,82,100,75,3,1,7,10,6,3,Management,Data,Leader,0,7,Yes,Statistics,Junior Business Analyst
S2251,20,Female,67.9,76.92,95,76,82,85,45,46,76,100,4,4,10,1,1,1,Analytical,Data,Analytical,2,7,Yes,DBMS,Associate Data Analyst
S2252,20,Male,86.44,71.08,99,85,52,88,42,61,62,85,8,2,1,4,1,8,Technical,Cloud,Logical,4,4,Yes,Python,Junior DevOps Engineer
S2253,19,Female,83.11,80.48,76,91,89,88,66,76,64,80,3,1,9,3,3,5,Technical,AI-ML,Logical,1,6,Yes,Python,AI/ML Engineer Trainee
S2254,21,Female,77.53,87.85,54,66,57,83,90,74,62,83,1,10,7,1,6,3,Creative,Web,Creative,1,4,No,Web,Frontend Developer
S2255,20,Male,76.45,64.39,55,100,53,62,62,37,42,79,6,5,4,8,2,1,Technical,Web,Analytical,1,2,No,Web,Quality Assurance Tester
S2256,17,Female,82.28,78.08,78,83,99,75,41,47,86,92,10,2,3,5,2,4,Technical,Web,Analytical,0,3,No,Web,Quality Assurance Tester
S2257,22,Other,88.68,66.69,63,67,58,82,79,52,67,74,4,7,1,4,1,10,Technical,Cloud,Logical,2,5,No,Python,Junior DevOps Engineer
S2258,21,Male,97.1,84.02,100,66,75,100,58,53,84,100,4,2,2,6,5,9,Technical,Cloud,Logical,1,4,No,Python,Cloud Operations Engineer
S2259,20,Male,81.74,57.03,92,86,71,90,60,46,93,94,8,8,6,2,4,1,Technical,Web,Logical,2,4,No,Python,Full Stack Developer
S2260,22,Male,85.15,81.35,77,99,88,80,43,49,59,100,10,1,5,4,1,6,Technical,Web,Logical,2,4,No,Python,Full Stack Developer
S2261,19,Male,95.99,83.2,56,88,70,80,66,69,96,79,8,4,1,2,2,1,Technical,Web,Analytical,2,6,No,Web,Quality Assurance Tester
S2262,22,Female,88.42,61.0,66,65,84,89,55,52,65,97,4,8,10,7,1,1,Technical,Data,Logical,2,3,No,DBMS,Database Administrator
S2263,23,Female,86.1,82.52,77,78,69,95,81,75,68,99,5,5,10,4,1,4,Technical,Data,Logical,4,5,No,DBMS,Database Administrator
S2264,18,Male,88.91,98.52,77,50,85,79,53,98,65,67,4,6,9,9,1,1,Management,Data,Leader,2,4,Yes,Statistics,Junior Business Analyst
S2265,18,Female,86.55,91.85,50,35,99,76,87,43,98,59,1,10,6,4,4,5,Creative,Web,Creative,3,3,No,Web,Frontend Developer
S2266,21,Female,85.68,71.94,74,84,52,85,87,66,95,80,4,1,10,5,1,4,Technical,AI-ML,Logical,2,1,No,Math,AI/ML Engineer Trainee
S2267,20,Male,69.09,71.84,64,100,62,71,79,55,89,90,2,3,10,2,1,7,Technical,Data,Logical,1,3,Yes,DBMS,Database Administrator
S2268,20,Male,83.16,66.56,74,76,59,100,69,35,92,86,10,3,1,1,4,1,Technical,Web,Logical,0,7,Yes,Web,Junior Web Developer
S2269,21,Male,99.0,72.73,84,68,92,95,70,82,76,75,1,3,5,1,10,2,Technical,Security,Logical,5,3,No,DBMS,Security Analyst Trainee
S2270,17,Male,79.46,56.31,82,100,80,100,74,73,77,100,1,6,8,5,2,1,Technical,AI-ML,Logical,5,3,No,Python,AI/ML Engineer Trainee
S2271,20,Female,82.31,87.39,74,69,82,78,78,87,68,72,3,1,7,5,6,8,Management,Data,Leader,3,6,Yes,DBMS,Junior Business Analyst
S2272,19,Female,68.73,75.75,39,66,84,45,78,35,81,85,5,3,8,1,5,1,Creative,Web,Creative,2,2,No,Statistics,UI/UX Designer
S2273,18,Female,66.18,94.67,69,66,61,68,72,57,83,85,4,5,4,4,6,2,Technical,Security,Logical,2,3,No,DBMS,Security Analyst Trainee
S2274,17,Male,76.67,87.03,75,66,85,81,85,98,89,82,3,8,5,7,1,1,Management,Data,Leader,0,5,No,Statistics,Junior Business Analyst
S2275,20,Female,72.13,70.69,74,100,72,94,59,71,88,95,1,1,10,1,4,5,Technical,AI-ML,Logical,2,3,No,Math,AI/ML Engineer Trainee
S2276,17,Other,81.78,80.93,75,52,55,73,58,35,65,77,2,4,10,8,4,7,Analytical,Data,Analytical,0,5,No,Statistics,Associate Data Analyst
S2277,17,Female,85.27,87.42,72,100,86,90,71,38,83,74,6,1,1,1,1,10,Technical,Cloud,Logical,2,2,No,DBMS,Junior DevOps Engineer
S2278,22,Male,81.11,83.19,61,66,65,52,73,46,92,82,8,2,2,3,1,5,Technical,Web,Logical,3,6,Yes,Python,Junior Web Developer
S2279,18,Male,84.66,76.89,97,78,79,96,74,60,77,98,3,3,10,5,1,1,Technical,AI-ML,Logical,0,2,Yes,Python,AI/ML Engineer Trainee
S2280,20,Female,82.35,76.75,74,100,92,85,75,69,58,78,8,6,4,1,1,4,Technical,AI-ML,Logical,3,5,Yes,Math,Junior ML Engineer
S2281,22,Female,83.6,73.43,93,67,63,89,61,78,47,86,10,6,4,1,2,6,Technical,AI-ML,Logical,3,1,No,Python,Junior ML Engineer
S2282,20,Male,90.38,85.47,87,73,49,73,74,65,60,100,7,4,3,5,10,4,Technical,Security,Logical,4,6,No,DBMS,Security Analyst Trainee
S2283,18,Male,76.71,79.69,82,78,81,78,100,63,61,74,4,10,4,3,3,2,Creative,Web,Creative,0,3,No,Web,UI/UX Designer
S2284,21,Male,67.16,67.86,45,46,83,44,59,48,73,96,1,2,5,2,4,7,Technical,Cloud,Logical,3,6,No,Python,Junior DevOps Engineer
S2285,20,Female,89.65,74.65,60,57,49,50,61,35,62,67,8,3,3,1,1,2,Technical,AI-ML,Logical,3,7,Yes,Statistics,AI/ML Engineer Trainee
S2286,20,Female,85.65,75.82,83,100,93,83,79,73,86,99,5,4,10,5,1,4,Technical,AI-ML,Logical,2,6,Yes,Math,AI/ML Engineer Trainee
S2287,19,Male,88.37,86.34,86,74,72,68,58,50,93,79,10,3,2,7,2,6,Technical,Web,Logical,0,3,No,DBMS,Backend Developer
S2288,20,Female,72.92,61.45,75,100,57,96,73,52,85,90,10,1,3,4,1,1,Technical,Web,Logical,2,1,No,Python,Full Stack Developer
S2289,19,Male,77.2,84.87,92,71,100,83,56,56,97,92,7,4,1,8,3,3,Technical,Web,Analytical,3,3,No,Web,Quality Assurance Tester
S2290,20,Female,79.6,55.38,55,51,69,62,35,60,52,78,1,8,1,2,10,1,Technical,Security,Logical,3,3,No,Python,Security Analyst Trainee
S2291,20,Female,96.75,88.92,70,61,63,61,79,85,52,47,7,2,4,8,2,2,Management,Data,Leader,4,4,No,Statistics,Junior Business Analyst
S2292,18,Other,91.63,76.62,51,83,86,74,47,93,85,87,1,8,9,10,1,5,Management,Data,Leader,6,4,Yes,Statistics,Junior Business Analyst
S2293,18,Male,75.78,55.81,43,35,59,73,100,78,95,68,5,10,1,4,3,3,Creative,Web,Creative,1,3,No,Web,Frontend Developer
S2294,20,Female,93.83,89.29,69,71,51,91,59,46,53,84,10,5,3,1,6,3,Technical,AI-ML,Logical,0,4,No,Python,Junior ML Engineer
S2295,20,Other,84.64,84.39,90,76,72,67,86,46,82,92,2,4,10,1,6,3,Technical,AI-ML,Logical,1,4,No,Python,AI/ML Engineer Trainee
S2296,21,Male,78.35,90.58,78,73,99,93,47,35,77,76,6,1,4,2,10,3,Technical,Security,Logical,1,8,Yes,DBMS,Security Analyst Trainee
S2297,19,Male,79.84,79.82,100,94,62,100,58,38,59,70,4,1,8,6,1,3,Technical,AI-ML,Logical,2,3,No,Python,AI/ML Engineer Trainee
S2298,20,Other,66.33,85.23,70,48,81,81,78,57,62,87,7,10,1,5,2,4,Creative,Web,Creative,0,8,Yes,Web,Frontend Developer
S2299,19,Female,72.6,77.71,97,87,83,74,70,56,75,69,5,5,6,6,5,10,Technical,Cloud,Logical,2,2,No,Python,Junior DevOps Engineer
S2300,19,Female,78.27,68.45,63,69,99,63,51,42,66,94,6,4,3,6,1,3,Technical,Web,Logical,3,3,No,Math,Full Stack Developer
S2301,19,Male,76.3,67.01,69,66,84,64,90,35,89,66,1,10,2,5,1,1,Creative,Web,Creative,0,1,No,Web,Frontend Developer
S2302,19,Male,75.14,54.93,90,97,87,87,66,35,66,83,9,7,7,4,1,1,Technical,Web,Logical,3,1,No,DBMS,Full Stack Developer
S2303,19,Female,75.31,95.83,58,61,90,38,72,100,64,71,1,4,7,1,1,5,Management,Security,Leader,0,5,No,Python,Junior Business Analyst
S2304,17,Male,81.2,73.44,100,87,74,75,45,55,80,74,8,1,5,3,4,1,Technical,AI-ML,Logical,1,4,No,Math,Junior ML Engineer
S2305,18,Male,81.61,67.63,94,66,54,89,67,48,69,95,8,1,2,6,5,1,Technical,AI-ML,Logical,2,3,No,Math,Junior ML Engineer
S2306,18,Female,66.84,82.21,48,44,65,87,87,61,73,88,3,10,3,3,5,1,Creative,Web,Creative,2,4,Yes,Web,UI/UX Designer
S2307,20,Female,93.19,80.15,84,72,48,80,72,51,58,95,8,1,1,6,1,8,Technical,AI-ML,Logical,1,3,No,Python,Junior ML Engineer
S2308,23,Female,71.12,87.03,91,79,84,75,97,35,84,66,3,10,7,7,1,8,Creative,Web,Creative,2,5,Yes,Web,UI/UX Designer
S2309,21,Other,79.63,95.15,59,80,62,83,78,56,51,92,10,3,6,1,1,7,Technical,Web,Logical,3,5,No,DBMS,Backend Developer
S2310,19,Female,75.49,68.34,100,65,51,81,59,82,48,78,1,2,10,3,3,4,Technical,AI-ML,Logical,1,6,Yes,Math,AI/ML Engineer Trainee
S2311,21,Female,81.56,64.99,55,67,87,74,52,68,54,76,3,2,3,5,6,1,Management,Data,Leader,4,4,Yes,DBMS,Junior Business Analyst
S2312,20,Female,73.41,83.96,96,81,76,72,47,52,99,86,10,4,8,1,5,1,Technical,Web,Logical,2,1,No,Python,Backend Developer
S2313,18,Female,84.67,93.67,95,80,88,79,62,53,97,91,1,2,5,3,4,10,Technical,Cloud,Logical,0,0,No,Python,Cloud Operations Engineer
S2314,20,Male,77.58,67.94,87,79,83,75,45,43,82,76,10,3,4,2,5,1,Technical,Web,Logical,5,6,Yes,Web,Junior Web Developer
S2315,18,Male,94.14,76.17,54,80,80,52,95,45,57,72,2,10,1,4,1,2,Creative,Web,Creative,0,1,Yes,Web,UI/UX Designer
S2316,20,Female,80.44,90.74,55,64,70,60,92,49,77,57,2,7,3,2,6,1,Creative,Web,Creative,5,3,Yes,Python,UI/UX Designer
S2317,19,Female,71.35,81.62,37,57,76,54,86,35,75,87,7,7,8,2,5,2,Creative,Web,Creative,4,0,No,Statistics,UI/UX Designer
S2318,20,Female,85.12,75.49,83,100,64,71,39,35,60,96,10,1,2,5,2,1,Technical,Web,Analytical,3,8,Yes,Web,Quality Assurance Tester
S2319,18,Male,86.05,75.64,78,82,63,90,77,70,49,75,1,7,10,1,6,1,Technical,Data,Logical,2,6,Yes,DBMS,Database Administrator
S2320,20,Male,74.41,76.66,66,54,78,50,35,80,60,60,6,6,6,9,3,2,Management,Data,Leader,5,2,No,DBMS,Junior Business Analyst
S2321,24,Male,92.86,84.68,89,41,78,66,72,63,81,91,2,3,10,1,6,1,Analytical,Data,Analytical,2,1,No,Statistics,Associate Data Analyst
S2322,18,Female,67.53,62.88,72,61,67,81,98,70,84,74,2,10,2,3,4,1,Creative,Web,Creative,2,0,Yes,Web,Frontend Developer
S2323,17,Female,66.98,56.49,95,84,98,95,77,47,92,75,4,1,10,2,1,3,Technical,Data,Logical,2,6,Yes,DBMS,Database Administrator
S2324,19,Female,65.61,67.77,87,98,89,89,51,66,69,84,10,8,3,1,2,5,Technical,Web,Logical,0,1,Yes,Python,Junior Web Developer
S2325,20,Female,74.44,82.26,98,79,86,67,35,58,69,75,2,3,3,4,10,2,Technical,Security,Logical,1,4,No,DBMS,Security Analyst Trainee
S2326,19,Female,70.18,69.04,97,72,64,86,84,73,62,66,10,3,1,5,1,1,Technical,Web,Analytical,1,0,No,Python,Quality Assurance Tester
S2327,20,Female,72.29,82.41,100,79,63,76,73,56,54,80,4,1,9,1,1,5,Analytical,AI-ML,Analytical,0,10,Yes,Math,Junior Data Scientist
S2328,17,Male,99.0,86.65,100,98,75,90,63,47,58,80,3,1,6,2,5,2,Technical,AI-ML,Logical,0,1,No,Python,AI/ML Engineer Trainee
S2329,20,Male,71.18,96.64,91,78,83,79,50,41,60,89,3,1,10,3,6,2,Technical,Data,Logical,1,6,Yes,DBMS,Database Administrator
S2330,17,Male,73.13,87.06,61,35,41,66,78,40,100,74,7,1,10,3,1,6,Analytical,Data,Analytical,1,4,No,DBMS,Associate Data Analyst
S2331,17,Female,57.0,95.27,74,87,98,91,45,65,69,100,10,1,5,6,6,5,Technical,Web,Logical,1,1,No,Python,Backend Developer
S2332,20,Female,80.5,75.67,45,81,65,62,94,49,66,88,6,10,4,1,2,1,Creative,Web,Creative,1,5,Yes,Web,Frontend Developer
S2333,17,Female,69.25,66.2,73,82,91,91,59,35,85,78,5,3,2,2,4,9,Technical,Cloud,Logical,1,4,Yes,DBMS,Cloud Operations Engineer
S2334,20,Male,77.29,59.42,82,76,52,87,66,50,56,85,10,8,3,2,6,3,Technical,Web,Logical,3,5,Yes,Python,Full Stack Developer
S2335,20,Male,81.8,81.12,73,61,97,78,94,74,76,77,1,8,7,1,5,1,Creative,Web,Creative,1,8,Yes,Web,UI/UX Designer
S2336,23,Female,82.53,74.39,62,84,77,93,56,84,65,81,10,3,5,1,3,2,Technical,Web,Logical,0,4,Yes,Python,Junior Web Developer
S2337,21,Female,82.85,88.56,66,65,62,69,70,49,86,100,2,3,10,6,4,5,Analytical,AI-ML,Analytical,2,5,Yes,Math,Junior Data Scientist
S2338,21,Male,80.44,84.98,58,100,74,100,41,60,83,76,10,6,1,3,6,5,Technical,Web,Logical,1,8,Yes,Web,Full Stack Developer
S2339,20,Male,81.46,68.27,51,44,82,62,91,37,47,72,3,10,7,3,3,5,Creative,Web,Creative,1,4,Yes,Web,Frontend Developer
S2340,20,Male,76.12,76.49,88,73,38,59,100,62,100,61,4,10,2,2,1,7,Creative,Web,Creative,3,4,No,Web,Frontend Developer
S2341,23,Male,83.73,86.93,79,58,66,80,100,38,71,63,4,10,4,1,1,1,Creative,Web,Creative,0,1,Yes,Web,UI/UX Designer
S2342,17,Male,74.99,57.39,54,38,71,55,74,70,65,72,1,6,4,2,3,7,Technical,Cloud,Logical,4,3,No,Web,Cloud Operations Engineer
S2343,22,Female,78.66,75.92,61,45,66,60,62,76,92,69,7,5,10,8,3,3,Management,Data,Leader,0,2,Yes,DBMS,Junior Business Analyst
S2344,20,Female,67.87,89.44,93,74,67,79,78,43,96,80,4,3,10,4,4,3,Analytical,Data,Analytical,5,2,No,DBMS,Associate Data Analyst
S2345,20,Female,73.88,68.44,84,83,62,74,76,35,57,100,3,7,3,5,10,7,Technical,Security,Logical,1,6,Yes,DBMS,Security Analyst Trainee
S2346,20,Male,79.91,91.31,95,96,59,84,65,46,90,80,9,3,2,8,4,2,Technical,Web,Logical,2,6,Yes,Python,Backend Developer
S2347,22,Female,80.56,79.3,59,53,90,48,43,75,89,69,3,3,9,8,5,2,Management,Data,Leader,5,6,Yes,DBMS,Junior Business Analyst
S2348,22,Female,74.11,90.7,94,85,78,100,70,55,44,99,8,4,4,8,7,3,Technical,AI-ML,Logical,0,1,No,Python,Junior ML Engineer
S2349,19,Other,80.25,64.15,93,95,45,100,47,64,83,64,3,5,8,3,4,5,Technical,AI-ML,Logical,3,6,No,Python,AI/ML Engineer Trainee
S2350,17,Female,74.18,74.07,74,97,71,93,84,35,69,94,10,6,2,4,2,2,Technical,Web,Logical,2,4,Yes,Web,Full Stack Developer
S2351,21,Female,80.01,78.73,58,72,62,55,100,70,61,64,2,10,4,2,5,7,Creative,Web,Creative,4,4,No,Web,Frontend Developer
S2352,20,Other,83.89,86.75,62,72,77,73,88,60,87,69,3,10,7,6,8,1,Creative,Web,Creative,2,5,Yes,Web,UI/UX Designer
S2353,18,Male,72.83,72.06,75,72,64,82,76,44,77,83,7,1,10,7,5,4,Analytical,AI-ML,Analytical,1,4,Yes,Math,Junior Data Scientist
S2354,21,Male,78.52,78.95,64,100,51,82,73,86,58,89,10,1,4,4,3,4,Technical,Web,Logical,2,3,No,Web,Junior Web Developer
S2355,22,Female,79.2,71.33,88,89,82,81,67,54,68,75,3,4,2,5,5,10,Technical,Cloud,Logical,5,7,Yes,Python,Junior DevOps Engineer
S2356,19,Female,82.44,71.95,53,72,58,58,100,48,62,83,4,7,8,5,4,1,Creative,Web,Creative,2,5,Yes,Web,Frontend Developer
S2357,19,Male,74.63,91.79,78,73,51,79,72,44,66,80,8,3,8,1,1,7,Technical,Web,Analytical,0,2,No,Python,Quality Assurance Tester
S2358,20,Female,79.27,77.27,60,81,67,98,58,45,51,84,10,5,2,5,2,4,Technical,Web,Logical,3,5,Yes,Python,Full Stack Developer
S2359,18,Female,81.09,87.9,58,58,83,70,68,72,94,76,1,7,9,5,4,2,Analytical,Web,Analytical,2,1,No,Python,Associate Data Analyst
S2360,18,Female,75.49,88.22,100,80,56,92,35,54,86,90,8,7,6,5,2,6,Technical,AI-ML,Logical,2,5,No,Python,Junior ML Engineer
S2361,21,Female,66.24,78.78,79,97,81,94,65,57,72,95,10,8,4,5,3,1,Technical,Web,Logical,2,0,No,Python,Backend Developer
S2362,22,Female,78.21,66.84,90,100,61,100,50,35,100,98,9,8,5,3,1,2,Technical,AI-ML,Logical,1,2,No,Math,Junior ML Engineer
S2363,20,Female,91.36,64.16,97,74,86,89,49,59,65,71,6,1,10,4,6,2,Technical,Data,Logical,2,5,No,DBMS,Database Administrator
S2364,19,Female,80.48,82.35,91,100,86,75,38,71,73,94,9,5,8,2,1,5,Technical,Web,Logical,1,7,Yes,Python,Junior Web Developer
S2365,20,Female,84.39,78.01,82,71,72,88,72,65,81,89,1,3,1,2,3,10,Technical,Cloud,Logical,1,3,No,Python,Cloud Operations Engineer
S2366,20,Female,76.61,93.91,70,74,44,81,48,35,70,73,10,4,1,4,4,2,Technical,Web,Logical,2,0,Yes,DBMS,Backend Developer
S2367,25,Female,70.42,73.19,82,85,85,100,60,35,93,82,3,6,6,5,1,5,Technical,AI-ML,Logical,2,3,No,Python,AI/ML Engineer Trainee
S2368,18,Female,78.74,88.38,59,71,88,71,100,62,66,87,3,10,5,1,1,1,Creative,Web,Creative,4,4,No,Web,UI/UX Designer
S2369,20,Female,82.53,69.93,62,49,40,55,74,63,63,86,1,8,5,2,2,10,Technical,Cloud,Logical,4,0,No,Python,Junior DevOps Engineer
S2370,23,Male,80.07,85.96,74,65,80,80,100,68,93,63,4,10,3,6,4,3,Creative,Web,Creative,1,1,No,Web,Frontend Developer
S2371,17,Male,98.55,83.97,87,79,66,91,65,84,85,99,2,1,2,1,10,4,Technical,Security,Logical,5,1,No,DBMS,Security Analyst Trainee
S2372,20,Female,84.27,62.13,73,75,43,79,89,56,100,89,10,3,2,2,3,7,Technical,Web,Logical,4,4,No,Python,Backend Developer
S2373,18,Female,69.35,84.88,82,43,89,62,74,35,76,98,5,1,10,3,1,2,Analytical,Data,Analytical,0,3,No,DBMS,Associate Data Analyst
S2374,21,Other,59.85,79.44,42,70,91,43,74,36,78,80,7,3,1,6,7,6,Technical,Web,Logical,2,4,No,Statistics,Backend Developer
S2375,18,Female,77.33,81.56,65,61,70,77,83,73,92,66,6,1,10,3,1,2,Analytical,Data,Analytical,1,3,Yes,Statistics,Associate Data Analyst
S2376,19,Female,69.79,74.8,97,68,84,78,45,37,86,99,3,2,10,1,1,1,Analytical,Data,Analytical,1,5,Yes,DBMS,Associate Data Analyst
S2377,21,Male,81.93,81.34,68,80,89,86,79,56,77,97,6,1,6,2,6,7,Technical,Web,Analytical,3,2,No,Python,Quality Assurance Tester
S2378,17,Male,75.06,70.84,70,95,65,70,41,35,95,88,6,3,3,1,4,10,Technical,Cloud,Logical,2,6,No,DBMS,Cloud Operations Engineer
S2379,20,Female,81.52,89.83,74,98,71,94,35,51,70,79,1,2,10,5,2,3,Technical,Data,Logical,0,2,No,DBMS,Database Administrator
S2380,18,Male,70.95,73.58,72,58,83,41,38,50,86,100,5,2,5,8,4,2,Technical,Security,Logical,1,3,Yes,Math,Database Administrator
S2381,19,Male,66.81,86.73,55,44,87,36,93,55,74,65,4,8,1,3,6,2,Creative,Web,Creative,4,5,No,DBMS,UI/UX Designer
S2382,17,Male,78.55,76.03,100,71,96,73,49,73,93,95,9,5,2,6,3,8,Technical,AI-ML,Logical,0,3,Yes,Python,Junior ML Engineer
S2383,21,Female,65.92,84.58,61,73,80,56,74,80,74,80,6,6,6,10,5,1,Management,Data,Leader,3,1,No,DBMS,Junior Business Analyst
S2384,22,Other,66.51,86.55,84,97,72,75,77,61,56,71,1,5,1,7,4,10,Technical,Cloud,Logical,1,5,No,Python,Cloud Operations Engineer
S2385,19,Female,75.45,64.62,59,82,92,94,60,38,92,75,7,6,1,1,2,9,Technical,Cloud,Logical,1,5,Yes,DBMS,Cloud Operations Engineer
S2386,21,Female,70.41,66.31,96,72,68,80,89,63,46,69,7,5,3,4,1,3,Technical,Web,Analytical,0,3,No,Python,Quality Assurance Tester
S2387,22,Female,70.81,88.96,93,73,44,79,66,72,71,99,2,6,1,4,5,9,Technical,Cloud,Logical,4,4,Yes,DBMS,Junior DevOps Engineer
S2388,23,Male,68.89,77.37,37,67,84,65,39,42,67,81,4,5,5,1,1,6,Analytical,AI-ML,Analytical,2,5,Yes,Web,Associate Data Analyst
S2389,20,Male,61.65,72.24,77,100,41,78,77,35,83,100,3,1,8,1,4,2,Technical,Data,Logical,1,3,No,DBMS,Database Administrator
S2390,18,Female,78.81,78.03,67,68,91,73,68,80,89,94,4,4,3,6,1,4,Management,Data,Leader,2,3,No,Statistics,Junior Business Analyst
S2391,20,Female,81.08,79.32,82,74,84,79,76,79,62,89,7,2,2,1,6,1,Technical,Web,Analytical,0,1,No,Web,Quality Assurance Tester
S2392,20,Female,84.37,75.74,60,85,89,64,75,45,78,71,1,8,10,3,1,1,Technical,Data,Logical,2,2,No,DBMS,Database Administrator
S2393,24,Male,79.48,74.74,77,71,74,70,96,60,56,56,1,10,1,5,1,3,Creative,Web,Creative,2,3,No,Web,Frontend Developer
S2394,20,Male,71.23,74.06,61,78,52,64,93,63,94,81,2,10,4,1,3,3,Creative,Web,Creative,0,6,Yes,Web,Frontend Developer
S2395,20,Male,78.37,77.31,57,67,91,62,47,42,99,71,4,6,5,2,1,5,Analytical,Data,Analytical,0,3,No,Python,Associate Data Analyst
S2396,21,Female,64.87,91.88,100,78,52,79,86,82,56,100,6,3,9,6,1,4,Analytical,AI-ML,Analytical,2,5,No,Math,Junior Data Scientist
S2397,19,Female,89.78,83.85,53,63,77,66,35,97,92,73,5,4,4,10,8,2,Management,Data,Leader,0,5,Yes,Statistics,Junior Business Analyst
S2398,17,Male,78.11,64.98,88,100,82,100,80,70,74,100,4,6,5,6,1,4,Technical,AI-ML,Logical,3,3,No,Python,AI/ML Engineer Trainee
S2399,18,Female,80.28,74.22,91,88,55,82,65,36,63,72,6,6,4,4,2,5,Technical,AI-ML,Logical,1,3,No,Python,Junior ML Engineer
S2400,17,Female,86.25,84.01,61,64,87,63,81,59,86,75,4,7,7,6,5,5,Analytical,Web,Analytical,0,3,No,Python,Associate Data Analyst
S2401,18,Male,83.13,89.17,93,100,51,77,51,75,87,92,10,2,4,7,3,6,Technical,Web,Logical,4,7,Yes,Python,Backend Developer
S2402,19,Male,79.2,82.14,46,67,67,60,43,59,74,91,7,5,1,2,4,5,Technical,Web,Logical,7,2,No,Python,Backend Developer
S2403,17,Male,66.81,86.66,79,83,49,84,74,35,55,75,2,6,6,8,2,6,Technical,AI-ML,Logical,0,1,No,Python,AI/ML Engineer Trainee
S2404,19,Male,82.23,68.49,70,86,62,97,39,56,73,99,4,7,4,4,10,3,Technical,Security,Logical,3,1,No,DBMS,Security Analyst Trainee
S2405,23,Female,79.65,71.67,57,54,90,89,75,57,95,100,2,1,8,5,8,3,Analytical,Data,Analytical,1,5,No,Statistics,Associate Data Analyst
S2406,20,Male,86.32,81.61,85,79,74,89,53,45,63,79,3,1,6,1,4,10,Technical,Cloud,Logical,0,1,No,DBMS,Cloud Operations Engineer
S2407,17,Male,86.43,84.09,100,91,60,66,39,36,88,93,10,4,2,7,3,1,Technical,Web,Logical,4,3,No,Python,Junior Web Developer
S2408,20,Male,81.13,81.02,49,66,76,59,35,71,70,100,5,2,1,4,1,3,Technical,Web,Logical,6,4,No,Python,Backend Developer
S2409,19,Female,76.63,85.44,81,63,72,88,44,59,93,87,3,2,9,1,5,5,Technical,Data,Logical,4,5,Yes,DBMS,Database Administrator
S2410,19,Female,90.3,81.59,83,82,63,86,72,64,91,90,5,7,4,5,1,10,Technical,Cloud,Logical,6,4,No,Python,Junior DevOps Engineer
S2411,20,Male,81.08,73.76,85,67,76,68,71,72,80,95,1,1,10,1,2,6,Analytical,Data,Analytical,2,3,No,Statistics,Associate Data Analyst
S2412,20,Female,82.13,59.67,75,53,48,61,83,52,78,71,1,2,10,5,3,7,Analytical,Data,Analytical,0,3,No,Statistics,Associate Data Analyst
S2413,21,Male,76.25,81.76,83,100,61,94,69,42,78,95,1,6,10,2,3,7,Technical,AI-ML,Logical,0,3,No,Math,AI/ML Engineer Trainee
S2414,19,Male,63.3,88.33,90,76,89,65,62,72,97,96,10,2,1,6,3,8,Technical,Web,Logical,2,4,No,Web,Full Stack Developer
S2415,19,Male,81.99,68.92,64,78,59,73,90,57,75,75,1,10,1,5,2,3,Creative,Web,Creative,0,1,No,Web,Frontend Developer
S2416,19,Female,79.98,82.05,75,53,54,82,59,50,89,100,2,1,10,3,8,2,Analytical,AI-ML,Analytical,0,3,No,Python,Junior Data Scientist
S2417,19,Female,79.38,68.85,65,86,51,77,36,71,43,75,6,8,3,2,3,5,Technical,Web,Analytical,3,6,No,Web,Quality Assurance Tester
S2418,18,Male,78.23,87.95,80,85,69,67,56,81,59,74,4,2,5,3,5,8,Technical,Cloud,Logical,0,2,No,Python,Cloud Operations Engineer
S2419,20,Female,74.18,72.61,80,100,54,84,55,35,74,66,4,1,6,8,8,10,Technical,Cloud,Logical,4,4,No,Python,Junior DevOps Engineer
S2420,17,Male,87.05,84.76,73,76,66,67,61,71,64,70,6,2,4,3,3,10,Technical,Cloud,Logical,0,0,No,Python,Cloud Operations Engineer
S2421,18,Male,82.37,73.9,100,88,96,96,39,57,69,99,10,5,7,1,4,3,Technical,Web,Logical,0,3,No,Python,Junior Web Developer
S2422,22,Male,81.01,65.31,90,94,67,68,58,69,76,72,10,4,4,4,5,6,Technical,Web,Analytical,2,3,No,Python,Quality Assurance Tester
S2423,19,Female,80.29,80.66,61,65,53,46,42,60,53,69,4,6,5,1,2,5,Analytical,Data,Analytical,3,5,Yes,DBMS,Associate Data Analyst
S2424,19,Male,91.32,90.85,100,100,61,77,63,44,84,90,7,4,4,7,7,4,Technical,Web,Analytical,0,1,No,Python,Quality Assurance Tester
S2425,18,Female,68.91,73.68,55,49,80,61,53,78,100,71,3,1,10,4,4,7,Management,AI-ML,Leader,2,1,No,Python,Junior Business Analyst
S2426,19,Female,79.44,62.31,55,79,72,71,48,72,80,97,10,2,2,5,7,5,Technical,Web,Logical,1,4,No,DBMS,Backend Developer
S2427,18,Male,82.91,67.81,85,99,57,97,88,54,89,92,8,4,5,3,8,5,Technical,Web,Logical,4,1,No,Python,Backend Developer
S2428,18,Male,78.34,92.84,99,89,51,89,61,51,60,73,1,8,9,6,4,6,Technical,AI-ML,Logical,2,2,No,Python,AI/ML Engineer Trainee
S2429,20,Female,94.2,60.69,88,78,85,68,80,61,69,84,2,1,10,5,1,1,Analytical,Data,Analytical,2,2,No,DBMS,Associate Data Analyst
S2430,17,Male,99.0,89.31,100,99,74,76,70,60,63,84,3,3,9,4,6,1,Technical,AI-ML,Logical,0,0,No,Python,AI/ML Engineer Trainee
S2431,20,Male,82.97,60.22,98,82,51,93,82,35,63,96,2,2,10,3,4,6,Technical,Data,Logical,4,3,No,DBMS,Database Administrator
S2432,22,Male,80.92,80.11,63,95,64,58,75,43,64,77,10,2,1,8,1,1,Technical,Web,Analytical,0,3,No,Python,Quality Assurance Tester
S2433,20,Female,88.12,69.75,65,93,51,89,50,46,100,90,10,3,2,2,3,4,Technical,Web,Logical,2,6,No,Web,Junior Web Developer
S2434,20,Female,74.87,60.28,100,74,53,91,62,59,63,88,6,5,6,4,7,6,Technical,AI-ML,Logical,0,3,No,Math,AI/ML Engineer Trainee
S2435,23,Female,72.85,71.32,89,83,40,82,44,73,64,94,10,5,4,5,6,4,Technical,Web,Logical,1,4,Yes,DBMS,Full Stack Developer
S2436,19,Female,73.17,82.86,100,91,43,95,80,54,57,85,8,3,3,5,1,5,Technical,AI-ML,Logical,1,3,No,Python,Junior ML Engineer
S2437,20,Female,81.84,79.97,57,55,52,48,48,75,70,79,3,5,5,4,6,7,Technical,AI-ML,Logical,3,8,Yes,Python,Database Administrator
S2438,17,Male,78.9,69.52,98,72,60,83,60,51,75,93,7,1,3,5,5,2,Technical,AI-ML,Logical,0,2,No,Math,Junior ML Engineer
S2439,22,Male,87.71,64.13,57,40,96,84,55,35,77,69,1,5,10,5,3,2,Analytical,AI-ML,Analytical,1,9,Yes,Statistics,Junior Data Scientist
S2440,20,Female,88.81,85.24,65,54,42,65,78,36,53,83,3,6,3,1,4,8,Technical,AI-ML,Logical,4,2,Yes,Math,Junior ML Engineer
S2441,22,Female,70.2,90.29,55,51,67,61,100,86,77,67,3,7,7,6,1,6,Creative,Web,Creative,1,1,Yes,Python,UI/UX Designer
S2442,18,Other,77.88,88.27,100,100,97,98,36,68,89,89,10,2,4,6,6,6,Technical,Web,Logical,2,8,Yes,Python,Full Stack Developer
S2443,18,Other,70.69,63.3,57,49,78,48,79,35,43,58,1,5,1,7,3,5,Creative,Web,Creative,2,2,No,DBMS,Frontend Developer
S2444,20,Male,92.8,74.27,82,100,59,81,91,80,66,85,5,3,8,2,3,7,Technical,AI-ML,Logical,0,0,Yes,Math,AI/ML Engineer Trainee
S2445,17,Female,93.99,74.39,67,64,57,46,79,40,95,74,4,1,6,6,1,7,Technical,Cloud,Logical,0,0,No,DBMS,Cloud Operations Engineer
S2446,18,Female,94.54,70.57,70,95,65,65,68,82,87,99,9,5,1,3,4,7,Technical,Web,Logical,3,4,No,DBMS,Full Stack Developer
S2447,18,Male,86.01,79.33,48,53,46,62,38,58,98,76,4,3,5,7,4,4,Analytical,Web,Analytical,5,3,No,DBMS,Associate Data Analyst
S2448,19,Male,78.53,81.08,62,79,44,65,69,70,68,81,3,3,7,1,1,5,Technical,AI-ML,Logical,1,0,No,Statistics,Junior ML Engineer
S2449,20,Female,93.37,82.53,63,61,40,54,74,38,65,82,5,5,4,1,5,8,Technical,AI-ML,Logical,2,1,Yes,Math,Junior ML Engineer
S2450,17,Female,86.69,98.67,99,65,94,76,47,50,74,82,5,2,4,7,7,10,Technical,Cloud,Logical,1,1,No,DBMS,Junior DevOps Engineer
S2451,17,Female,90.14,80.95,86,67,77,78,54,42,64,77,10,2,1,4,3,6,Technical,Web,Logical,0,8,Yes,Web,Full Stack Developer
S2452,17,Male,79.47,76.93,90,92,89,100,53,38,81,79,1,4,6,3,10,8,Technical,Security,Logical,0,5,No,DBMS,Security Analyst Trainee
S2453,19,Female,76.11,83.38,96,49,88,89,48,62,87,88,4,6,10,1,5,1,Analytical,Data,Analytical,0,2,No,DBMS,Associate Data Analyst
S2454,18,Female,87.21,79.28,84,99,67,65,70,40,68,69,10,3,4,2,7,1,Technical,Web,Logical,5,7,Yes,DBMS,Backend Developer
S2455,18,Male,72.57,89.95,74,89,78,73,80,35,82,100,9,3,4,1,4,3,Technical,AI-ML,Logical,1,3,No,Python,Junior ML Engineer
S2456,17,Male,78.9,76.64,75,96,73,89,43,46,54,70,10,4,4,3,4,3,Technical,Web,Logical,1,2,No,Python,Backend Developer
S2457,19,Male,92.65,70.07,80,78,59,64,66,71,54,66,1,2,4,2,6,10,Technical,Cloud,Logical,3,3,No,DBMS,Junior DevOps Engineer
S2458,19,Male,75.41,65.52,92,79,72,95,71,66,82,74,4,4,5,6,3,10,Technical,Cloud,Logical,3,2,No,Python,Cloud Operations Engineer
S2459,20,Female,80.91,83.12,94,53,84,76,78,46,75,76,4,3,8,3,7,5,Analytical,AI-ML,Analytical,1,4,No,Python,Junior Data Scientist
S2460,17,Female,78.61,89.45,60,50,71,64,72,35,91,80,4,3,10,3,5,8,Analytical,Data,Analytical,4,0,Yes,Statistics,Associate Data Analyst
S2461,18,Female,79.22,84.52,53,43,69,79,90,74,57,55,1,10,1,5,1,3,Creative,Web,Creative,0,6,No,Web,UI/UX Designer
S2462,21,Male,69.17,76.79,74,95,93,97,39,59,98,95,1,3,6,1,10,2,Technical,Security,Logical,4,1,No,DBMS,Security Analyst Trainee
S2463,19,Male,76.3,78.19,61,67,75,52,66,78,72,85,4,4,6,1,1,3,Management,Cloud,Leader,2,5,No,DBMS,Junior Business Analyst
S2464,19,Other,84.86,76.79,70,49,60,67,64,35,60,77,5,4,10,6,4,4,Analytical,Data,Analytical,0,6,No,Statistics,Associate Data Analyst
S2465,20,Male,82.17,85.76,78,100,78,90,66,70,79,80,5,6,6,6,4,1,Technical,AI-ML,Logical,4,3,Yes,Math,Junior ML Engineer
S2466,22,Male,96.13,74.51,65,77,47,82,43,38,74,84,6,4,10,5,1,3,Technical,Data,Logical,1,8,Yes,DBMS,Database Administrator
S2467,21,Female,79.96,88.69,80,84,100,66,79,37,56,80,8,8,1,1,4,6,Technical,Web,Analytical,1,4,Yes,Python,Quality Assurance Tester
S2468,19,Male,80.18,92.91,79,43,73,70,65,83,66,68,6,3,9,7,4,1,Management,Data,Leader,1,4,Yes,Statistics,Junior Business Analyst
S2469,17,Female,83.39,91.72,72,59,58,94,80,51,73,86,1,4,1,4,1,10,Technical,Cloud,Logical,3,0,No,DBMS,Junior DevOps Engineer
S2470,20,Male,82.67,74.54,92,43,80,75,83,35,62,100,1,6,10,4,1,4,Analytical,AI-ML,Analytical,0,4,No,Python,Junior Data Scientist
S2471,19,Other,72.39,78.39,85,64,52,92,64,35,56,85,5,3,1,3,4,10,Technical,Cloud,Logical,3,2,No,DBMS,Junior DevOps Engineer
S2472,21,Female,91.23,79.84,92,92,96,87,81,62,84,87,6,4,10,5,1,7,Technical,AI-ML,Logical,2,4,Yes,Math,AI/ML Engineer Trainee
S2473,19,Female,86.06,84.72,78,77,91,88,100,78,78,51,3,10,3,4,5,1,Creative,Web,Creative,4,1,No,Web,UI/UX Designer
S2474,19,Male,99.0,93.92,90,94,57,83,54,47,75,88,10,3,4,8,3,4,Technical,Web,Analytical,2,2,No,Python,Quality Assurance Tester
S2475,18,Female,69.24,62.82,66,53,68,70,70,88,60,56,3,3,7,10,5,2,Management,Data,Leader,0,2,Yes,DBMS,Junior Business Analyst
S2476,19,Female,76.97,79.79,96,83,70,99,80,48,93,100,8,6,1,4,2,2,Technical,Web,Logical,0,1,No,Python,Junior Web Developer
S2477,21,Female,70.61,65.21,81,87,83,71,74,69,91,90,6,4,10,1,1,3,Technical,Data,Logical,5,7,Yes,DBMS,Database Administrator
S2478,21,Female,90.42,92.93,84,67,42,76,100,66,72,58,2,10,7,4,5,3,Creative,Web,Creative,2,6,Yes,Web,UI/UX Designer
S2479,22,Female,65.04,78.21,68,75,61,77,85,63,82,91,1,8,4,1,5,10,Technical,Cloud,Logical,1,4,Yes,Python,Junior DevOps Engineer
S2480,17,Male,76.3,73.41,62,62,68,75,100,63,72,61,5,10,3,3,4,1,Creative,Web,Creative,3,1,No,Web,UI/UX Designer
S2481,17,Female,70.47,80.14,87,100,75,85,73,57,82,74,10,4,6,2,4,1,Technical,Web,Logical,3,3,No,Web,Full Stack Developer
S2482,19,Female,77.16,72.95,57,82,57,72,52,61,59,79,5,1,1,6,10,4,Technical,Security,Logical,3,2,No,DBMS,Security Analyst Trainee
S2483,21,Male,96.6,77.14,90,100,55,85,81,76,62,70,7,2,7,4,5,4,Technical,AI-ML,Logical,2,2,Yes,Math,AI/ML Engineer Trainee
S2484,21,Male,60.34,75.86,90,100,87,94,57,77,75,83,5,1,6,3,4,5,Technical,AI-ML,Logical,4,6,No,Python,AI/ML Engineer Trainee
S2485,19,Male,73.48,81.76,82,98,82,65,51,64,68,75,3,3,10,6,8,3,Technical,Data,Logical,2,1,No,DBMS,Database Administrator
S2486,20,Female,72.68,63.03,66,64,84,79,54,37,58,70,6,7,10,7,8,7,Analytical,Data,Analytical,1,4,No,DBMS,Associate Data Analyst
S2487,17,Male,87.45,87.92,57,84,77,81,62,43,65,87,5,5,10,1,8,4,Technical,Data,Logical,3,2,No,DBMS,Database Administrator
S2488,21,Female,78.15,80.22,79,100,68,83,58,66,73,88,7,8,1,1,10,1,Technical,Security,Logical,2,0,No,DBMS,Security Analyst Trainee
S2489,21,Female,76.05,77.78,66,86,89,81,64,37,72,87,2,3,8,5,5,6,Technical,Data,Logical,3,5,No,DBMS,Database Administrator
S2490,19,Female,83.13,84.95,72,53,87,73,100,83,89,76,2,10,3,1,5,6,Creative,Web,Creative,1,3,Yes,Web,UI/UX Designer
S2491,19,Female,73.67,67.9,73,83,53,81,35,71,72,91,7,3,1,1,2,3,Technical,Web,Analytical,0,4,No,Web,Quality Assurance Tester
S2492,19,Female,80.25,86.95,55,63,96,35,63,99,67,64,1,4,10,2,2,5,Management,Security,Leader,0,3,No,Python,Junior Business Analyst
S2493,20,Female,76.86,55.45,67,72,89,77,80,77,80,66,5,4,9,10,3,1,Management,Data,Leader,2,2,No,Statistics,Junior Business Analyst
S2494,20,Male,79.86,80.63,57,53,94,63,100,57,67,64,3,10,7,5,1,3,Creative,Web,Creative,2,4,No,Web,UI/UX Designer
S2495,23,Male,64.23,93.8,45,66,62,75,71,69,51,88,4,4,5,7,1,6,Technical,AI-ML,Logical,0,2,No,Math,Junior ML Engineer
S2496,17,Female,72.44,63.23,70,97,50,96,69,73,91,80,10,5,1,6,6,5,Technical,Web,Logical,1,1,No,DBMS,Backend Developer
S2497,21,Male,90.15,82.78,74,79,61,90,76,49,57,86,9,2,1,4,6,4,Technical,Web,Analytical,2,7,Yes,Python,Quality Assurance Tester
S2498,19,Male,80.5,92.19,59,72,68,100,70,66,76,91,8,2,1,4,10,1,Technical,Security,Logical,1,2,No,DBMS,Security Analyst Trainee
S2499,20,Male,75.96,55.21,89,74,86,56,35,39,70,84,1,4,9,3,3,3,Analytical,Data,Analytical,3,6,Yes,Statistics,Associate Data Analyst
S2500,20,Female,83.86,79.89,89,91,86,87,51,73,65,72,8,4,5,1,4,6,Technical,AI-ML,Logical,2,3,No,Math,Junior ML Engineer
S2501,17,Male,99.0,87.99,100,91,76,83,71,58,57,78,5,3,7,1,6,1,Technical,AI-ML,Logical,1,0,No,Python,AI/ML Engineer Trainee
S2502,18,Male,77.75,71.22,47,52,66,89,100,54,65,66,5,10,3,6,1,4,Creative,Web,Creative,3,4,No,Web,UI/UX Designer
S2503,22,Female,80.66,82.97,69,89,42,73,59,70,87,76,6,3,3,5,1,2,Technical,Web,Analytical,0,5,No,Web,Quality Assurance Tester
S2504,18,Male,80.14,52.82,77,84,79,79,58,41,49,80,3,5,8,3,1,2,Technical,AI-ML,Logical,3,2,No,Math,AI/ML Engineer Trainee
S2505,18,Female,78.2,63.98,87,84,78,100,52,60,81,74,5,4,5,8,10,2,Technical,Security,Logical,2,5,No,DBMS,Security Analyst Trainee
S2506,18,Male,78.71,87.19,96,69,62,78,60,70,51,65,1,7,6,4,3,1,Technical,AI-ML,Logical,0,4,Yes,Math,AI/ML Engineer Trainee
S2507,22,Other,59.24,80.13,72,54,79,71,83,60,74,82,7,9,2,4,2,1,Creative,Web,Creative,0,8,Yes,Web,Frontend Developer
S2508,19,Female,84.25,91.56,71,73,62,65,63,64,73,100,4,2,8,7,4,7,Analytical,AI-ML,Analytical,3,6,Yes,Math,Junior Data Scientist
S2509,23,Male,95.74,55.97,74,82,87,95,57,64,75,91,5,1,6,1,4,10,Technical,Cloud,Logical,3,0,No,DBMS,Cloud Operations Engineer
S2510,19,Male,71.05,73.84,87,72,56,75,42,45,84,94,1,1,9,4,3,5,Analytical,AI-ML,Analytical,2,0,No,Statistics,Junior Data Scientist
S2511,23,Female,78.53,63.49,100,73,46,100,64,59,93,72,1,1,4,7,10,7,Technical,Security,Logical,1,4,No,DBMS,Security Analyst Trainee
S2512,19,Female,73.19,68.76,75,91,93,100,49,78,50,82,1,7,2,1,4,10,Technical,Cloud,Logical,6,5,Yes,DBMS,Junior DevOps Engineer
S2513,18,Female,81.8,87.42,94,89,57,82,63,54,86,100,4,4,10,6,1,6,Analytical,AI-ML,Analytical,2,7,Yes,Python,Junior Data Scientist
S2514,18,Female,84.01,81.04,77,84,68,48,62,52,87,89,2,2,10,2,4,7,Analytical,Data,Analytical,0,4,No,DBMS,Associate Data Analyst
S2515,20,Other,71.0,86.71,80,85,93,68,62,68,90,73,10,7,4,5,4,3,Technical,Web,Logical,2,0,No,DBMS,Full Stack Developer
S2516,22,Male,65.73,99.0,100,71,53,82,52,62,92,76,5,5,8,2,4,2,Analytical,AI-ML,Analytical,4,4,No,Python,Junior Data Scientist
S2517,17,Male,74.99,72.62,90,67,62,75,70,79,61,71,6,1,10,7,2,3,Analytical,Data,Analytical,4,0,No,DBMS,Associate Data Analyst
S2518,21,Male,68.96,77.63,68,75,53,60,80,63,83,79,2,4,2,6,4,2,Technical,Security,Logical,3,3,No,Python,Security Analyst Trainee
S2519,19,Female,76.45,75.37,78,71,84,76,59,82,97,88,3,4,5,8,4,3,Management,Data,Leader,1,2,No,Statistics,Junior Business Analyst
S2520,20,Male,80.78,88.78,78,69,50,93,72,51,66,94,4,3,1,6,5,10,Technical,Cloud,Logical,0,3,No,DBMS,Junior DevOps Engineer
S2521,19,Female,77.0,85.42,76,90,47,92,56,69,100,100,10,8,7,5,2,1,Technical,Web,Logical,4,2,No,Python,Full Stack Developer
S2522,22,Female,87.03,69.49,100,81,59,91,57,67,60,70,10,8,8,1,1,5,Technical,AI-ML,Logical,3,2,No,Python,Junior ML Engineer
S2523,17,Female,79.98,77.65,78,37,71,52,87,60,100,68,3,10,1,6,2,3,Creative,Web,Creative,3,4,No,Web,Frontend Developer
S2524,20,Male,77.99,80.05,62,100,80,94,67,62,74,73,5,7,3,6,6,1,Technical,AI-ML,Logical,5,1,Yes,Math,Junior ML Engineer
S2525,20,Other,76.78,62.81,79,63,66,90,40,65,52,77,1,6,4,3,4,10,Technical,Cloud,Logical,2,4,Yes,DBMS,Cloud Operations Engineer
S2526,21,Male,82.9,76.11,86,48,71,82,86,35,72,100,2,3,8,3,2,2,Analytical,AI-ML,Analytical,1,4,No,Python,Junior Data Scientist
S2527,18,Female,85.31,96.23,91,77,94,85,63,46,81,85,3,3,5,5,1,10,Technical,Cloud,Logical,3,3,No,Python,Junior DevOps Engineer
S2528,18,Female,84.27,55.84,87,79,51,96,78,35,46,78,8,4,3,5,1,4,Technical,AI-ML,Logical,2,4,No,Python,Junior ML Engineer
S2529,20,Male,79.08,54.69,91,98,80,73,71,51,64,89,4,4,3,6,4,10,Technical,Cloud,Logical,2,6,Yes,Python,Cloud Operations Engineer
S2530,20,Female,87.7,69.98,42,63,63,58,95,35,56,44,1,10,3,4,1,5,Creative,Web,Creative,2,3,Yes,Web,UI/UX Designer
S2531,21,Male,72.38,84.07,55,40,92,65,79,42,88,96,4,7,7,7,7,5,Technical,Cloud,Logical,4,2,No,Statistics,Cloud Operations Engineer
S2532,21,Female,72.56,77.54,100,67,88,76,40,40,80,96,1,3,10,1,2,1,Analytical,Data,Analytical,1,8,Yes,DBMS,Associate Data Analyst
S2533,21,Male,77.44,55.94,62,90,66,93,45,84,66,100,10,8,2,2,8,5,Technical,Web,Logical,1,2,No,Web,Full Stack Developer
S2534,21,Male,87.75,95.2,78,84,44,78,87,58,86,76,1,10,1,8,6,1,Creative,Web,Creative,3,5,Yes,Web,Frontend Developer
S2535,20,Female,69.73,83.2,80,63,83,90,59,56,81,87,1,6,10,2,6,1,Analytical,Data,Analytical,1,0,No,DBMS,Associate Data Analyst
S2536,19,Female,84.1,72.47,100,85,88,89,78,85,85,88,1,1,10,2,1,4,Analytical,AI-ML,Analytical,0,3,No,Statistics,Junior Data Scientist
S2537,24,Male,84.4,70.55,56,44,86,46,75,72,52,90,3,2,6,2,7,6,Technical,Security,Logical,2,0,No,Python,Security Analyst Trainee
S2538,18,Female,71.03,66.27,49,66,65,81,89,41,84,94,2,5,6,1,2,5,Analytical,AI-ML,Analytical,3,1,No,Statistics,Junior Data Scientist
S2539,22,Male,89.81,93.74,47,71,74,83,100,51,83,67,5,9,4,8,5,4,Creative,Web,Creative,1,5,Yes,Web,Frontend Developer
S2540,20,Male,93.83,73.74,43,79,78,49,85,45,56,76,4,10,1,1,3,1,Creative,Web,Creative,0,3,Yes,Web,UI/UX Designer
S2541,19,Male,76.1,92.87,81,100,92,96,35,47,49,73,1,3,9,6,7,6,Technical,AI-ML,Logical,1,1,No,Python,AI/ML Engineer Trainee
S2542,20,Female,67.25,67.89,78,63,98,68,87,56,58,82,4,10,5,2,7,6,Creative,Web,Creative,2,10,Yes,Web,Frontend Developer
S2543,21,Male,84.51,80.7,97,52,52,65,72,68,89,88,4,2,10,4,1,1,Analytical,AI-ML,Analytical,3,6,Yes,Math,Junior Data Scientist
S2544,18,Male,79.78,89.6,79,100,82,81,35,47,50,80,1,5,8,5,7,8,Technical,AI-ML,Logical,3,3,No,Python,AI/ML Engineer Trainee
S2545,18,Female,99.0,82.78,84,77,78,86,35,39,49,86,3,2,8,2,1,5,Technical,AI-ML,Logical,2,1,No,Math,AI/ML Engineer Trainee
S2546,22,Female,80.82,77.81,77,98,100,92,58,40,95,84,4,1,9,6,3,3,Technical,Data,Logical,2,2,Yes,DBMS,Database Administrator
S2547,21,Male,94.91,98.42,88,74,64,80,55,57,98,73,1,3,2,8,5,10,Technical,Cloud,Logical,3,4,No,Python,Cloud Operations Engineer
S2548,19,Male,85.14,84.77,60,65,88,72,68,38,95,100,3,2,5,2,10,3,Technical,Security,Logical,0,2,No,DBMS,Security Analyst Trainee
S2549,21,Male,82.89,83.14,62,80,53,73,56,67,66,86,1,4,10,4,1,4,Technical,Data,Logical,2,6,Yes,DBMS,Database Administrator
S2550,20,Female,82.33,90.16,66,95,65,63,41,35,100,81,1,3,8,1,1,10,Technical,Cloud,Logical,5,6,No,Python,Cloud Operations Engineer
S2551,19,Female,83.07,70.53,96,92,59,76,45,69,66,100,10,4,4,6,4,1,Technical,AI-ML,Logical,2,4,No,Python,Junior ML Engineer
S2552,17,Male,97.29,87.86,100,87,85,79,71,48,55,77,6,1,5,1,7,1,Technical,AI-ML,Logical,0,0,No,Python,AI/ML Engineer Trainee
S2553,21,Female,88.05,88.0,72,86,81,84,48,80,100,77,8,4,5,3,7,4,Technical,Web,Logical,3,1,No,DBMS,Full Stack Developer
S2554,21,Male,99.0,78.48,75,91,60,96,38,35,68,89,2,5,10,5,2,6,Technical,AI-ML,Logical,2,5,No,Python,AI/ML Engineer Trainee
S2555,19,Male,92.04,83.63,68,37,48,85,83,35,91,70,3,1,10,8,8,1,Analytical,Data,Analytical,4,3,Yes,Statistics,Associate Data Analyst
S2556,19,Male,63.83,79.04,89,76,97,65,65,35,51,92,1,8,1,8,4,10,Technical,Cloud,Logical,1,2,No,Python,Cloud Operations Engineer
S2557,23,Male,80.01,68.25,80,65,46,89,74,54,71,79,10,1,2,5,5,2,Technical,Web,Logical,4,2,No,DBMS,Full Stack Developer
S2558,18,Male,78.89,75.75,74,92,52,98,49,56,62,79,10,4,5,6,4,1,Technical,Web,Logical,1,1,No,Python,Junior Web Developer
S2559,20,Male,94.79,54.56,60,73,67,80,41,73,79,83,10,3,3,3,4,1,Technical,Web,Logical,1,2,No,DBMS,Full Stack Developer
S2560,19,Female,83.52,70.85,52,53,90,56,100,36,97,62,5,8,6,2,4,2,Creative,Web,Creative,6,5,No,Web,Frontend Developer
S2561,18,Female,81.11,80.72,81,77,86,100,69,69,78,91,10,1,2,1,3,5,Technical,Web,Logical,1,2,Yes,Python,Full Stack Developer
S2562,22,Male,78.23,66.14,62,64,72,59,38,71,85,70,5,7,8,8,6,3,Management,Data,Leader,5,2,No,Statistics,Junior Business Analyst
S2563,20,Female,82.44,76.43,69,68,62,59,80,64,100,83,9,3,2,6,4,5,Technical,Web,Analytical,4,2,No,Python,Quality Assurance Tester
S2564,18,Female,92.3,66.93,89,81,53,85,37,71,68,71,3,1,2,3,1,10,Technical,Cloud,Logical,3,1,No,DBMS,Cloud Operations Engineer
S2565,18,Male,95.0,77.56,92,86,80,79,41,69,62,80,10,3,2,8,4,1,Technical,Web,Logical,1,3,Yes,Web,Full Stack Developer
S2566,21,Female,74.89,84.9,86,76,87,68,86,80,60,70,10,2,1,1,5,2,Technical,Web,Logical,3,1,No,Web,Full Stack Developer
S2567,22,Male,80.93,77.54,89,54,68,56,92,46,50,75,6,9,4,4,1,3,Creative,Web,Creative,0,2,No,Web,Frontend Developer
S2568,17,Male,67.02,83.36,70,66,52,87,77,66,75,100,2,1,10,6,4,2,Analytical,Data,Analytical,1,6,Yes,Statistics,Associate Data Analyst
S2569,20,Female,74.2,90.49,93,72,46,72,70,72,67,89,3,3,1,2,4,9,Technical,Cloud,Logical,2,4,Yes,DBMS,Junior DevOps Engineer
S2570,21,Female,63.43,77.81,68,100,73,80,79,75,49,68,10,3,5,5,1,1,Technical,Web,Logical,4,3,Yes,DBMS,Full Stack Developer
S2571,19,Male,84.42,71.58,65,62,84,73,94,75,54,49,2,10,1,5,4,8,Creative,Web,Creative,0,1,No,Web,Frontend Developer
S2572,18,Male,78.07,59.64,89,86,93,86,39,63,44,100,7,7,4,3,3,5,Technical,AI-ML,Logical,2,8,Yes,Python,Junior ML Engineer
S2573,20,Female,74.59,74.29,70,86,69,93,65,56,71,85,6,5,4,2,10,1,Technical,Security,Logical,1,1,No,DBMS,Security Analyst Trainee
S2574,19,Other,79.55,83.56,83,85,87,85,64,61,68,100,10,1,3,4,1,3,Technical,Web,Logical,7,0,No,Python,Full Stack Developer
S2575,21,Male,67.26,64.36,80,76,85,78,61,56,86,80,7,4,3,1,3,10,Technical,Cloud,Logical,0,3,No,Python,Junior DevOps Engineer
S2576,19,Male,90.86,81.21,77,74,52,69,82,62,62,92,7,3,3,4,10,7,Technical,Security,Logical,3,4,No,DBMS,Security Analyst Trainee
S2577,22,Female,79.64,81.35,69,90,100,91,51,35,82,88,4,1,10,4,5,6,Technical,Data,Logical,4,1,Yes,DBMS,Database Administrator
S2578,18,Male,83.56,85.93,80,80,50,65,77,67,59,95,5,7,1,5,10,6,Technical,Security,Logical,2,3,No,DBMS,Security Analyst Trainee
S2579,17,Female,77.78,66.09,68,96,60,85,58,79,88,94,10,7,4,4,5,5,Technical,Web,Logical,1,1,No,DBMS,Backend Developer
S2580,18,Male,73.99,87.52,86,92,72,68,80,38,74,98,9,3,1,1,5,1,Technical,AI-ML,Logical,2,4,No,Python,Junior ML Engineer
S2581,18,Male,99.0,57.37,64,75,63,86,36,71,82,78,10,1,1,3,1,1,Technical,Web,Logical,1,1,No,DBMS,Full Stack Developer
S2582,20,Male,86.9,96.97,68,80,39,71,91,49,91,86,1,10,3,4,5,1,Creative,Web,Creative,5,5,Yes,Web,Frontend Developer
S2583,18,Male,90.56,81.4,79,100,70,100,83,66,67,74,9,5,2,5,1,1,Technical,AI-ML,Logical,5,9,Yes,Math,Junior ML Engineer
S2584,20,Male,99.0,90.17,100,99,45,76,54,35,50,90,5,7,6,7,1,10,Technical,Cloud,Logical,1,4,No,Python,Junior DevOps Engineer
S2585,19,Female,87.96,86.27,81,75,60,87,46,46,98,100,10,1,5,8,6,2,Technical,Web,Analytical,0,5,Yes,Web,Quality Assurance Tester
S2586,21,Male,84.65,65.24,100,100,96,100,46,74,81,76,1,3,10,3,2,2,Technical,AI-ML,Logical,2,3,No,Python,AI/ML Engineer Trainee
S2587,20,Male,79.05,71.81,100,87,86,85,57,39,53,74,10,7,6,5,1,3,Technical,Web,Logical,3,2,No,Python,Backend Developer
S2588,20,Female,77.15,68.25,72,98,61,89,41,39,96,84,8,4,5,1,1,4,Technical,AI-ML,Logical,0,1,No,Python,Junior ML Engineer
S2589,20,Female,86.51,82.68,79,100,88,88,57,73,63,90,1,3,7,4,5,3,Technical,AI-ML,Logical,2,7,Yes,Python,AI/ML Engineer Trainee
S2590,17,Female,83.59,70.9,94,73,76,79,35,39,68,71,2,5,1,3,10,2,Technical,Security,Logical,2,3,No,DBMS,Security Analyst Trainee
S2591,19,Female,79.67,92.5,82,93,67,94,36,79,100,93,8,1,3,2,5,10,Technical,Cloud,Logical,5,3,No,Python,Junior DevOps Engineer
S2592,21,Female,62.99,60.47,90,63,62,78,78,88,62,100,2,2,1,5,5,10,Technical,Cloud,Logical,3,7,Yes,DBMS,Cloud Operations Engineer
S2593,20,Female,95.61,84.75,93,66,67,92,80,55,83,93,1,2,2,8,10,1,Technical,Security,Logical,1,2,No,DBMS,Security Analyst Trainee
S2594,20,Female,75.53,76.75,84,89,62,76,58,75,82,79,2,8,9,7,1,3,Technical,Data,Logical,0,2,No,DBMS,Database Administrator
S2595,21,Male,70.39,59.87,100,84,73,100,42,73,64,78,10,3,5,4,4,7,Technical,Web,Logical,1,3,Yes,Web,Junior Web Developer
S2596,17,Male,75.88,72.69,90,86,52,91,56,69,52,79,5,1,10,4,1,3,Technical,Data,Logical,2,5,No,DBMS,Database Administrator
S2597,24,Male,79.34,73.6,85,81,67,78,97,53,60,59,1,10,3,7,1,1,Creative,Web,Creative,4,2,No,Web,Frontend Developer
S2598,22,Female,68.52,74.56,75,81,75,95,59,78,79,100,10,5,5,1,1,7,Technical,Web,Logical,3,2,No,Python,Junior Web Developer
S2599,21,Female,82.55,86.81,68,71,57,84,41,52,92,94,10,2,3,8,2,1,Technical,Web,Analytical,1,7,Yes,Web,Quality Assurance Tester
S2600,20,Male,78.42,79.57,64,42,60,62,100,75,96,48,6,4,4,3,4,4,Creative,Web,Creative,2,4,Yes,Python,UI/UX Designer
S2601,17,Female,80.07,61.56,63,87,69,94,58,47,77,95,6,5,10,5,3,5,Technical,AI-ML,Logical,1,4,No,Math,AI/ML Engineer Trainee
S2602,17,Male,94.45,93.11,79,76,72,73,54,48,89,74,10,1,2,7,1,4,Technical,Web,Logical,1,2,No,DBMS,Backend Developer
S2603,19,Female,81.89,87.21,100,85,53,68,54,57,74,76,9,5,1,6,8,5,Technical,Web,Analytical,4,3,No,Web,Quality Assurance Tester
S2604,19,Male,80.19,70.63,92,61,62,72,89,36,62,99,8,4,10,3,5,2,Analytical,Data,Analytical,0,3,No,DBMS,Associate Data Analyst
S2605,18,Male,83.45,75.46,100,100,53,72,38,55,93,83,10,1,6,5,6,5,Technical,Web,Logical,1,1,No,Python,Full Stack Developer
S2606,23,Male,66.1,83.88,70,70,62,65,77,64,80,72,4,5,1,5,4,5,Technical,Security,Logical,4,0,No,Python,Security Analyst Trainee
S2607,19,Male,67.58,80.1,93,83,67,71,64,41,76,87,3,1,3,3,10,7,Technical,Security,Logical,1,7,Yes,DBMS,Security Analyst Trainee
S2608,20,Male,84.8,71.97,56,70,72,59,85,62,79,80,3,2,10,3,1,3,Analytical,Data,Analytical,3,8,Yes,DBMS,Associate Data Analyst
S2609,17,Other,56.93,94.17,62,74,57,89,100,35,53,77,4,10,4,5,1,5,Creative,Web,Creative,1,0,Yes,Web,UI/UX Designer
S2610,19,Female,97.29,77.12,86,73,53,90,61,44,54,86,5,1,2,2,1,5,Technical,AI-ML,Logical,1,2,No,Python,Junior ML Engineer
S2611,20,Male,88.65,81.35,100,93,77,97,68,72,98,84,10,1,4,4,6,7,Technical,AI-ML,Logical,1,5,No,Math,Junior ML Engineer
S2612,18,Female,75.08,72.13,62,49,77,75,54,87,92,71,4,1,10,3,4,5,Management,AI-ML,Leader,1,1,No,Python,Junior Business Analyst
S2613,20,Other,96.19,90.86,98,86,74,92,71,59,86,63,5,3,4,8,6,10,Technical,Cloud,Logical,2,5,No,DBMS,Junior DevOps Engineer
S2614,21,Male,79.89,68.81,55,51,88,64,86,66,97,60,4,10,2,2,3,6,Creative,Web,Creative,2,1,No,Web,UI/UX Designer
S2615,18,Male,69.48,79.46,43,61,67,57,67,61,93,84,6,3,3,1,1,2,Technical,Security,Analytical,0,4,Yes,Statistics,Quality Assurance Tester
S2616,22,Female,86.55,73.04,70,91,65,97,43,35,90,89,3,7,2,2,2,10,Technical,Cloud,Logical,1,4,No,Python,Cloud Operations Engineer
S2617,20,Female,70.17,71.16,62,56,72,84,45,86,92,53,1,1,6,8,3,5,Management,Data,Leader,2,2,No,DBMS,Junior Business Analyst
S2618,20,Female,93.74,63.24,85,81,85,77,92,66,80,80,3,3,10,7,5,1,Analytical,Data,Analytical,2,2,No,DBMS,Associate Data Analyst
S2619,20,Male,79.43,75.46,62,66,77,61,65,86,77,75,1,2,5,1,2,3,Management,Cloud,Leader,1,3,No,DBMS,Junior Business Analyst
S2620,18,Male,85.36,89.34,100,72,63,73,58,66,48,62,1,4,7,1,3,1,Technical,AI-ML,Logical,0,1,Yes,Math,AI/ML Engineer Trainee
S2621,19,Male,75.99,66.33,66,92,62,60,70,46,48,88,5,5,7,8,1,1,Technical,Web,Analytical,1,1,No,Web,Quality Assurance Tester
S2622,22,Other,73.4,88.8,75,47,100,65,76,74,53,85,1,5,10,1,2,3,Analytical,Data,Analytical,2,5,Yes,DBMS,Associate Data Analyst
S2623,19,Female,85.57,79.28,96,81,81,76,43,66,55,90,1,7,10,2,3,2,Technical,Data,Logical,1,3,No,DBMS,Database Administrator
S2624,25,Male,96.56,71.58,67,88,68,80,41,80,68,73,1,3,2,6,4,10,Technical,Cloud,Logical,0,4,Yes,Python,Junior DevOps Engineer
S2625,20,Male,81.39,77.04,57,82,58,63,74,66,76,100,3,8,9,5,4,1,Analytical,AI-ML,Analytical,2,2,No,Statistics,Junior Data Scientist
S2626,22,Male,91.33,74.43,76,79,92,84,61,53,73,74,5,1,3,5,3,10,Technical,Cloud,Logical,1,2,No,Python,Cloud Operations Engineer
S2627,18,Male,75.88,88.36,74,100,67,84,67,77,74,81,10,3,2,7,7,2,Technical,Web,Logical,0,3,No,DBMS,Backend Developer
S2628,20,Female,81.83,87.7,74,67,64,66,80,64,60,67,2,1,10,3,5,1,Analytical,Data,Analytical,2,1,No,Statistics,Associate Data Analyst
S2629,21,Female,88.55,84.1,74,93,63,80,76,42,85,85,1,3,6,3,3,10,Technical,Cloud,Logical,4,4,No,DBMS,Junior DevOps Engineer
S2630,19,Other,88.72,77.03,78,87,89,74,46,57,72,87,8,6,7,8,2,2,Technical,Web,Logical,3,2,No,DBMS,Backend Developer
S2631,21,Male,84.91,77.49,50,73,81,84,97,83,78,61,6,10,4,4,7,6,Creative,Web,Creative,3,2,No,Web,Frontend Developer
S2632,18,Female,71.9,78.33,97,79,93,85,66,64,74,76,5,5,4,3,4,10,Technical,Cloud,Logical,0,0,No,Python,Junior DevOps Engineer
S2633,21,Male,81.8,57.75,99,100,71,70,59,45,62,100,2,4,4,8,5,10,Technical,Cloud,Logical,2,5,Yes,Python,Cloud Operations Engineer
S2634,18,Female,76.72,81.54,56,79,78,75,59,38,74,80,10,6,7,3,3,3,Technical,Web,Analytical,1,2,Yes,Web,Quality Assurance Tester
S2635,19,Male,76.4,82.27,78,53,53,79,38,40,49,98,3,6,10,5,3,1,Analytical,Data,Analytical,1,6,Yes,Statistics,Associate Data Analyst
S2636,18,Female,89.64,71.7,74,76,80,99,52,69,93,75,10,1,1,5,1,7,Technical,Web,Logical,2,4,No,Python,Backend Developer
S2637,17,Male,77.17,82.29,82,82,81,78,47,73,100,74,3,2,6,4,6,10,Technical,Cloud,Logical,7,0,No,Python,Junior DevOps Engineer
S2638,19,Female,88.11,81.07,84,82,74,79,58,67,93,81,2,3,2,4,5,10,Technical,Cloud,Logical,0,6,No,Python,Cloud Operations Engineer
S2639,20,Male,87.03,71.39,68,100,89,82,48,35,66,78,2,4,10,1,4,3,Technical,AI-ML,Logical,2,3,No,Python,AI/ML Engineer Trainee
S2640,19,Male,83.34,59.82,64,58,55,58,89,38,58,45,8,6,4,7,2,3,Creative,Web,Creative,0,0,No,Web,UI/UX Designer
S2641,17,Female,82.01,82.79,90,86,65,81,57,66,80,100,8,1,8,3,7,4,Technical,Web,Logical,2,3,Yes,Web,Junior Web Developer
S2642,18,Male,98.53,75.69,89,98,85,83,48,61,68,83,10,3,3,6,7,3,Technical,Web,Logical,2,4,Yes,Web,Full Stack Developer
S2643,20,Female,92.35,72.12,83,90,59,87,57,45,74,76,10,4,1,4,5,4,Technical,Web,Logical,2,3,No,Web,Full Stack Developer
S2644,19,Female,84.04,85.44,96,93,49,65,42,51,74,70,7,1,1,4,4,4,Technical,Web,Analytical,3,3,No,Web,Quality Assurance Tester
S2645,18,Male,83.85,71.35,94,83,100,77,76,40,54,100,5,8,4,1,3,2,Technical,AI-ML,Logical,1,4,No,Python,Junior ML Engineer
S2646,18,Female,75.55,91.54,80,99,69,90,40,57,77,87,3,3,10,4,1,1,Technical,Data,Logical,2,2,No,DBMS,Database Administrator
S2647,18,Female,82.04,76.83,75,99,78,86,35,36,71,78,9,1,4,3,3,4,Technical,Web,Logical,0,6,Yes,Python,Full Stack Developer
S2648,21,Female,83.39,86.61,83,68,53,65,40,65,50,81,2,2,10,6,2,1,Analytical,Data,Analytical,0,6,No,Statistics,Associate Data Analyst
S2649,18,Male,80.75,85.57,93,84,88,91,48,67,87,90,10,1,4,6,6,2,Technical,Web,Logical,2,2,Yes,DBMS,Backend Developer
S2650,19,Female,93.99,84.3,93,100,69,70,76,41,57,71,9,3,1,2,5,1,Technical,Web,Logical,6,6,Yes,DBMS,Backend Developer
S2651,17,Female,88.47,97.21,87,81,92,77,76,44,97,81,1,2,4,4,1,10,Technical,Cloud,Logical,2,2,No,Python,Cloud Operations Engineer
S2652,20,Female,93.89,79.03,87,78,60,100,68,35,70,98,4,1,2,4,10,2,Technical,Security,Logical,2,5,Yes,DBMS,Security Analyst Trainee
S2653,23,Female,84.81,69.28,67,85,86,84,76,46,49,93,4,1,4,2,10,6,Technical,Security,Logical,0,7,Yes,DBMS,Security Analyst Trainee
S2654,19,Male,85.18,78.11,100,72,94,78,68,47,59,86,1,6,10,6,3,3,Technical,AI-ML,Logical,4,7,Yes,Python,AI/ML Engineer Trainee
S2655,20,Female,88.79,84.14,93,85,60,73,63,39,75,72,10,7,4,3,4,8,Technical,Web,Analytical,1,3,Yes,Python,Quality Assurance Tester
S2656,22,Female,78.45,74.01,56,48,87,89,49,99,74,96,1,7,6,10,2,5,Management,Data,Leader,2,5,No,DBMS,Junior Business Analyst
S2657,20,Female,87.88,81.89,69,41,57,74,65,35,67,95,4,4,10,5,7,7,Analytical,Data,Analytical,3,1,No,Statistics,Associate Data Analyst
S2658,21,Female,74.37,77.95,79,68,62,100,35,35,73,77,10,8,4,4,3,5,Technical,Web,Logical,3,4,No,Python,Full Stack Developer
S2659,18,Female,82.3,71.16,86,100,81,100,80,73,63,92,9,1,1,1,1,8,Technical,AI-ML,Logical,2,2,No,Math,Junior ML Engineer
S2660,19,Female,83.09,57.9,82,96,64,73,37,48,78,74,6,4,1,3,2,10,Technical,Cloud,Logical,1,4,No,Python,Cloud Operations Engineer
S2661,18,Female,74.93,94.91,74,79,91,100,55,35,50,70,8,5,1,4,4,10,Technical,Cloud,Logical,3,5,No,DBMS,Cloud Operations Engineer
S2662,21,Female,71.39,98.57,88,77,79,65,71,65,52,85,5,5,1,1,6,4,Technical,Web,Analytical,2,4,No,Python,Quality Assurance Tester
S2663,19,Male,71.82,87.95,53,69,96,52,35,53,71,79,4,6,1,7,2,3,Analytical,AI-ML,Analytical,1,3,No,Python,Junior Data Scientist
S2664,20,Female,79.36,75.0,76,54,100,65,57,64,65,76,4,1,10,2,3,2,Analytical,Data,Analytical,2,3,No,Statistics,Associate Data Analyst
S2665,19,Female,94.19,75.27,46,53,74,71,87,47,70,62,2,10,5,3,3,1,Creative,Web,Creative,5,0,No,Web,UI/UX Designer
S2666,19,Female,80.24,63.22,55,75,79,67,45,75,76,86,9,3,1,7,4,5,Technical,Web,Logical,2,2,No,DBMS,Backend Developer
S2667,18,Female,84.44,72.45,57,61,78,47,79,53,94,83,3,5,1,1,2,6,Technical,AI-ML,Logical,3,0,No,Python,Junior ML Engineer
S2668,17,Male,76.61,71.4,90,47,82,68,40,45,88,97,1,5,10,2,3,2,Analytical,AI-ML,Analytical,2,5,No,Statistics,Junior Data Scientist
S2669,19,Male,78.81,69.05,97,100,61,99,77,55,96,91,10,3,6,6,7,3,Technical,Web,Logical,3,3,No,Python,Backend Developer
S2670,17,Male,81.5,64.1,62,49,58,73,66,55,62,87,6,1,7,1,1,3,Analytical,AI-ML,Analytical,0,3,No,Math,Junior Data Scientist
S2671,21,Female,79.71,76.5,82,88,65,66,42,36,65,96,10,3,3,5,1,1,Technical,Web,Analytical,2,5,Yes,Web,Quality Assurance Tester
S2672,17,Other,93.56,84.87,46,55,68,65,94,70,88,76,5,10,8,3,4,5,Creative,Web,Creative,0,0,No,Web,Frontend Developer
S2673,17,Female,84.69,82.37,100,93,63,77,61,56,83,100,8,1,5,5,6,4,Technical,Web,Logical,4,2,Yes,Web,Junior Web Developer
S2674,20,Female,95.48,74.04,79,62,87,86,100,42,95,77,7,10,2,3,5,1,Creative,Web,Creative,3,0,No,Web,UI/UX Designer
S2675,22,Male,85.42,92.78,100,90,69,79,66,35,91,77,7,1,7,1,5,5,Technical,AI-ML,Logical,1,2,No,Math,AI/ML Engineer Trainee
S2676,18,Female,76.03,85.11,53,51,59,59,81,60,95,86,2,10,3,5,1,6,Creative,Web,Creative,3,4,No,Web,UI/UX Designer
S2677,21,Female,95.67,91.37,78,89,80,76,39,76,92,78,10,3,8,3,3,1,Technical,Web,Logical,1,2,No,DBMS,Full Stack Developer
S2678,18,Female,78.81,50.94,63,64,73,69,39,61,54,90,2,6,1,3,10,2,Technical,Security,Logical,2,5,No,Python,Security Analyst Trainee
S2679,20,Female,74.66,82.89,64,80,90,67,63,39,77,98,1,3,10,3,8,3,Technical,Data,Logical,3,2,No,DBMS,Database Administrator
S2680,19,Male,88.91,91.47,68,92,80,87,81,42,61,86,7,6,10,5,4,2,Technical,AI-ML,Logical,3,3,No,Python,AI/ML Engineer Trainee
S2681,19,Female,63.51,68.42,60,72,95,84,74,49,61,77,6,2,10,2,4,1,Technical,Data,Logical,0,0,No,DBMS,Database Administrator
S2682,18,Female,88.62,68.99,70,61,71,98,67,52,88,87,10,5,4,7,3,5,Technical,Web,Logical,2,1,No,Web,Junior Web Developer
S2683,18,Female,65.74,82.34,87,100,58,85,48,44,55,98,6,1,1,4,4,1,Technical,AI-ML,Logical,0,0,No,Python,Junior ML Engineer
S2684,20,Male,92.1,75.72,46,57,52,47,72,55,95,82,1,2,1,4,3,10,Technical,Cloud,Logical,1,7,Yes,DBMS,Cloud Operations Engineer
S2685,21,Male,74.77,80.2,95,82,42,68,35,56,91,76,10,7,3,2,3,2,Technical,Web,Logical,1,6,Yes,DBMS,Backend Developer
S2686,19,Male,69.78,85.15,53,79,98,60,43,60,78,72,3,4,3,5,3,4,Analytical,AI-ML,Analytical,0,0,No,Python,Junior Data Scientist
S2687,18,Male,78.26,96.97,67,93,55,100,50,52,65,64,10,5,7,1,2,1,Technical,Web,Logical,2,6,No,Web,Junior Web Developer
S2688,23,Male,66.57,70.9,87,96,86,99,62,77,85,83,2,1,7,1,7,3,Technical,AI-ML,Logical,4,3,No,Python,AI/ML Engineer Trainee
S2689,22,Female,77.85,95.15,83,74,100,99,42,59,54,68,2,1,7,7,1,6,Technical,AI-ML,Logical,1,5,Yes,Math,AI/ML Engineer Trainee
S2690,20,Male,90.81,79.57,78,57,88,96,65,93,83,73,3,1,10,9,1,1,Management,Data,Leader,1,3,No,DBMS,Junior Business Analyst
S2691,21,Male,73.05,86.98,65,57,52,90,45,82,85,89,5,2,10,1,5,5,Analytical,Data,Analytical,4,3,Yes,Statistics,Associate Data Analyst
S2692,18,Male,88.43,85.98,96,98,55,65,41,69,93,88,10,7,1,4,3,3,Technical,Web,Analytical,2,7,Yes,Web,Quality Assurance Tester
S2693,20,Female,70.37,64.32,92,70,70,79,82,35,50,97,1,7,3,5,10,7,Technical,Security,Logical,0,6,Yes,DBMS,Security Analyst Trainee
S2694,18,Male,67.46,75.32,83,86,53,72,38,35,81,100,4,1,8,7,5,6,Analytical,AI-ML,Analytical,3,1,No,Statistics,Junior Data Scientist
S2695,19,Male,63.52,83.45,84,98,60,64,75,71,60,82,7,3,2,2,4,1,Technical,Web,Analytical,1,5,Yes,Python,Quality Assurance Tester
S2696,19,Male,77.3,92.5,76,100,86,97,35,35,48,80,1,4,9,3,8,6,Technical,AI-ML,Logical,2,1,No,Python,AI/ML Engineer Trainee
S2697,19,Female,72.77,85.35,85,85,84,65,88,83,55,80,10,4,3,2,4,3,Technical,Web,Logical,2,1,No,Web,Full Stack Developer
S2698,17,Female,67.77,65.26,81,91,37,77,35,47,91,98,9,1,3,8,5,4,Technical,Web,Logical,1,0,No,Python,Backend Developer
S2699,19,Female,71.43,75.06,100,80,72,97,74,52,100,99,10,6,3,5,5,2,Technical,Web,Logical,0,3,No,Python,Junior Web Developer
S2700,17,Male,77.59,82.46,85,45,49,80,49,56,50,97,1,5,10,4,5,2,Analytical,Data,Analytical,1,5,Yes,Statistics,Associate Data Analyst
S2701,18,Male,61.23,85.97,99,100,88,91,49,66,77,73,2,1,1,1,6,10,Technical,Cloud,Logical,2,2,No,DBMS,Cloud Operations Engineer
S2702,19,Male,76.91,93.04,70,87,55,100,65,69,73,85,10,1,5,3,1,3,Technical,Web,Logical,1,3,Yes,Python,Backend Developer
S2703,18,Male,60.58,86.78,99,62,65,67,61,66,57,84,6,3,8,1,1,1,Analytical,AI-ML,Analytical,2,2,No,Python,Junior Data Scientist
S2704,21,Male,76.29,76.57,59,96,71,56,76,44,74,87,10,5,4,8,3,1,Technical,Web,Analytical,0,3,No,Python,Quality Assurance Tester
S2705,19,Female,79.23,80.17,70,78,49,51,52,66,56,77,4,2,5,4,1,1,Analytical,Data,Analytical,1,5,Yes,DBMS,Associate Data Analyst
S2706,22,Female,68.01,66.62,83,100,80,87,58,50,64,69,4,5,8,4,4,6,Technical,AI-ML,Logical,1,4,No,Math,AI/ML Engineer Trainee
S2707,21,Male,81.17,80.06,70,93,55,100,82,50,43,81,6,6,10,6,7,8,Technical,Data,Logical,4,0,No,DBMS,Database Administrator
S2708,17,Male,86.36,91.61,91,93,68,94,51,35,55,86,1,6,9,3,4,7,Technical,Data,Logical,2,4,No,DBMS,Database Administrator
S2709,20,Female,74.44,75.55,97,73,52,100,57,74,77,87,1,4,4,3,3,10,Technical,Cloud,Logical,4,3,No,Python,Junior DevOps Engineer
S2710,18,Male,76.31,91.32,63,66,97,86,59,43,98,100,2,2,6,3,10,4,Technical,Security,Logical,1,4,No,DBMS,Security Analyst Trainee
S2711,20,Female,77.52,81.45,68,83,60,62,48,35,67,73,7,2,7,5,5,1,Technical,Web,Analytical,5,1,No,Web,Quality Assurance Tester
S2712,19,Male,73.99,79.48,65,76,82,76,82,35,79,82,3,10,6,1,2,6,Creative,Web,Creative,2,5,No,Web,Frontend Developer
S2713,18,Female,99.0,60.46,59,39,84,54,45,36,55,94,6,1,7,5,4,3,Analytical,AI-ML,Analytical,3,4,No,DBMS,Junior Data Scientist
S2714,19,Female,77.28,63.16,48,61,63,81,80,44,91,100,4,7,2,1,3,6,Analytical,AI-ML,Analytical,4,1,No,Statistics,Junior Data Scientist
S2715,19,Male,79.82,93.26,50,75,66,49,72,63,59,87,1,4,2,8,6,7,Technical,Security,Logical,3,4,No,Statistics,Security Analyst Trainee
S2716,22,Male,66.5,86.68,88,86,89,79,52,70,63,89,6,2,1,2,2,3,Technical,Web,Analytical,1,3,No,Python,Quality Assurance Tester
S2717,20,Female,73.46,71.09,100,74,89,87,35,47,86,98,3,1,10,1,2,1,Analytical,Data,Analytical,2,8,Yes,DBMS,Associate Data Analyst
S2718,19,Male,99.0,66.73,73,100,48,85,43,56,86,77,10,4,4,6,2,1,Technical,Web,Logical,5,2,Yes,DBMS,Full Stack Developer
S2719,19,Female,83.67,76.95,83,86,93,91,53,68,65,71,8,2,3,2,5,4,Technical,AI-ML,Logical,3,5,No,Math,Junior ML Engineer
S2720,18,Male,92.72,93.7,95,77,66,74,56,52,97,74,10,1,4,7,5,3,Technical,Web,Logical,0,3,No,DBMS,Backend Developer
S2721,17,Female,82.6,69.14,68,58,72,71,55,61,93,82,1,6,4,4,1,2,Technical,AI-ML,Logical,3,5,Yes,Math,Junior ML Engineer
S2722,18,Male,89.71,90.04,69,93,76,74,78,53,79,100,6,2,8,4,1,10,Technical,Cloud,Logical,0,3,No,DBMS,Cloud Operations Engineer
S2723,21,Female,65.56,84.97,91,66,47,79,60,71,67,92,2,2,4,5,5,10,Technical,Cloud,Logical,4,5,Yes,DBMS,Junior DevOps Engineer
S2724,17,Male,94.99,88.67,84,83,77,89,77,71,94,90,4,2,4,1,10,3,Technical,Security,Logical,4,3,No,DBMS,Security Analyst Trainee
S2725,18,Female,70.35,86.33,93,51,89,60,84,58,97,91,5,4,10,1,2,1,Analytical,Data,Analytical,0,4,Yes,Statistics,Associate Data Analyst
S2726,18,Female,66.63,68.96,97,63,74,92,87,79,51,75,6,2,9,4,4,5,Analytical,AI-ML,Analytical,0,4,No,Math,Junior Data Scientist
S2727,17,Male,87.02,79.59,73,70,66,71,78,82,63,75,7,1,8,6,6,5,Analytical,AI-ML,Analytical,2,4,Yes,Web,Junior Data Scientist
S2728,22,Male,72.04,90.68,69,99,44,64,74,61,62,92,10,5,3,3,3,2,Technical,Web,Analytical,0,3,No,Python,Quality Assurance Tester
S2729,20,Female,91.57,90.39,65,89,75,92,79,42,61,90,10,4,3,6,3,6,Technical,Web,Logical,1,5,Yes,Python,Backend Developer
S2730,17,Male,94.32,79.25,56,35,77,70,100,36,98,56,1,10,2,1,8,4,Creative,Web,Creative,4,2,No,Web,Frontend Developer
S2731,21,Male,91.94,73.83,59,47,76,52,52,82,43,81,2,1,7,4,7,1,Management,Web,Leader,2,2,No,Python,Junior Business Analyst
S2732,19,Male,80.09,79.75,100,81,61,83,40,69,68,88,6,3,3,7,10,5,Technical,Security,Logical,2,2,No,DBMS,Security Analyst Trainee
S2733,20,Female,72.21,68.62,100,84,54,100,35,65,80,93,4,6,8,3,4,1,Technical,AI-ML,Logical,1,2,Yes,Math,AI/ML Engineer Trainee
S2734,22,Male,76.5,86.97,61,57,65,52,76,42,95,83,9,2,3,1,1,5,Technical,Web,Logical,4,6,Yes,Python,Junior Web Developer
S2735,21,Female,74.23,65.92,66,100,83,82,35,40,67,85,10,6,2,5,4,4,Technical,Web,Logical,0,3,No,DBMS,Backend Developer
S2736,20,Female,69.03,77.75,92,71,59,60,83,63,74,82,8,2,1,3,3,4,Technical,Web,Analytical,4,8,Yes,Python,Quality Assurance Tester
S2737,18,Female,90.93,72.91,87,69,46,91,42,84,60,73,2,1,3,3,4,10,Technical,Cloud,Logical,4,2,No,DBMS,Cloud Operations Engineer
S2738,20,Female,93.56,57.94,64,87,51,100,86,35,75,91,7,6,4,1,10,2,Technical,Security,Logical,2,4,No,DBMS,Security Analyst Trainee
S2739,21,Female,78.13,87.66,82,70,76,83,85,47,61,77,4,5,6,3,7,4,Technical,AI-ML,Logical,0,4,No,Math,AI/ML Engineer Trainee
S2740,21,Male,76.49,72.04,94,92,72,87,62,49,89,88,10,5,5,2,2,4,Technical,Web,Logical,0,1,No,Python,Backend Developer
S2741,18,Other,69.14,76.18,57,89,81,84,75,80,48,76,10,6,8,4,3,1,Technical,Web,Logical,0,3,No,Python,Backend Developer
S2742,19,Male,77.44,99.0,61,68,71,79,62,58,57,98,10,3,8,3,5,1,Technical,Web,Logical,1,2,No,Python,Backend Developer
S2743,23,Male,86.79,86.02,96,47,84,63,80,58,68,100,5,3,10,1,4,3,Analytical,Data,Analytical,2,0,No,Statistics,Associate Data Analyst
S2744,17,Other,82.37,89.77,94,66,63,77,49,54,100,95,2,3,3,1,4,10,Technical,Cloud,Logical,2,4,No,DBMS,Junior DevOps Engineer
S2745,21,Female,84.03,78.96,81,95,69,88,73,55,74,96,6,3,5,3,6,4,Technical,AI-ML,Logical,3,6,Yes,Python,Junior ML Engineer
S2746,18,Male,81.75,66.77,96,100,67,100,92,55,99,88,8,4,6,7,5,4,Technical,Web,Logical,3,4,No,Python,Backend Developer
S2747,22,Male,73.82,80.93,45,53,91,63,76,82,47,92,8,1,4,10,3,4,Management,Data,Leader,1,7,Yes,Statistics,Junior Business Analyst
S2748,20,Female,80.79,67.43,72,89,96,78,36,76,85,99,3,1,5,7,8,10,Technical,Cloud,Logical,0,5,No,Python,Cloud Operations Engineer
S2749,18,Female,81.26,60.12,82,93,61,79,62,50,60,72,10,1,3,8,5,3,Technical,Web,Analytical,2,5,Yes,Web,Quality Assurance Tester
S2750,20,Male,66.26,72.41,100,86,90,79,87,75,78,86,4,4,3,1,2,10,Technical,Cloud,Logical,3,4,Yes,Python,Junior DevOps Engineer
S2751,20,Female,80.13,64.65,95,74,53,86,65,70,63,90,3,3,5,3,5,5,Technical,AI-ML,Logical,1,2,No,Math,AI/ML Engineer Trainee
S2752,18,Female,94.14,74.96,85,78,46,77,47,53,76,74,3,1,2,7,2,9,Technical,Cloud,Logical,0,4,No,Python,Cloud Operations Engineer
S2753,21,Female,81.2,74.95,92,100,69,85,71,58,81,89,8,2,5,3,5,6,Technical,AI-ML,Logical,3,6,Yes,Python,Junior ML Engineer
S2754,18,Male,81.22,62.91,80,81,91,70,40,69,62,99,4,4,8,5,1,9,Technical,Cloud,Logical,5,2,No,DBMS,Junior DevOps Engineer
S2755,20,Female,81.58,77.31,85,88,37,97,37,53,64,73,10,3,7,5,6,3,Technical,Web,Logical,4,5,No,Python,Junior Web Developer
S2756,20,Male,79.14,65.29,62,68,63,62,99,51,80,81,1,10,1,3,2,1,Creative,Web,Creative,2,1,No,Web,Frontend Developer
S2757,21,Male,98.06,93.98,89,74,51,94,59,59,97,79,3,1,1,6,5,10,Technical,Cloud,Logical,1,4,No,Python,Cloud Operations Engineer
S2758,22,Male,73.44,75.14,51,55,66,69,93,58,69,66,4,10,1,4,1,5,Creative,Web,Creative,2,0,Yes,Web,UI/UX Designer
S2759,19,Male,81.17,69.39,64,58,82,63,39,75,74,72,3,6,10,4,2,5,Technical,Data,Logical,3,3,Yes,Python,Database Administrator
S2760,20,Female,66.33,87.5,73,65,84,84,100,60,72,83,3,10,7,6,1,4,Creative,Web,Creative,1,3,No,Web,Frontend Developer
S2761,19,Female,60.88,84.05,77,73,51,95,48,36,99,73,4,6,6,2,2,6,Technical,AI-ML,Logical,2,3,No,Math,AI/ML Engineer Trainee
S2762,20,Male,73.37,89.85,73,81,45,93,35,35,92,92,10,1,1,3,6,1,Technical,Web,Logical,2,0,Yes,Python,Backend Developer
S2763,18,Female,87.09,89.58,100,77,88,85,67,39,67,100,6,6,5,6,5,10,Technical,Cloud,Logical,4,5,No,Python,Junior DevOps Engineer
S2764,20,Male,70.94,79.64,89,68,87,80,50,72,93,90,10,2,1,2,2,7,Technical,Web,Logical,4,4,No,Web,Full Stack Developer
S2765,19,Female,79.31,91.63,76,93,70,85,35,55,78,84,2,1,10,4,1,1,Technical,Data,Logical,1,0,No,DBMS,Database Administrator
S2766,19,Female,76.13,92.41,75,83,97,100,85,71,80,75,10,5,5,3,4,6,Technical,Web,Logical,2,4,No,DBMS,Full Stack Developer
S2767,23,Female,74.43,95.18,71,95,41,94,78,55,59,75,9,2,6,5,4,2,Technical,Web,Logical,2,2,No,Python,Backend Developer
S2768,18,Male,81.54,84.21,73,76,84,73,85,99,90,81,2,5,3,8,1,2,Management,Data,Leader,0,3,No,Statistics,Junior Business Analyst
S2769,21,Female,87.47,78.07,85,74,54,73,57,38,82,80,9,7,8,4,3,8,Technical,Web,Analytical,0,2,Yes,Python,Quality Assurance Tester
S2770,18,Male,93.1,62.06,85,63,61,92,35,41,80,94,8,6,8,6,1,4,Technical,Data,Logical,7,5,No,DBMS,Database Administrator
S2771,18,Female,94.79,88.73,91,72,89,86,71,35,66,83,10,4,1,3,2,4,Technical,Web,Logical,2,1,No,Python,Junior Web Developer
S2772,21,Female,76.92,78.18,100,51,67,92,61,85,88,84,2,4,10,2,1,4,Analytical,AI-ML,Analytical,3,5,No,Math,Junior Data Scientist
S2773,17,Female,82.52,65.45,78,85,55,72,56,42,59,70,10,3,1,5,5,3,Technical,Web,Analytical,0,6,Yes,Web,Quality Assurance Tester
S2774,21,Male,68.22,79.89,72,80,84,54,62,65,76,82,10,5,2,5,5,6,Technical,Web,Analytical,1,3,Yes,Web,Quality Assurance Tester
S2775,19,Female,84.37,85.79,93,100,65,68,82,43,54,84,9,1,3,5,7,1,Technical,Web,Logical,5,5,Yes,DBMS,Backend Developer
S2776,17,Female,84.24,77.81,69,50,78,90,66,74,87,47,5,1,8,8,2,1,Management,Data,Leader,3,4,No,DBMS,Junior Business Analyst
S2777,18,Female,79.42,75.92,69,80,89,89,61,82,82,90,6,1,7,6,2,3,Management,Data,Leader,2,3,No,Statistics,Junior Business Analyst
S2778,21,Female,91.94,77.58,81,56,81,92,100,37,91,69,5,10,1,4,4,4,Creative,Web,Creative,1,3,No,Web,UI/UX Designer
S2779,19,Female,89.37,79.56,91,87,86,100,72,60,96,73,5,1,10,5,4,3,Technical,AI-ML,Logical,0,6,No,Python,AI/ML Engineer Trainee
S2780,21,Male,84.61,92.54,92,71,60,92,48,35,92,74,5,4,10,2,2,3,Analytical,AI-ML,Analytical,3,5,No,Python,Junior Data Scientist
S2781,21,Female,89.81,59.84,53,48,66,53,100,71,63,65,7,9,6,4,6,6,Creative,Web,Creative,1,3,No,Web,UI/UX Designer
S2782,21,Male,76.66,80.69,83,99,59,85,64,66,94,65,1,5,5,1,1,9,Technical,Cloud,Logical,3,3,No,Python,Cloud Operations Engineer
S2783,22,Female,77.16,74.21,77,42,94,64,51,60,60,79,1,3,10,5,2,3,Analytical,Data,Analytical,2,3,No,Statistics,Associate Data Analyst
S2784,20,Female,79.72,52.81,53,58,64,63,46,53,60,78,1,7,1,1,10,1,Technical,Security,Logical,3,5,No,Python,Security Analyst Trainee
S2785,21,Male,77.34,79.81,86,88,94,89,46,59,56,81,10,1,1,3,2,5,Technical,Web,Logical,4,3,No,Python,Backend Developer
S2786,19,Male,74.87,74.25,43,64,69,67,91,39,56,78,7,10,2,2,1,2,Creative,Web,Creative,2,2,Yes,Web,UI/UX Designer
S2787,20,Female,67.75,73.87,67,43,67,66,72,75,92,83,1,1,3,6,6,3,Technical,AI-ML,Logical,1,3,No,Python,AI/ML Engineer Trainee
S2788,20,Male,80.23,60.11,82,100,58,86,74,41,94,90,5,2,8,4,8,8,Technical,AI-ML,Logical,2,7,Yes,Python,AI/ML Engineer Trainee
S2789,20,Female,73.94,67.66,53,57,69,84,87,57,80,70,5,10,6,1,7,1,Creative,Web,Creative,2,0,No,Web,UI/UX Designer
S2790,19,Male,82.45,91.14,99,92,46,78,65,52,88,91,10,3,1,4,5,1,Technical,Web,Logical,1,6,Yes,Python,Backend Developer
S2791,22,Female,81.67,71.21,77,83,64,87,48,75,52,81,1,2,10,4,4,4,Technical,Data,Logical,1,8,Yes,DBMS,Database Administrator
S2792,20,Male,82.99,94.82,100,87,59,82,58,38,93,90,7,3,5,4,7,2,Technical,AI-ML,Logical,2,4,No,Math,AI/ML Engineer Trainee
S2793,20,Male,84.41,67.87,91,92,72,71,87,47,87,88,7,2,2,7,3,3,Technical,Web,Analytical,5,6,Yes,Python,Quality Assurance Tester
S2794,21,Female,81.52,74.56,73,77,89,89,71,71,58,93,10,5,1,1,6,2,Technical,Web,Analytical,1,4,No,Web,Quality Assurance Tester
S2795,21,Female,95.45,69.42,77,70,100,71,82,65,80,76,2,9,1,3,4,1,Creative,Web,Creative,2,4,Yes,Web,UI/UX Designer
S2796,17,Male,82.7,74.55,70,59,88,87,64,99,56,81,5,7,4,10,1,1,Management,Data,Leader,0,3,No,Statistics,Junior Business Analyst
S2797,20,Male,81.13,85.29,42,82,96,82,80,97,85,74,4,1,7,9,1,2,Management,Data,Leader,0,7,Yes,Statistics,Junior Business Analyst
S2798,19,Male,88.43,77.5,61,94,60,100,80,69,81,73,8,5,2,7,3,3,Technical,AI-ML,Logical,5,6,Yes,Math,Junior ML Engineer
S2799,18,Female,75.15,80.08,65,98,50,79,53,66,65,81,1,1,7,2,2,10,Technical,Cloud,Logical,3,4,No,DBMS,Cloud Operations Engineer
S2800,21,Female,88.68,69.75,76,65,95,64,92,60,76,75,3,10,3,5,3,1,Creative,Web,Creative,1,4,Yes,Web,UI/UX Designer
S2801,20,Female,71.22,89.33,60,65,72,66,41,86,72,53,7,7,7,5,3,3,Management,Data,Leader,2,2,No,DBMS,Junior Business Analyst
S2802,17,Male,79.99,84.33,74,69,77,83,100,78,49,62,4,10,7,5,4,1,Creative,Web,Creative,1,2,No,Web,Frontend Developer
S2803,21,Male,85.85,71.97,66,93,93,80,53,44,70,82,4,4,9,2,5,1,Technical,AI-ML,Logical,3,2,No,Python,AI/ML Engineer Trainee
S2804,18,Female,73.75,62.11,59,56,74,94,47,35,64,84,4,7,9,5,5,7,Analytical,Data,Analytical,2,4,No,DBMS,Associate Data Analyst
S2805,20,Male,73.7,56.56,86,77,87,51,40,35,62,69,1,3,10,1,3,7,Analytical,Data,Analytical,2,7,Yes,Statistics,Associate Data Analyst
S2806,21,Male,73.69,73.66,82,63,80,92,76,35,100,98,9,5,5,3,1,7,Technical,Web,Logical,3,3,No,Web,Full Stack Developer
S2807,18,Female,72.83,77.17,77,97,85,88,71,37,65,81,5,8,6,4,2,10,Technical,Cloud,Logical,0,2,Yes,Python,Cloud Operations Engineer
S2808,17,Male,68.1,69.47,68,61,67,52,82,68,62,85,5,2,6,10,6,1,Management,Data,Leader,6,2,Yes,Statistics,Junior Business Analyst
S2809,18,Male,71.13,82.36,77,88,83,76,65,54,75,75,3,5,10,6,4,3,Technical,Data,Logical,3,4,No,DBMS,Database Administrator
S2810,17,Male,95.71,97.33,73,37,60,55,89,56,75,55,6,10,1,1,1,1,Creative,Web,Creative,2,1,Yes,Web,UI/UX Designer
S2811,17,Female,77.77,71.24,84,86,67,75,64,51,60,79,6,3,9,1,1,1,Technical,AI-ML,Logical,3,4,No,Math,AI/ML Engineer Trainee
S2812,20,Female,82.89,86.09,98,84,56,80,49,52,78,82,10,5,1,3,5,3,Technical,Web,Analytical,4,5,No,Web,Quality Assurance Tester
S2813,17,Male,83.32,80.92,70,83,61,77,82,77,61,85,2,5,10,2,5,1,Technical,Data,Logical,1,6,Yes,DBMS,Database Administrator
S2814,19,Male,89.25,75.3,53,70,71,55,90,45,64,84,4,10,1,4,1,1,Creative,Web,Creative,1,3,Yes,Web,UI/UX Designer
S2815,18,Female,95.19,74.35,67,55,53,49,78,35,94,83,1,1,6,7,2,10,Technical,Cloud,Logical,0,2,No,DBMS,Cloud Operations Engineer
S2816,18,Female,77.52,73.22,66,47,96,72,40,62,59,93,8,5,1,1,7,4,Technical,Security,Logical,0,1,Yes,Statistics,Security Analyst Trainee
S2817,20,Male,94.5,69.86,59,69,78,52,98,35,71,70,3,7,1,5,1,3,Creative,Web,Creative,2,4,Yes,Web,UI/UX Designer
S2818,18,Male,94.82,80.7,86,83,100,84,70,78,81,82,8,4,1,1,2,4,Technical,Web,Logical,0,0,No,Web,Junior Web Developer
S2819,20,Female,70.32,92.43,79,92,56,76,49,35,64,91,6,3,7,3,2,3,Technical,AI-ML,Logical,1,6,Yes,Math,AI/ML Engineer Trainee
S2820,19,Male,89.77,70.07,91,64,72,63,66,57,64,77,4,2,8,2,1,3,Analytical,AI-ML,Analytical,1,2,Yes,Python,Junior Data Scientist
S2821,20,Female,64.13,71.64,71,88,79,81,71,35,56,78,1,6,5,4,1,10,Technical,Cloud,Logical,0,3,Yes,Python,Cloud Operations Engineer
S2822,18,Female,89.2,84.42,90,100,95,89,47,70,57,86,10,6,2,7,5,1,Technical,Web,Logical,2,5,No,Web,Junior Web Developer
S2823,20,Male,80.54,95.48,100,74,59,73,53,44,60,100,4,6,10,1,1,3,Analytical,Data,Analytical,1,7,Yes,Statistics,Associate Data Analyst
S2824,20,Female,79.74,74.37,71,68,87,52,79,39,83,63,7,6,10,7,5,6,Analytical,Data,Analytical,0,9,Yes,DBMS,Associate Data Analyst
S2825,21,Female,65.37,80.33,66,57,81,60,35,98,91,79,1,3,7,4,5,5,Management,Cloud,Leader,1,0,Yes,Math,Junior Business Analyst
S2826,17,Female,68.1,76.75,45,39,63,36,51,46,77,86,1,2,1,3,6,2,Technical,Web,Analytical,0,3,No,DBMS,Quality Assurance Tester
S2827,20,Female,77.49,58.62,94,94,63,85,76,37,50,94,10,8,5,5,4,7,Technical,Web,Logical,2,5,Yes,DBMS,Backend Developer
S2828,22,Male,78.57,62.96,76,100,52,81,66,71,74,89,5,6,6,5,4,6,Technical,AI-ML,Logical,4,1,No,Math,AI/ML Engineer Trainee
S2829,23,Female,64.52,82.84,52,72,91,64,70,93,76,93,4,2,6,10,6,1,Management,Data,Leader,4,1,No,DBMS,Junior Business Analyst
S2830,19,Female,85.17,74.56,50,79,63,55,90,50,55,85,4,10,6,1,6,1,Creative,Web,Creative,2,6,Yes,Web,Frontend Developer
S2831,21,Male,70.05,70.29,89,87,97,74,47,59,81,89,7,8,2,3,6,10,Technical,Cloud,Logical,1,3,No,Python,Junior DevOps Engineer
S2832,17,Male,99.0,67.36,78,87,86,100,86,84,81,90,5,6,1,2,1,10,Technical,Cloud,Logical,5,4,No,Python,Cloud Operations Engineer
S2833,18,Male,85.26,93.0,57,100,77,89,43,39,89,70,4,2,4,4,4,10,Technical,Cloud,Logical,1,3,No,Python,Junior DevOps Engineer
S2834,20,Female,90.57,75.94,65,75,81,80,40,76,87,62,3,6,5,7,1,1,Management,Data,Leader,0,5,No,DBMS,Junior Business Analyst
S2835,19,Female,76.57,69.65,62,72,53,90,77,56,82,65,1,6,10,1,5,5,Analytical,AI-ML,Analytical,4,4,Yes,Python,Junior Data Scientist
S2836,17,Male,82.57,75.21,70,74,93,72,73,100,94,62,4,4,10,8,3,2,Management,Data,Leader,0,4,No,Statistics,Junior Business Analyst
S2837,19,Male,79.94,96.39,85,100,61,88,75,76,98,70,9,2,5,4,6,6,Technical,Web,Logical,1,6,Yes,Web,Junior Web Developer
S2838,21,Female,86.54,78.04,85,100,94,89,68,70,56,95,2,2,4,1,1,10,Technical,Cloud,Logical,4,6,Yes,Python,Cloud Operations Engineer
S2839,21,Male,93.21,63.41,80,66,84,94,65,77,93,79,8,3,3,2,7,2,Technical,Web,Analytical,3,2,No,Web,Quality Assurance Tester
S2840,23,Male,88.52,95.39,68,59,54,100,35,45,70,80,4,1,1,3,1,9,Technical,Cloud,Logical,1,5,No,DBMS,Junior DevOps Engineer
S2841,20,Male,84.55,94.64,46,60,57,78,100,69,92,74,8,10,2,3,6,3,Creative,Web,Creative,2,1,No,Web,UI/UX Designer
S2842,18,Male,87.04,81.5,92,99,62,95,61,71,81,90,4,5,5,1,3,10,Technical,Cloud,Logical,6,4,No,Python,Junior DevOps Engineer
S2843,20,Male,91.26,90.7,100,66,59,86,63,39,95,76,3,5,10,1,1,4,Analytical,AI-ML,Analytical,3,5,No,Python,Junior Data Scientist
S2844,22,Other,78.85,77.89,58,98,65,71,59,35,94,96,10,4,4,3,2,1,Technical,Web,Logical,5,1,Yes,Python,Backend Developer
S2845,19,Male,67.46,80.11,100,90,71,77,48,51,69,89,1,1,10,2,4,2,Technical,AI-ML,Logical,4,0,No,Python,AI/ML Engineer Trainee
S2846,20,Male,84.41,95.02,40,67,55,55,80,58,66,84,1,3,4,8,7,5,Technical,Security,Logical,2,4,No,Statistics,Security Analyst Trainee
S2847,20,Female,71.41,75.75,76,90,90,70,79,76,45,78,10,1,3,4,5,3,Technical,Web,Logical,1,2,No,Web,Full Stack Developer
S2848,20,Male,77.08,60.46,69,87,52,79,84,68,90,86,10,3,3,5,3,3,Technical,Web,Analytical,1,6,No,Python,Quality Assurance Tester
S2849,19,Female,62.99,76.98,73,100,91,95,59,55,76,92,10,4,1,8,1,1,Technical,Web,Logical,1,0,No,Python,Backend Developer
S2850,18,Female,90.9,78.49,77,61,45,72,75,53,50,90,7,3,1,4,3,4,Technical,AI-ML,Logical,2,4,No,Python,Junior ML Engineer
S2851,20,Female,70.23,80.99,95,90,68,91,58,59,60,86,6,3,8,4,3,4,Analytical,AI-ML,Analytical,2,7,Yes,Math,Junior Data Scientist
S2852,21,Male,78.57,82.83,77,84,50,71,48,39,92,96,4,2,4,1,4,10,Technical,Cloud,Logical,2,3,No,Python,Cloud Operations Engineer
S2853,22,Female,67.3,88.99,96,84,72,86,76,39,100,84,2,2,10,1,5,3,Analytical,Data,Analytical,5,4,No,DBMS,Associate Data Analyst
S2854,25,Female,75.3,75.79,86,77,86,83,66,35,89,85,3,4,8,7,1,1,Technical,AI-ML,Logical,2,3,No,Python,AI/ML Engineer Trainee
S2855,19,Male,69.03,89.71,86,84,39,67,35,59,100,99,8,6,3,1,2,2,Technical,Web,Logical,2,0,No,Python,Full Stack Developer
S2856,19,Male,61.14,74.01,97,82,57,99,46,56,64,90,9,6,2,1,1,7,Technical,AI-ML,Logical,4,5,No,Math,Junior ML Engineer
S2857,19,Female,67.17,80.97,95,91,90,88,63,65,68,69,5,4,6,7,6,9,Technical,Cloud,Logical,2,1,No,Python,Junior DevOps Engineer
S2858,19,Male,95.92,81.66,69,100,66,100,77,62,81,66,7,3,1,6,3,1,Technical,AI-ML,Logical,3,7,Yes,Math,Junior ML Engineer
S2859,21,Male,89.17,58.03,74,76,88,75,68,64,91,80,10,6,7,7,1,5,Technical,Web,Logical,3,6,No,Python,Backend Developer
S2860,19,Other,87.98,79.5,84,73,79,76,35,54,77,98,8,5,7,4,1,2,Technical,Web,Logical,3,1,No,DBMS,Backend Developer
S2861,18,Female,78.01,85.34,77,81,42,88,54,35,73,85,1,3,4,3,6,8,Technical,Cloud,Logical,3,6,No,Python,Cloud Operations Engineer
S2862,18,Female,74.03,88.18,73,94,100,100,35,66,72,87,10,2,4,1,5,6,Technical,AI-ML,Logical,3,3,No,Python,Junior ML Engineer
S2863,22,Male,78.15,77.11,91,94,96,87,54,55,56,90,10,1,3,6,5,8,Technical,Web,Logical,3,3,No,Python,Backend Developer
S2864,19,Male,91.35,68.01,75,86,51,96,39,50,56,96,7,3,4,3,5,9,Technical,Cloud,Logical,0,2,No,Python,Junior DevOps Engineer
S2865,19,Female,71.36,78.45,77,100,58,96,88,68,82,78,9,4,6,4,5,3,Technical,Web,Logical,0,5,Yes,Python,Backend Developer
S2866,19,Female,90.61,81.72,89,100,83,84,55,67,61,97,10,7,3,7,1,5,Technical,Web,Logical,2,4,No,DBMS,Full Stack Developer
S2867,19,Female,86.49,80.94,78,81,72,88,72,57,88,82,10,1,4,4,2,8,Technical,Web,Analytical,0,6,Yes,Python,Quality Assurance Tester
S2868,24,Male,83.07,93.04,100,100,80,91,52,62,55,83,9,3,3,5,5,1,Technical,AI-ML,Logical,0,2,Yes,Python,Junior ML Engineer
S2869,23,Male,81.6,86.77,73,59,60,73,97,39,74,56,1,10,1,4,1,3,Creative,Web,Creative,2,3,Yes,Web,UI/UX Designer
S2870,18,Male,88.24,76.83,76,73,91,100,71,38,83,90,4,4,8,4,2,2,Technical,AI-ML,Logical,2,8,Yes,Math,AI/ML Engineer Trainee
S2871,19,Female,65.0,70.57,86,64,95,80,54,35,62,83,3,1,1,4,10,5,Technical,Security,Logical,4,4,Yes,DBMS,Security Analyst Trainee
S2872,19,Female,91.23,85.13,72,90,88,85,80,44,54,95,10,3,3,7,5,4,Technical,AI-ML,Logical,1,2,No,Math,Junior ML Engineer
S2873,19,Male,65.47,67.39,84,62,54,90,74,54,83,100,1,3,10,6,4,6,Analytical,AI-ML,Analytical,0,3,Yes,Statistics,Junior Data Scientist
S2874,19,Female,77.57,79.35,99,92,52,85,37,65,88,92,10,4,1,5,3,2,Technical,Web,Logical,2,3,No,DBMS,Full Stack Developer
S2875,20,Female,90.3,70.54,67,57,68,76,63,69,76,50,5,4,7,10,1,5,Management,Data,Leader,0,1,Yes,Statistics,Junior Business Analyst
S2876,20,Female,83.45,78.1,87,98,91,93,71,68,90,70,3,7,8,3,2,6,Technical,AI-ML,Logical,1,6,No,Python,AI/ML Engineer Trainee
S2877,22,Female,80.47,88.39,55,43,70,59,86,42,74,69,9,4,1,2,4,6,Technical,Web,Logical,3,5,No,Statistics,Full Stack Developer
S2878,17,Female,77.76,64.42,74,88,60,84,63,36,54,71,10,1,4,8,4,1,Technical,Web,Analytical,0,5,Yes,Web,Quality Assurance Tester
S2879,18,Male,71.26,82.79,64,70,76,54,54,38,91,95,3,1,10,3,4,4,Analytical,Data,Analytical,0,2,No,Statistics,Associate Data Analyst
S2880,19,Other,85.54,76.5,69,39,51,82,60,35,58,89,5,1,10,8,6,7,Analytical,Data,Analytical,0,6,No,Statistics,Associate Data Analyst
S2881,20,Female,62.84,86.74,76,65,60,81,58,35,93,69,6,5,8,2,1,6,Technical,AI-ML,Logical,2,3,No,Math,AI/ML Engineer Trainee
S2882,19,Female,85.96,90.9,56,67,49,72,78,46,58,84,2,3,4,3,4,4,Analytical,AI-ML,Analytical,1,6,Yes,Python,Associate Data Analyst
S2883,17,Male,76.02,69.31,61,89,100,80,47,35,89,93,5,3,1,6,10,2,Technical,Security,Logical,1,6,Yes,DBMS,Security Analyst Trainee
S2884,22,Female,72.5,83.94,70,63,56,81,92,74,63,85,4,10,2,4,1,1,Creative,Web,Creative,2,3,No,Web,UI/UX Designer
S2885,19,Male,89.77,94.94,96,93,61,76,61,51,84,97,10,4,5,8,7,5,Technical,Web,Analytical,0,1,No,Python,Quality Assurance Tester
S2886,20,Male,72.99,58.08,53,68,73,100,73,59,63,95,10,4,4,6,5,8,Technical,Web,Logical,1,4,Yes,Web,Junior Web Developer
S2887,20,Female,88.7,78.25,96,93,83,91,62,61,94,70,7,3,9,6,7,1,Technical,AI-ML,Logical,0,5,No,Python,AI/ML Engineer Trainee
S2888,19,Male,81.65,83.36,79,74,80,86,99,68,51,67,1,10,4,4,2,1,Creative,Web,Creative,3,3,No,Web,Frontend Developer
S2889,18,Female,67.77,84.95,44,67,81,50,90,35,84,87,7,7,8,5,6,1,Creative,Web,Creative,3,2,No,Statistics,UI/UX Designer
S2890,21,Female,70.56,62.12,85,38,80,78,46,69,83,97,1,1,10,3,5,2,Analytical,Data,Analytical,5,0,No,Statistics,Associate Data Analyst
S2891,19,Other,75.24,80.85,88,95,74,74,76,38,88,95,4,1,6,6,5,10,Technical,Cloud,Logical,1,0,No,Python,Junior DevOps Engineer
S2892,21,Other,78.82,67.41,68,50,100,53,55,75,68,78,1,2,3,3,8,10,Technical,Cloud,Logical,4,1,No,Python,Cloud Operations Engineer
S2893,24,Male,74.87,52.56,90,43,94,66,46,66,51,79,4,2,9,4,2,3,Analytical,AI-ML,Analytical,1,2,Yes,Statistics,Junior Data Scientist
S2894,19,Male,64.98,71.4,58,69,85,53,54,86,70,73,4,2,10,10,4,1,Management,Data,Leader,1,8,Yes,DBMS,Junior Business Analyst
S2895,20,Female,78.82,83.87,87,100,89,77,78,68,56,81,9,4,3,5,3,4,Technical,AI-ML,Logical,1,4,Yes,Math,Junior ML Engineer
S2896,21,Female,85.62,71.08,72,94,79,72,74,87,52,81,8,7,3,7,4,5,Technical,Web,Logical,1,1,No,Web,Junior Web Developer
S2897,17,Male,89.57,70.92,64,100,77,72,51,39,65,82,10,3,6,1,6,1,Technical,Web,Logical,2,3,No,Python,Full Stack Developer
S2898,19,Female,99.0,82.64,45,47,77,59,80,36,61,58,3,10,5,3,4,2,Creative,Web,Creative,4,2,No,Web,UI/UX Designer
S2899,20,Male,65.54,95.17,100,74,55,78,45,51,89,67,3,2,7,1,6,2,Analytical,AI-ML,Analytical,4,5,No,Python,Junior Data Scientist
S2900,17,Female,85.95,90.78,99,84,65,100,55,35,68,69,5,3,10,2,4,5,Technical,AI-ML,Logical,1,3,No,Math,AI/ML Engineer Trainee
S2901,24,Male,78.95,64.22,60,61,76,54,35,70,84,82,5,6,7,7,3,2,Management,Data,Leader,3,2,No,Statistics,Junior Business Analyst
S2902,22,Female,76.9,99.0,72,96,55,98,75,57,62,79,9,1,6,6,5,2,Technical,Web,Logical,2,1,No,Python,Backend Developer
S2903,19,Male,72.32,73.04,100,83,70,74,43,46,82,77,8,8,4,5,1,3,Technical,AI-ML,Logical,2,4,No,Python,Junior ML Engineer
S2904,20,Male,77.69,68.28,100,63,70,87,58,82,44,79,1,4,2,6,3,10,Technical,Cloud,Logical,0,3,No,DBMS,Cloud Operations Engineer
S2905,21,Female,73.1,78.27,80,95,62,80,57,70,88,66,2,6,10,4,2,4,Technical,Data,Logical,0,2,No,DBMS,Database Administrator
S2906,21,Female,74.24,55.12,75,99,65,89,79,54,86,88,10,4,4,2,1,1,Technical,Web,Logical,3,2,No,Python,Full Stack Developer
S2907,18,Female,84.39,69.03,60,63,87,66,48,43,67,95,4,1,7,4,1,3,Technical,Web,Logical,5,3,No,Math,Full Stack Developer
S2908,22,Female,75.86,75.29,78,100,91,100,77,40,58,80,10,5,6,3,4,7,Technical,Web,Logical,2,2,No,Python,Backend Developer
S2909,17,Male,64.22,81.09,49,61,100,73,82,54,49,83,6,3,5,4,3,1,Technical,AI-ML,Logical,1,4,Yes,Math,AI/ML Engineer Trainee
S2910,20,Female,94.76,83.46,95,100,75,77,68,53,93,76,10,5,1,1,1,6,Technical,Web,Logical,4,3,No,Python,Full Stack Developer
S2911,17,Female,73.59,66.27,69,99,51,88,67,84,100,88,10,5,4,6,5,5,Technical,Web,Logical,1,2,No,DBMS,Backend Developer
S2912,19,Male,85.32,72.32,85,100,57,86,50,35,79,85,3,4,10,4,5,3,Technical,Data,Logical,4,3,No,DBMS,Database Administrator
S2913,19,Male,75.5,82.19,93,100,52,85,46,55,85,91,4,3,9,4,1,2,Technical,AI-ML,Logical,2,5,Yes,Math,AI/ML Engineer Trainee
S2914,22,Female,75.32,81.58,60,52,88,55,73,40,63,100,1,3,1,6,7,6,Analytical,AI-ML,Analytical,0,4,Yes,DBMS,Junior Data Scientist
S2915,20,Female,78.35,78.52,63,68,64,99,67,46,45,87,10,5,3,5,1,4,Technical,Web,Logical,1,4,Yes,Python,Full Stack Developer
S2916,21,Female,71.95,85.46,90,80,76,71,70,41,58,94,10,1,4,3,6,5,Technical,Web,Logical,2,6,Yes,Python,Junior Web Developer
S2917,21,Female,91.44,74.21,70,53,69,70,54,70,77,51,6,3,9,9,4,6,Management,Data,Leader,1,1,Yes,Statistics,Junior Business Analyst
S2918,23,Female,71.04,69.04,71,90,83,97,64,54,61,68,3,1,10,2,3,4,Technical,AI-ML,Logical,0,1,No,Math,AI/ML Engineer Trainee
S2919,19,Female,92.97,76.25,80,66,44,71,64,52,53,98,5,2,2,3,3,8,Technical,AI-ML,Logical,1,2,No,Python,Junior ML Engineer
S2920,20,Male,80.18,84.17,57,74,52,97,54,50,78,89,5,3,10,2,5,2,Technical,Data,Logical,0,5,Yes,DBMS,Database Administrator
S2921,19,Female,66.41,69.64,99,68,80,81,74,69,54,85,7,4,1,4,3,10,Technical,Cloud,Logical,2,6,No,Python,Cloud Operations Engineer
S2922,22,Male,76.56,71.98,78,77,56,86,79,57,67,82,10,1,1,3,2,3,Technical,Web,Logical,5,1,No,DBMS,Full Stack Developer
S2923,20,Female,73.91,93.75,73,79,94,67,72,51,52,77,10,6,2,1,4,7,Technical,Web,Analytical,1,3,Yes,Python,Quality Assurance Tester
S2924,18,Other,93.22,79.95,85,87,83,80,44,47,77,97,8,4,4,4,3,5,Technical,Web,Logical,2,0,No,DBMS,Backend Developer
S2925,17,Male,90.31,79.05,93,88,94,73,45,39,99,89,1,1,10,6,8,3,Technical,Data,Logical,2,0,No,DBMS,Database Administrator
S2926,18,Female,81.33,85.5,71,86,50,84,47,39,68,78,9,1,2,5,5,2,Technical,AI-ML,Logical,4,2,Yes,Math,Junior ML Engineer
S2927,22,Male,66.54,74.18,58,41,88,39,62,50,81,93,1,4,2,4,6,7,Technical,Cloud,Logical,2,6,No,Python,Junior DevOps Engineer
S2928,20,Female,75.16,89.12,100,93,49,75,86,43,90,76,6,5,1,6,10,1,Technical,Security,Logical,7,4,Yes,DBMS,Security Analyst Trainee
S2929,20,Female,66.02,86.22,81,79,85,70,57,70,55,75,10,1,4,3,1,7,Technical,Web,Logical,0,3,No,Web,Junior Web Developer
S2930,18,Female,65.18,82.94,83,55,90,58,82,60,90,86,3,2,10,3,1,2,Analytical,Data,Analytical,1,7,Yes,Statistics,Associate Data Analyst
S2931,19,Male,73.82,91.65,62,78,80,76,58,48,56,91,10,1,7,5,7,5,Technical,Web,Logical,3,2,No,Python,Backend Developer
S2932,21,Female,80.46,67.69,83,87,93,100,48,35,74,73,10,1,2,3,7,4,Technical,Web,Logical,0,3,No,Web,Junior Web Developer
S2933,20,Male,99.0,55.12,57,77,62,95,50,66,85,72,10,1,5,4,2,3,Technical,Web,Logical,3,4,No,DBMS,Full Stack Developer
S2934,21,Male,70.08,91.23,90,76,49,82,77,49,99,87,10,4,6,8,2,4,Technical,Web,Logical,2,0,No,Web,Full Stack Developer
S2935,19,Female,92.5,90.15,44,41,88,74,98,35,95,53,1,9,4,5,3,2,Creative,Web,Creative,2,5,No,Web,Frontend Developer
S2936,19,Male,88.76,77.76,62,87,78,92,45,55,72,75,2,1,9,4,2,4,Technical,Data,Logical,1,2,No,DBMS,Database Administrator
S2937,19,Male,80.09,89.23,92,70,76,93,44,73,97,81,10,1,5,5,5,1,Technical,Web,Logical,2,3,Yes,DBMS,Backend Developer
S2938,18,Male,70.27,83.33,83,98,88,79,57,66,70,88,5,3,10,2,4,2,Technical,Data,Logical,3,4,No,DBMS,Database Administrator
S2939,19,Female,90.02,73.18,78,68,92,71,79,68,74,91,5,10,1,3,3,3,Creative,Web,Creative,2,4,Yes,Web,UI/UX Designer
S2940,21,Male,78.18,73.16,61,84,66,75,85,65,77,48,1,10,2,1,4,5,Creative,Web,Creative,5,0,No,Web,Frontend Developer
S2941,20,Female,66.34,76.73,54,41,66,82,77,58,84,82,3,9,3,1,5,4,Creative,Web,Creative,2,4,Yes,Web,UI/UX Designer
S2942,19,Male,88.82,73.95,77,85,86,70,49,75,80,73,1,6,6,7,5,3,Management,Data,Leader,0,4,No,DBMS,Junior Business Analyst
S2943,19,Female,57.26,75.13,100,74,46,78,86,35,86,79,10,3,1,4,2,3,Technical,Web,Logical,4,2,No,DBMS,Backend Developer
S2944,22,Female,79.86,75.09,95,68,86,79,37,75,55,82,7,3,8,5,6,10,Technical,Cloud,Logical,3,2,Yes,Python,Cloud Operations Engineer
S2945,19,Male,67.43,57.34,74,94,51,98,35,69,70,89,2,3,7,7,7,10,Technical,Cloud,Logical,0,5,No,DBMS,Cloud Operations Engineer
S2946,20,Female,92.22,76.42,90,96,76,93,74,66,92,72,6,2,7,4,8,1,Technical,AI-ML,Logical,2,4,No,Python,AI/ML Engineer Trainee
S2947,19,Male,81.02,72.11,78,46,82,69,61,91,49,79,4,3,3,8,2,3,Management,Data,Leader,0,2,No,Statistics,Junior Business Analyst
S2948,18,Female,74.93,76.66,67,53,82,64,92,35,49,70,4,9,4,5,2,4,Creative,Web,Creative,4,2,No,Web,Frontend Developer
S2949,19,Female,94.77,74.15,81,70,77,89,40,43,57,88,3,1,7,5,3,3,Technical,AI-ML,Logical,1,1,No,Math,AI/ML Engineer Trainee
S2950,19,Female,84.95,80.13,97,88,55,78,66,40,75,80,7,7,4,1,3,7,Technical,Web,Analytical,0,3,Yes,Python,Quality Assurance Tester
S2951,20,Female,86.74,78.19,100,63,87,78,53,63,60,75,7,6,8,3,7,3,Technical,Web,Analytical,1,6,No,Web,Quality Assurance Tester
S2952,21,Male,70.61,71.39,74,88,73,56,64,59,72,79,9,5,1,3,2,5,Technical,Web,Analytical,1,2,Yes,Web,Quality Assurance Tester
S2953,19,Male,77.17,85.36,72,87,58,69,69,59,84,95,9,1,4,4,8,6,Technical,Web,Analytical,1,0,No,Web,Quality Assurance Tester
S2954,17,Female,77.88,86.16,75,60,68,63,62,35,75,83,4,3,10,1,7,8,Analytical,Data,Analytical,4,0,Yes,Statistics,Associate Data Analyst
S2955,19,Female,89.48,82.78,85,70,46,78,65,46,52,91,8,3,3,6,1,4,Technical,AI-ML,Logical,2,2,No,Python,Junior ML Engineer
S2956,20,Male,81.37,68.47,92,100,90,100,39,68,63,87,9,7,4,6,1,2,Technical,AI-ML,Logical,2,3,No,Python,Junior ML Engineer
S2957,17,Female,60.14,73.58,98,79,53,83,85,42,88,72,10,2,2,2,5,3,Technical,Web,Logical,5,5,No,DBMS,Backend Developer
S2958,17,Female,89.73,97.78,88,80,91,74,77,50,88,81,2,1,5,6,1,10,Technical,Cloud,Logical,2,0,No,Python,Cloud Operations Engineer
S2959,17,Female,70.21,69.73,78,70,66,86,98,74,71,69,4,8,3,2,4,3,Creative,Web,Creative,2,2,Yes,Web,Frontend Developer
S2960,20,Female,88.27,87.21,95,96,88,78,48,73,66,77,5,5,8,3,3,10,Technical,Cloud,Logical,4,4,Yes,DBMS,Junior DevOps Engineer
S2961,18,Female,62.98,60.49,84,51,59,44,35,45,62,87,1,3,1,1,3,5,Technical,AI-ML,Logical,3,2,Yes,Python,Junior ML Engineer
S2962,17,Female,99.0,84.33,82,61,56,86,56,78,58,88,1,5,4,7,10,2,Technical,Security,Logical,2,4,No,DBMS,Security Analyst Trainee
S2963,20,Female,82.17,78.29,40,78,80,69,35,35,77,76,4,5,4,5,1,6,Technical,AI-ML,Logical,1,4,Yes,Web,AI/ML Engineer Trainee
S2964,21,Male,69.52,81.23,50,46,90,64,88,42,93,88,1,8,3,5,5,8,Technical,Cloud,Logical,3,1,No,Statistics,Cloud Operations Engineer
S2965,21,Male,86.65,68.18,66,52,93,72,52,41,81,67,2,4,10,2,4,1,Analytical,AI-ML,Analytical,0,8,Yes,Statistics,Junior Data Scientist
S2966,19,Other,84.22,99.0,90,73,44,85,88,38,86,70,10,8,6,8,1,4,Technical,Web,Logical,1,4,No,DBMS,Full Stack Developer
S2967,18,Female,66.33,80.54,71,70,81,82,100,58,79,78,3,10,4,7,3,5,Creative,Web,Creative,2,1,No,Web,Frontend Developer
S2968,21,Female,76.42,90.59,90,81,85,100,49,71,54,78,1,3,3,1,5,10,Technical,Cloud,Logical,1,3,No,DBMS,Junior DevOps Engineer
S2969,20,Female,90.07,78.12,82,100,51,88,65,35,75,79,10,5,1,7,7,1,Technical,Web,Logical,2,3,No,Web,Full Stack Developer
S2970,17,Female,72.81,81.75,80,88,55,95,57,67,94,94,9,6,7,8,3,1,Technical,Web,Logical,5,5,No,Python,Full Stack Developer
S2971,20,Male,75.63,68.01,81,91,71,88,71,46,85,89,10,3,3,1,3,1,Technical,Web,Logical,0,3,No,Python,Backend Developer
S2972,25,Female,93.64,90.98,74,93,87,89,54,50,92,96,10,1,4,4,7,1,Technical,Web,Logical,6,2,No,Web,Junior Web Developer
S2973,20,Male,83.22,63.77,79,83,82,85,46,43,88,80,10,7,2,2,8,3,Technical,Web,Logical,4,7,Yes,Web,Junior Web Developer
S2974,20,Male,69.01,93.7,100,84,60,77,47,51,90,79,1,5,9,1,3,4,Analytical,AI-ML,Analytical,5,6,No,Python,Junior Data Scientist
S2975,22,Male,88.4,78.98,81,100,65,72,76,47,93,97,8,8,2,4,3,2,Technical,AI-ML,Logical,0,3,No,Python,Junior ML Engineer
S2976,18,Female,70.16,66.09,72,70,78,79,64,61,62,83,5,3,10,8,7,1,Analytical,Data,Analytical,1,1,No,DBMS,Associate Data Analyst
S2977,22,Female,79.84,86.97,74,72,67,91,74,52,68,77,3,6,8,5,8,1,Technical,AI-ML,Logical,2,4,No,Math,AI/ML Engineer Trainee
S2978,20,Female,80.84,73.27,67,70,59,94,70,37,56,75,5,2,8,2,4,5,Analytical,AI-ML,Analytical,1,3,No,Math,Junior Data Scientist
S2979,17,Male,77.04,60.22,94,71,81,64,67,69,79,100,5,3,2,4,6,10,Technical,Cloud,Logical,2,3,No,Python,Junior DevOps Engineer
S2980,20,Male,71.22,77.61,65,92,49,83,63,47,59,87,10,2,1,5,7,2,Technical,Web,Logical,1,4,Yes,Python,Full Stack Developer
S2981,20,Female,74.84,70.23,67,97,63,88,35,46,89,83,10,7,4,1,1,1,Technical,AI-ML,Logical,1,2,No,Python,Junior ML Engineer
S2982,20,Male,76.85,70.39,63,46,82,52,35,69,70,72,4,5,4,9,7,1,Management,Data,Leader,5,5,No,DBMS,Junior Business Analyst
S2983,20,Female,82.19,76.75,77,52,85,51,64,75,76,66,5,1,3,1,6,7,Technical,Web,Logical,2,4,No,DBMS,Full Stack Developer
S2984,20,Female,80.86,61.71,73,77,95,74,35,70,80,100,1,1,5,6,7,10,Technical,Cloud,Logical,1,3,No,Python,Cloud Operations Engineer
S2985,18,Female,89.52,84.23,61,89,40,93,77,55,63,85,4,3,7,4,4,10,Technical,Cloud,Logical,0,5,No,DBMS,Junior DevOps Engineer
S2986,17,Male,74.83,80.24,67,38,79,77,59,80,63,87,1,4,10,7,6,5,Analytical,Data,Analytical,3,2,No,DBMS,Associate Data Analyst
S2987,18,Female,71.4,76.43,75,88,38,85,78,63,89,73,10,6,1,5,6,1,Technical,Web,Logical,0,2,No,Python,Junior Web Developer
S2988,22,Female,76.12,70.7,91,86,92,80,48,57,67,75,9,1,2,4,6,1,Technical,Web,Analytical,3,3,No,Python,Quality Assurance Tester
S2989,19,Female,79.36,71.48,71,98,83,86,42,79,57,80,3,4,4,1,3,10,Technical,Cloud,Logical,4,5,Yes,DBMS,Junior DevOps Engineer
S2990,18,Other,92.49,69.56,49,75,94,77,78,70,75,49,3,7,5,10,4,1,Management,Data,Leader,0,3,No,DBMS,Junior Business Analyst
S2991,19,Female,81.97,59.26,77,88,66,92,38,55,65,94,5,5,8,4,4,2,Technical,Data,Logical,3,6,No,DBMS,Database Administrator
S2992,21,Female,66.12,96.73,85,90,70,71,74,80,89,87,3,4,10,3,4,7,Technical,Data,Logical,0,2,No,DBMS,Database Administrator
S2993,20,Female,92.66,89.77,100,97,88,75,76,52,90,82,4,5,8,2,2,1,Technical,AI-ML,Logical,1,3,No,Math,AI/ML Engineer Trainee
S2994,19,Male,89.76,72.33,44,83,65,61,88,37,71,75,5,10,1,2,2,2,Creative,Web,Creative,1,4,Yes,Web,UI/UX Designer
S2995,21,Male,86.0,80.8,72,60,50,61,70,50,54,100,3,8,4,4,1,5,Analytical,Web,Analytical,1,5,Yes,Statistics,Associate Data Analyst
S2996,19,Female,93.35,92.71,69,86,62,86,80,54,64,95,10,3,2,4,3,5,Technical,Web,Logical,1,5,Yes,Python,Backend Developer
S2997,17,Female,77.42,60.72,74,93,70,79,69,42,56,77,9,3,1,5,7,1,Technical,Web,Analytical,1,7,Yes,Web,Quality Assurance Tester
S2998,20,Male,74.97,75.41,79,61,86,75,83,72,80,79,4,10,6,1,7,3,Creative,Web,Creative,2,5,Yes,Web,UI/UX Designer
S2999,18,Male,82.12,62.89,88,100,71,100,68,61,73,95,2,4,6,7,1,1,Technical,AI-ML,Logical,5,4,No,Python,AI/ML Engineer Trainee
S3000,24,Female,80.04,64.09,91,82,47,100,51,52,98,77,1,1,7,5,10,8,Technical,Security,Logical,1,3,No,DBMS,Security Analyst Trainee
S3001,19,Male,66.43,71.45,75,70,71,62,100,64,64,47,1,10,4,1,3,1,Creative,Web,Creative,1,4,No,Web,UI/UX Designer
S3002,21,Male,74.32,69.76,89,69,88,70,88,35,52,76,5,2,9,2,3,4,Analytical,Data,Analytical,5,2,No,DBMS,Associate Data Analyst
S3003,22,Female,77.83,74.49,82,78,68,68,93,49,68,72,1,10,4,6,3,3,Creative,Web,Creative,0,2,No,Web,Frontend Developer
S3004,18,Female,67.81,86.51,92,100,82,97,69,71,88,67,10,4,8,3,6,1,Technical,Web,Logical,3,3,No,Web,Full Stack Developer
S3005,21,Female,83.65,81.34,51,65,71,72,42,84,96,80,2,1,7,10,7,4,Management,Data,Leader,1,6,Yes,Statistics,Junior Business Analyst
S3006,20,Female,75.35,64.31,72,48,75,76,80,86,62,65,4,6,9,10,6,4,Management,Data,Leader,2,3,Yes,DBMS,Junior Business Analyst
S3007,17,Male,99.0,86.7,78,81,73,98,77,85,97,97,2,1,2,2,10,2,Technical,Security,Logical,4,1,No,DBMS,Security Analyst Trainee
S3008,17,Female,65.17,69.5,65,57,91,65,98,50,70,62,5,8,4,2,5,4,Creative,Web,Creative,1,3,No,Statistics,UI/UX Designer
S3009,19,Male,85.73,75.21,98,76,63,94,56,46,73,89,10,1,1,2,2,2,Technical,Web,Logical,0,1,No,Python,Backend Developer
S3010,18,Male,73.14,66.81,61,58,70,37,64,79,57,99,2,6,7,1,2,6,Technical,Web,Logical,0,2,No,Web,Database Administrator
S3011,18,Male,68.92,81.29,48,59,72,67,79,63,91,81,6,2,3,1,1,2,Technical,Security,Analytical,0,4,Yes,Statistics,Quality Assurance Tester
S3012,19,Female,99.0,74.86,99,81,95,100,72,69,57,77,8,5,2,4,7,2,Technical,AI-ML,Logical,4,5,Yes,Math,Junior ML Engineer
S3013,22,Male,74.42,70.93,89,96,47,98,56,35,58,78,10,6,2,3,1,1,Technical,Web,Logical,3,0,No,DBMS,Full Stack Developer
S3014,21,Female,82.31,74.45,80,64,46,90,67,35,71,74,5,1,10,5,4,6,Analytical,AI-ML,Analytical,0,4,No,Math,Junior Data Scientist
S3015,20,Male,73.64,81.65,91,84,65,91,71,45,54,74,10,3,4,5,3,5,Technical,Web,Logical,4,6,No,Web,Junior Web Developer
S3016,20,Female,73.77,74.95,85,76,71,97,35,35,80,92,10,6,7,5,4,1,Technical,Web,Logical,2,2,No,Python,Full Stack Developer
S3017,19,Female,83.87,72.88,51,72,99,71,58,44,60,94,8,2,3,8,1,3,Technical,Web,Logical,3,1,No,Math,Full Stack Developer
S3018,19,Female,87.77,82.21,78,83,56,91,79,35,69,100,1,1,4,2,10,2,Technical,Security,Logical,2,5,Yes,DBMS,Security Analyst Trainee
S3019,20,Male,88.27,67.0,62,94,100,86,66,37,79,86,9,1,4,6,4,1,Technical,Web,Logical,4,1,No,Python,Backend Developer
S3020,19,Male,78.54,75.14,93,95,40,76,38,53,94,73,10,1,4,4,3,6,Technical,Web,Logical,2,2,No,Python,Full Stack Developer
S3021,18,Female,92.63,65.52,45,62,68,67,93,43,60,46,5,10,3,4,2,7,Creative,Web,Creative,3,3,Yes,Web,UI/UX Designer
S3022,17,Female,95.71,82.83,67,61,52,79,54,81,68,94,2,4,5,3,10,3,Technical,Security,Logical,1,1,No,DBMS,Security Analyst Trainee
S3023,21,Female,87.66,66.98,93,66,71,72,68,64,61,81,8,3,3,2,4,4,Technical,Web,Analytical,0,6,Yes,Python,Quality Assurance Tester
S3024,19,Female,72.86,75.46,81,91,47,93,57,35,74,69,3,3,4,5,8,10,Technical,Cloud,Logical,4,3,No,Python,Junior DevOps Engineer
S3025,19,Male,67.09,70.83,76,68,67,82,63,85,73,67,2,6,4,7,5,10,Technical,Cloud,Logical,0,4,No,Python,Junior DevOps Engineer
S3026,18,Female,77.71,83.51,91,66,86,70,57,59,52,87,9,3,4,7,6,5,Technical,Web,Analytical,3,6,Yes,Python,Quality Assurance Tester
S3027,21,Female,84.02,88.65,61,68,92,62,63,51,67,100,1,5,3,5,8,6,Analytical,AI-ML,Analytical,1,7,Yes,DBMS,Junior Data Scientist
S3028,18,Female,86.49,86.61,89,92,91,77,67,47,98,81,10,4,2,2,5,6,Technical,Web,Logical,4,2,No,Python,Backend Developer
S3029,19,Female,76.19,78.83,98,100,74,91,72,50,64,89,10,5,2,4,3,2,Technical,AI-ML,Logical,1,3,No,Math,Junior ML Engineer
S3030,17,Male,64.51,70.98,81,93,71,78,60,54,60,96,6,3,7,3,7,3,Technical,Web,Analytical,1,3,No,Python,Quality Assurance Tester
S3031,18,Male,75.88,88.38,76,98,74,70,49,55,75,81,4,7,10,5,4,3,Technical,Data,Logical,2,3,No,DBMS,Database Administrator
S3032,17,Male,72.15,87.84,38,40,66,39,51,73,90,98,6,2,1,5,1,5,Technical,Cloud,Logical,2,7,Yes,DBMS,Junior DevOps Engineer
S3033,20,Male,76.51,81.88,78,100,73,84,68,67,85,66,6,6,2,4,5,1,Technical,AI-ML,Logical,4,0,Yes,Math,Junior ML Engineer
S3034,19,Other,67.82,83.39,83,98,85,82,75,41,83,90,2,3,8,5,4,10,Technical,Cloud,Logical,0,0,No,Python,Junior DevOps Engineer
S3035,18,Female,79.22,86.06,95,92,57,85,42,75,77,86,10,4,1,6,1,3,Technical,Web,Logical,3,2,No,DBMS,Full Stack Developer
S3036,25,Male,81.01,99.0,99,97,71,88,46,67,52,91,7,1,3,6,7,1,Technical,AI-ML,Logical,0,0,Yes,Python,Junior ML Engineer
S3037,20,Other,99.0,52.11,68,98,97,86,35,77,100,92,7,7,5,3,5,2,Technical,Web,Analytical,1,5,Yes,Python,Quality Assurance Tester
S3038,22,Male,84.61,62.47,75,68,52,79,100,47,55,92,1,10,3,1,6,1,Creative,Web,Creative,5,3,No,Web,Frontend Developer
S3039,24,Female,78.51,79.32,57,46,74,53,69,78,98,78,6,6,10,10,6,5,Management,Data,Leader,0,1,Yes,DBMS,Junior Business Analyst
S3040,18,Female,74.27,76.21,66,65,72,53,88,35,54,58,1,9,4,4,3,3,Creative,Web,Creative,4,2,No,Web,Frontend Developer
S3041,21,Female,96.43,75.28,79,65,86,67,89,63,75,76,3,10,3,5,7,1,Creative,Web,Creative,2,6,Yes,Web,UI/UX Designer
S3042,23,Male,72.43,77.55,42,55,91,62,43,39,78,66,3,8,7,1,4,6,Analytical,AI-ML,Analytical,2,3,Yes,Web,Associate Data Analyst
S3043,19,Female,88.1,79.42,88,75,81,84,42,75,59,88,3,3,9,1,3,5,Technical,Data,Logical,0,5,No,DBMS,Database Administrator
S3044,17,Female,88.16,69.41,86,74,52,81,43,76,58,78,3,3,6,1,1,10,Technical,Cloud,Logical,3,1,No,DBMS,Cloud Operations Engineer
S3045,19,Female,79.89,68.85,66,70,80,100,80,39,96,100,1,3,7,6,1,3,Technical,AI-ML,Logical,0,7,Yes,Python,AI/ML Engineer Trainee
S3046,17,Female,78.14,73.05,73,92,90,94,65,73,80,88,5,7,9,7,3,6,Technical,AI-ML,Logical,3,10,Yes,Python,AI/ML Engineer Trainee
S3047,22,Female,83.76,78.23,83,82,62,90,55,80,54,73,1,1,10,5,2,5,Technical,Data,Logical,0,5,Yes,DBMS,Database Administrator
S3048,19,Female,84.03,82.29,66,54,89,80,97,35,78,62,5,10,1,3,7,2,Creative,Web,Creative,1,4,No,Web,UI/UX Designer
S3049,21,Other,75.21,84.51,75,100,87,82,70,40,74,67,9,1,3,3,3,3,Technical,Web,Logical,3,1,No,DBMS,Full Stack Developer
S3050,20,Male,81.77,68.79,57,90,59,93,38,57,76,86,2,6,7,4,10,2,Technical,Security,Logical,2,3,No,DBMS,Security Analyst Trainee
S3051,20,Female,87.63,74.18,66,63,49,53,55,35,65,69,7,7,5,2,1,3,Technical,AI-ML,Logical,2,5,Yes,Statistics,AI/ML Engineer Trainee
S3052,20,Male,88.61,76.54,67,87,96,97,84,54,92,89,9,3,5,3,5,8,Technical,Web,Analytical,4,2,No,Python,Quality Assurance Tester
S3053,17,Male,85.0,74.71,73,82,48,89,79,35,58,88,1,2,1,1,4,10,Technical,Cloud,Logical,0,4,No,DBMS,Junior DevOps Engineer
S3054,20,Female,81.53,79.81,63,92,65,76,85,43,94,82,1,4,3,1,1,10,Technical,Cloud,Logical,2,2,No,DBMS,Junior DevOps Engineer
S3055,19,Other,66.5,85.78,63,79,77,85,58,70,69,70,7,5,3,4,10,1,Technical,Security,Logical,0,6,No,DBMS,Security Analyst Trainee
S3056,20,Female,71.3,72.46,81,89,88,77,64,65,80,90,4,7,10,2,1,1,Technical,Data,Logical,5,7,Yes,DBMS,Database Administrator
S3057,20,Male,72.39,69.5,43,60,55,67,91,51,82,69,4,10,3,7,5,4,Creative,Web,Creative,1,4,Yes,Web,Frontend Developer
S3058,21,Male,93.7,62.25,91,58,89,73,35,72,60,83,3,3,10,1,4,1,Analytical,AI-ML,Analytical,2,0,No,Math,Junior Data Scientist
S3059,17,Male,91.16,86.28,53,66,80,52,86,67,60,78,2,9,1,4,1,3,Creative,Web,Creative,2,5,Yes,Web,Frontend Developer
S3060,19,Male,79.09,81.87,61,65,65,55,70,49,91,94,5,4,4,7,6,4,Technical,Cloud,Logical,3,1,No,Math,Junior DevOps Engineer
S3061,19,Male,96.64,82.67,80,42,52,80,79,39,87,78,6,3,10,8,5,1,Analytical,Data,Analytical,2,2,Yes,Statistics,Associate Data Analyst
S3062,18,Female,77.61,67.81,96,86,62,100,37,63,78,100,1,4,9,2,5,1,Technical,AI-ML,Logical,2,2,Yes,Math,AI/ML Engineer Trainee
S3063,18,Female,86.68,71.99,69,100,68,74,56,82,79,98,9,5,1,6,6,7,Technical,Web,Logical,3,2,No,DBMS,Full Stack Developer
S3064,21,Female,79.87,66.45,72,96,73,76,35,48,75,93,10,1,4,3,4,6,Technical,Web,Logical,0,3,Yes,DBMS,Backend Developer
S3065,21,Female,84.67,90.9,93,85,70,95,36,81,93,92,8,1,6,4,4,10,Technical,Cloud,Logical,3,3,No,Python,Junior DevOps Engineer
S3066,19,Female,86.02,68.69,96,73,67,100,84,40,59,99,7,6,5,6,3,6,Technical,AI-ML,Logical,4,2,No,Math,Junior ML Engineer
S3067,18,Male,91.33,85.42,71,82,86,77,52,48,70,74,3,1,10,4,3,5,Technical,Data,Logical,0,0,No,DBMS,Database Administrator
S3068,21,Male,69.11,85.17,58,49,92,61,82,44,91,89,1,4,6,5,4,7,Technical,Cloud,Logical,3,2,No,Statistics,Cloud Operations Engineer
S3069,22,Male,86.95,75.76,68,86,89,93,76,48,77,84,8,2,2,6,8,7,Technical,Web,Analytical,4,4,No,Python,Quality Assurance Tester
S3070,17,Male,74.2,88.32,77,98,90,88,35,42,47,71,1,7,10,3,6,8,Technical,AI-ML,Logical,3,4,No,Python,AI/ML Engineer Trainee
S3071,21,Male,83.12,78.32,79,95,77,70,36,59,54,92,10,4,6,2,1,3,Technical,Web,Logical,1,4,No,Python,Full Stack Developer
S3072,18,Male,93.22,78.41,68,67,60,86,83,77,49,70,5,4,6,7,8,3,Analytical,AI-ML,Analytical,1,1,Yes,Web,Junior Data Scientist
S3073,21,Male,83.8,86.91,81,85,83,79,75,58,94,71,1,1,10,3,5,3,Technical,Data,Logical,2,3,Yes,DBMS,Database Administrator
S3074,17,Female,87.47,81.59,83,78,72,68,62,43,73,77,8,5,1,5,2,4,Technical,Web,Logical,1,8,Yes,Web,Full Stack Developer
S3075,22,Male,84.47,69.74,100,100,92,98,41,76,73,74,1,4,9,1,2,1,Technical,AI-ML,Logical,3,6,No,Python,AI/ML Engineer Trainee
S3076,18,Male,75.42,66.77,46,64,49,76,83,58,82,76,1,10,1,4,4,4,Creative,Web,Creative,1,4,Yes,Web,Frontend Developer
S3077,18,Male,82.25,92.66,68,65,67,57,41,62,79,90,6,2,2,3,3,1,Technical,Web,Analytical,0,0,No,Python,Quality Assurance Tester
S3078,18,Female,84.9,76.14,80,76,79,50,55,65,100,87,3,3,10,2,1,5,Analytical,Data,Analytical,1,1,No,DBMS,Associate Data Analyst
S3079,18,Other,74.98,91.1,76,93,88,78,55,78,89,79,10,5,3,6,1,3,Technical,Web,Logical,2,0,No,DBMS,Full Stack Developer
S3080,17,Female,78.99,76.54,97,96,57,74,68,42,66,77,7,8,5,3,4,5,Technical,AI-ML,Logical,0,3,No,Python,Junior ML Engineer
S3081,19,Male,83.31,85.33,50,53,95,37,70,79,50,85,6,2,2,3,4,5,Technical,Web,Logical,1,4,Yes,DBMS,Full Stack Developer
S3082,21,Female,78.5,74.31,76,100,48,86,56,78,91,78,4,2,6,5,6,7,Technical,AI-ML,Logical,2,5,No,Math,AI/ML Engineer Trainee
S3083,20,Male,76.94,76.27,86,93,100,77,46,54,49,91,10,4,1,3,3,6,Technical,Web,Logical,2,3,No,Python,Backend Developer
S3084,18,Male,79.67,75.64,100,87,83,84,48,71,95,85,9,4,4,1,5,1,Technical,AI-ML,Logical,0,3,No,Math,Junior ML Engineer
S3085,17,Female,81.3,64.25,91,86,69,85,36,51,73,81,4,6,1,1,1,10,Technical,Cloud,Logical,2,2,No,Python,Cloud Operations Engineer
S3086,21,Female,72.5,74.45,46,65,85,79,43,42,49,91,6,5,6,1,5,3,Technical,AI-ML,Logical,1,3,No,Python,Junior ML Engineer
S3087,20,Female,79.18,84.12,71,80,59,46,35,46,70,84,8,8,5,3,5,1,Technical,Web,Logical,2,9,Yes,Python,Junior Web Developer
S3088,17,Male,78.45,66.98,73,81,96,71,69,70,79,80,3,4,10,4,3,2,Analytical,AI-ML,Analytical,4,2,No,Python,Junior Data Scientist
S3089,20,Male,80.13,94.27,68,60,60,74,81,38,83,96,2,7,8,7,1,7,Creative,Web,Creative,4,6,Yes,Web,Frontend Developer
S3090,21,Female,79.89,76.15,48,69,75,66,39,35,77,66,4,1,6,4,1,7,Technical,AI-ML,Logical,0,6,Yes,Web,AI/ML Engineer Trainee
S3091,18,Female,91.11,74.11,88,69,46,77,72,36,64,78,10,5,1,2,1,2,Technical,Web,Logical,6,6,No,Web,Junior Web Developer
S3092,18,Male,67.15,85.07,67,82,79,83,80,68,94,85,2,1,7,6,10,3,Technical,Security,Logical,3,3,No,DBMS,Security Analyst Trainee
S3093,20,Female,69.96,60.63,63,74,42,71,66,82,68,82,5,2,1,7,10,4,Technical,Security,Logical,2,3,No,DBMS,Security Analyst Trainee
S3094,18,Female,74.78,79.54,100,100,55,76,35,75,77,85,10,5,1,4,1,3,Technical,Web,Logical,3,5,No,DBMS,Full Stack Developer
S3095,19,Female,89.35,71.41,60,90,45,84,61,37,91,82,10,1,1,3,4,1,Technical,Web,Logical,2,6,No,Web,Junior Web Developer
S3096,18,Female,57.62,75.87,86,80,91,67,72,76,84,97,1,3,9,4,7,2,Analytical,AI-ML,Analytical,3,3,No,Python,Junior Data Scientist
S3097,17,Other,77.9,86.87,86,76,66,81,51,44,91,91,1,4,6,1,4,10,Technical,Cloud,Logical,3,3,No,DBMS,Junior DevOps Engineer
S3098,17,Male,62.91,69.93,86,88,78,78,71,52,45,89,8,1,8,1,3,5,Technical,Web,Analytical,2,5,No,Python,Quality Assurance Tester
S3099,21,Male,70.56,99.0,69,76,86,42,84,83,68,87,3,9,1,4,2,5,Creative,Web,Creative,1,5,No,Math,Frontend Developer
S3100,19,Male,75.62,90.35,75,83,73,89,57,61,85,83,6,3,2,7,10,1,Technical,Security,Logical,1,1,No,DBMS,Security Analyst Trainee
S3101,22,Male,63.56,90.84,61,92,47,69,73,66,69,89,10,6,5,3,3,1,Technical,Web,Analytical,0,4,No,Python,Quality Assurance Tester
S3102,19,Male,92.39,78.65,99,100,85,74,39,57,75,84,10,1,4,4,4,2,Technical,Web,Logical,3,3,Yes,Web,Full Stack Developer
S3103,18,Male,85.12,83.52,61,68,76,84,54,35,87,79,1,1,4,1,8,5,Technical,Security,Logical,2,4,No,DBMS,Security Analyst Trainee
S3104,21,Male,75.31,67.16,73,54,66,66,67,66,85,62,4,1,10,10,3,4,Management,Data,Leader,2,0,No,DBMS,Junior Business Analyst
S3105,21,Female,75.37,62.21,72,96,86,70,80,61,57,90,7,6,3,4,3,6,Technical,Web,Analytical,2,2,No,Python,Quality Assurance Tester
S3106,20,Male,74.34,65.52,50,51,57,53,91,38,89,75,1,3,6,4,2,2,Analytical,Cloud,Analytical,3,0,No,Math,Associate Data Analyst
S3107,20,Male,83.07,65.98,77,100,80,58,82,47,95,88,9,2,2,4,5,2,Technical,Web,Analytical,3,7,Yes,Python,Quality Assurance Tester
S3108,18,Female,74.47,83.58,98,96,90,79,43,82,75,96,10,5,6,2,3,4,Technical,Web,Logical,1,4,Yes,Python,Junior Web Developer
S3109,21,Male,88.63,88.57,68,96,65,74,35,37,60,72,4,2,5,1,1,10,Technical,Cloud,Logical,0,2,No,DBMS,Junior DevOps Engineer
S3110,17,Male,86.62,82.91,71,88,64,77,59,75,65,74,5,6,7,4,1,10,Technical,Cloud,Logical,1,0,No,Python,Cloud Operations Engineer
S3111,18,Female,87.64,78.87,86,56,95,59,85,76,85,95,4,3,10,5,5,3,Analytical,Data,Analytical,2,4,No,DBMS,Associate Data Analyst
S3112,17,Female,88.85,71.83,89,80,53,68,40,44,52,99,9,6,4,3,8,3,Technical,Web,Analytical,7,3,No,Web,Quality Assurance Tester
S3113,21,Male,84.22,92.7,91,93,79,81,73,73,74,92,5,7,3,1,4,10,Technical,Cloud,Logical,0,3,No,DBMS,Cloud Operations Engineer
S3114,20,Other,84.53,67.56,84,60,63,88,58,69,93,98,10,6,6,2,2,3,Technical,Web,Analytical,2,3,No,Web,Quality Assurance Tester
S3115,18,Female,84.64,73.72,77,70,38,63,39,39,56,100,10,6,7,1,6,2,Technical,Web,Analytical,5,2,No,Web,Quality Assurance Tester
S3116,19,Male,82.14,87.27,86,76,41,66,82,65,61,100,3,4,4,3,10,3,Technical,Security,Logical,3,6,No,DBMS,Security Analyst Trainee
S3117,19,Female,80.67,84.71,48,60,58,56,84,66,50,64,5,7,7,1,3,4,Creative,Web,Creative,6,3,No,Web,UI/UX Designer
S3118,18,Female,71.28,71.44,64,72,53,76,62,72,59,74,5,1,1,4,10,6,Technical,Security,Logical,4,0,No,DBMS,Security Analyst Trainee
S3119,18,Female,84.18,76.68,61,93,76,77,58,73,89,65,1,3,10,4,4,6,Technical,Data,Logical,2,2,No,DBMS,Database Administrator
S3120,20,Female,71.78,91.94,86,94,42,68,79,45,87,82,5,2,1,3,10,1,Technical,Security,Logical,7,3,Yes,DBMS,Security Analyst Trainee
S3121,20,Male,78.97,84.32,89,69,76,100,77,57,68,100,4,6,4,5,5,10,Technical,Cloud,Logical,2,3,No,Python,Cloud Operations Engineer
S3122,20,Female,83.95,83.85,99,84,60,72,65,41,85,68,10,3,7,4,4,7,Technical,Web,Analytical,0,2,Yes,Python,Quality Assurance Tester
S3123,20,Male,89.27,91.27,68,100,81,91,74,49,46,98,4,2,10,2,6,2,Technical,AI-ML,Logical,3,4,No,Python,AI/ML Engineer Trainee
S3124,17,Male,86.05,84.65,77,100,78,79,71,42,74,100,2,7,6,4,1,2,Technical,AI-ML,Logical,0,2,No,Math,AI/ML Engineer Trainee
S3125,17,Male,96.84,72.68,82,86,65,80,92,71,61,72,3,3,10,1,4,5,Technical,AI-ML,Logical,0,5,Yes,Python,AI/ML Engineer Trainee
S3126,19,Female,86.24,86.84,76,94,82,87,80,37,91,69,6,5,1,3,4,10,Technical,Cloud,Logical,0,3,No,DBMS,Junior DevOps Engineer
S3127,19,Male,84.49,96.31,60,63,69,73,78,40,86,95,3,5,5,8,1,5,Creative,Web,Creative,4,8,Yes,Web,Frontend Developer
S3128,17,Female,90.87,75.52,95,96,73,100,83,65,76,94,9,2,4,7,3,3,Technical,AI-ML,Logical,3,8,Yes,Math,Junior ML Engineer
S3129,17,Female,78.13,76.61,95,56,73,91,55,62,81,85,2,3,10,4,1,4,Analytical,Data,Analytical,0,2,No,DBMS,Associate Data Analyst
S3130,20,Female,76.53,88.62,72,100,66,70,69,35,78,90,5,5,10,2,3,2,Technical,Data,Logical,1,2,No,DBMS,Database Administrator
S3131,18,Female,74.07,72.04,59,38,80,68,57,73,94,72,3,2,8,4,1,7,Management,AI-ML,Leader,0,4,No,Python,Junior Business Analyst
S3132,21,Male,89.62,78.4,68,85,58,87,66,45,62,86,10,4,1,3,5,4,Technical,Web,Analytical,3,8,Yes,Python,Quality Assurance Tester
S3133,20,Male,88.95,74.63,80,72,83,100,75,41,81,100,6,1,8,6,2,2,Technical,AI-ML,Logical,1,6,Yes,Math,AI/ML Engineer Trainee
S3134,21,Female,89.62,80.68,94,70,74,76,63,59,90,78,2,4,4,1,3,10,Technical,Cloud,Logical,1,4,No,Python,Cloud Operations Engineer
S3135,23,Male,80.66,71.05,57,55,84,70,48,91,100,79,6,1,10,9,2,1,Management,Data,Leader,2,4,No,DBMS,Junior Business Analyst
S3136,18,Other,92.79,82.18,73,100,77,93,49,55,86,100,8,1,2,5,5,5,Technical,AI-ML,Logical,2,2,No,Python,Junior ML Engineer
S3137,19,Female,85.86,78.47,79,100,89,80,64,68,54,86,2,5,5,3,1,10,Technical,Cloud,Logical,6,6,Yes,Python,Cloud Operations Engineer
S3138,22,Other,72.14,89.59,100,79,68,81,71,49,63,83,1,6,8,3,3,10,Technical,Cloud,Logical,4,4,No,DBMS,Cloud Operations Engineer
S3139,18,Female,93.4,93.05,52,55,87,59,58,57,85,84,4,6,7,7,8,5,Technical,Security,Logical,1,5,No,Web,Security Analyst Trainee
S3140,20,Male,78.0,92.69,90,56,100,74,94,39,79,76,3,10,5,4,3,2,Creative,Web,Creative,1,3,No,Web,UI/UX Designer
S3141,18,Female,91.27,78.51,100,99,61,100,67,68,65,94,9,3,4,5,3,6,Technical,AI-ML,Logical,2,7,Yes,Math,Junior ML Engineer
S3142,20,Female,64.63,77.52,49,74,64,82,100,66,80,80,4,10,5,1,2,2,Creative,Web,Creative,1,2,No,Web,Frontend Developer
S3143,19,Female,82.36,87.16,97,100,94,84,44,56,75,96,10,3,2,7,2,3,Technical,Web,Logical,4,3,No,Web,Junior Web Developer
S3144,17,Female,62.52,73.66,50,53,68,48,52,40,64,99,1,1,2,3,7,2,Technical,Web,Analytical,1,3,No,DBMS,Quality Assurance Tester
S3145,20,Other,83.5,60.74,72,75,67,80,37,66,61,80,4,4,5,5,1,9,Technical,Cloud,Logical,0,5,Yes,DBMS,Cloud Operations Engineer
S3146,20,Female,75.92,78.75,90,100,95,87,42,49,82,68,9,3,1,3,1,2,Technical,Web,Logical,3,0,No,Python,Junior Web Developer
S3147,23,Male,78.75,94.93,75,93,57,88,46,36,85,87,2,3,10,6,3,2,Technical,AI-ML,Logical,3,0,No,Math,AI/ML Engineer Trainee
S3148,17,Male,86.28,79.43,66,47,85,50,39,75,44,74,1,5,4,8,4,6,Technical,Security,Logical,2,4,Yes,Web,Security Analyst Trainee
S3149,19,Female,86.98,78.11,50,71,50,49,48,73,68,82,1,3,3,2,6,3,Technical,AI-ML,Logical,1,5,Yes,Python,Database Administrator
S3150,19,Female,77.63,76.82,100,80,62,91,58,47,60,77,6,3,7,1,2,4,Analytical,AI-ML,Analytical,2,10,Yes,Math,Junior Data Scientist
S3151,17,Female,99.0,64.3,65,71,62,63,86,35,55,64,6,10,6,4,2,1,Creative,Web,Creative,2,4,No,Web,Frontend Developer
S3152,17,Female,82.65,84.13,69,58,63,68,77,35,86,83,6,6,10,2,7,6,Analytical,Data,Analytical,2,0,Yes,Statistics,Associate Data Analyst
S3153,20,Male,74.74,69.99,79,100,77,87,79,40,56,74,10,3,5,2,3,3,Technical,Web,Logical,3,4,No,Python,Junior Web Developer
S3154,17,Female,78.68,84.49,80,75,81,70,54,65,89,85,8,5,8,7,10,3,Technical,Security,Logical,3,2,Yes,DBMS,Security Analyst Trainee
S3155,19,Female,81.34,81.98,79,79,43,73,35,43,90,91,8,6,2,4,2,3,Technical,Web,Logical,2,7,Yes,Python,Junior Web Developer
S3156,18,Male,76.29,75.92,100,75,66,98,44,85,54,88,1,4,2,4,6,10,Technical,Cloud,Logical,0,4,No,DBMS,Cloud Operations Engineer
S3157,19,Female,76.27,87.94,82,69,66,76,77,56,96,88,2,1,3,1,6,10,Technical,Cloud,Logical,3,2,No,DBMS,Cloud Operations Engineer
S3158,19,Female,93.16,88.43,79,55,68,61,77,75,56,57,5,1,3,9,4,1,Management,Data,Leader,3,1,No,Statistics,Junior Business Analyst
S3159,17,Male,86.55,93.39,58,54,56,39,61,60,47,85,2,7,8,4,3,4,Technical,Data,Logical,3,3,No,Statistics,Database Administrator
S3160,19,Female,79.44,86.92,80,83,63,73,52,35,64,89,7,1,5,3,5,3,Technical,Web,Analytical,5,1,No,Web,Quality Assurance Tester
S3161,20,Female,99.0,70.66,87,74,89,100,88,67,67,69,9,1,3,5,4,3,Technical,AI-ML,Logical,3,6,Yes,Math,Junior ML Engineer
S3162,18,Female,75.21,79.64,69,78,63,45,50,64,59,72,7,6,7,2,1,5,Analytical,Data,Analytical,3,3,Yes,DBMS,Associate Data Analyst
S3163,18,Male,78.53,87.14,67,92,80,89,79,69,77,76,7,4,2,4,7,2,Technical,AI-ML,Logical,4,0,Yes,Math,Junior ML Engineer
S3164,19,Female,74.25,73.35,68,64,91,67,86,92,74,63,5,6,5,3,5,8,Management,Security,Leader,1,5,No,DBMS,Junior Business Analyst
S3165,19,Female,95.39,68.35,66,82,56,77,49,37,72,71,1,1,10,1,1,4,Technical,Data,Logical,2,2,Yes,DBMS,Database Administrator
S3166,17,Male,78.79,91.14,82,52,75,79,78,74,77,71,7,2,6,7,2,3,Management,Data,Leader,1,0,Yes,Statistics,Junior Business Analyst
S3167,20,Male,61.73,79.81,98,81,75,84,76,48,68,83,2,3,10,3,6,3,Technical,AI-ML,Logical,4,2,Yes,Python,AI/ML Engineer Trainee
S3168,18,Female,71.03,80.06,85,100,82,82,71,61,95,79,10,7,7,3,5,1,Technical,Web,Logical,2,3,No,Web,Full Stack Developer
S3169,23,Female,66.31,74.4,78,100,81,84,77,67,62,73,10,4,5,4,1,3,Technical,Web,Logical,6,6,Yes,DBMS,Full Stack Developer
S3170,19,Female,81.78,82.21,74,74,67,92,72,58,82,77,10,1,4,3,3,8,Technical,Web,Analytical,0,6,Yes,Python,Quality Assurance Tester
S3171,22,Male,74.41,93.15,67,86,61,69,51,78,50,81,9,2,4,3,6,2,Technical,Web,Logical,0,0,No,Python,Junior Web Developer
S3172,19,Male,69.46,74.14,82,84,52,94,56,65,100,90,8,1,3,4,2,10,Technical,Cloud,Logical,2,7,Yes,DBMS,Cloud Operations Engineer
S3173,19,Female,74.59,96.91,90,91,73,98,35,51,66,79,1,2,9,4,1,1,Technical,Data,Logical,2,3,No,DBMS,Database Administrator
S3174,18,Male,84.44,82.04,95,65,81,84,73,53,98,90,2,1,10,5,4,1,Technical,Data,Logical,0,4,Yes,DBMS,Database Administrator
S3175,21,Male,81.66,82.99,84,65,85,89,84,63,79,78,2,9,7,2,5,1,Creative,Web,Creative,3,6,Yes,Web,UI/UX Designer
S3176,19,Male,66.7,69.25,81,96,41,73,71,35,80,96,6,2,10,2,2,1,Technical,Data,Logical,1,4,No,DBMS,Database Administrator
S3177,19,Male,71.67,90.05,86,47,66,75,70,59,72,77,3,7,10,3,4,2,Analytical,Data,Analytical,4,6,No,Statistics,Associate Data Analyst
S3178,19,Male,82.1,70.59,48,57,75,52,85,35,57,84,3,10,1,1,1,4,Creative,Web,Creative,3,1,Yes,Web,UI/UX Designer
S3179,21,Female,78.91,65.72,73,84,51,94,55,74,91,67,9,2,2,2,2,5,Technical,AI-ML,Logical,3,2,No,Python,Junior ML Engineer
S3180,18,Male,80.03,89.38,55,73,82,64,40,62,83,100,8,4,2,1,5,1,Technical,Web,Analytical,1,2,No,Python,Quality Assurance Tester
S3181,21,Male,65.55,75.62,73,67,100,94,67,69,94,79,5,4,8,8,6,3,Management,Data,Leader,3,4,No,DBMS,Junior Business Analyst
S3182,20,Female,84.51,93.47,90,81,76,100,49,82,90,95,5,3,7,2,8,10,Technical,Cloud,Logical,3,4,No,Python,Junior DevOps Engineer
S3183,22,Female,80.58,83.11,98,76,48,96,92,78,74,100,4,4,10,2,1,5,Technical,Data,Logical,3,3,Yes,DBMS,Database Administrator
S3184,20,Male,66.19,84.61,58,39,93,64,80,44,85,86,3,4,7,6,6,8,Technical,Cloud,Logical,3,4,No,Statistics,Cloud Operations Engineer
S3185,19,Male,80.91,83.9,86,97,59,67,50,72,100,75,10,6,2,6,4,7,Technical,Web,Analytical,2,4,Yes,Web,Quality Assurance Tester
S3186,20,Female,97.34,73.33,71,89,59,88,42,42,70,73,3,3,10,2,2,3,Technical,Data,Logical,0,2,Yes,DBMS,Database Administrator
S3187,19,Male,78.83,65.8,65,70,63,86,70,39,75,87,8,4,1,4,1,3,Technical,Web,Analytical,2,4,No,Web,Quality Assurance Tester
S3188,20,Female,64.04,77.24,69,46,68,58,42,98,86,79,3,4,10,4,1,5,Management,Cloud,Leader,1,2,Yes,Math,Junior Business Analyst
S3189,19,Male,94.42,73.92,51,61,58,52,79,67,99,79,2,1,3,6,1,7,Technical,Cloud,Logical,0,5,Yes,DBMS,Cloud Operations Engineer
S3190,18,Other,67.42,86.68,96,77,54,91,59,49,96,99,9,4,2,4,7,5,Technical,Web,Logical,0,2,No,Python,Junior Web Developer
S3191,19,Female,93.88,74.85,90,73,86,92,57,50,100,92,4,7,10,2,1,1,Technical,Data,Logical,3,3,No,DBMS,Database Administrator
S3192,24,Male,90.73,77.7,55,44,81,43,72,70,51,98,2,3,2,3,9,6,Technical,Security,Logical,2,0,No,Python,Security Analyst Trainee
S3193,19,Female,80.28,70.7,73,87,87,83,62,76,56,72,8,4,5,2,7,4,Technical,AI-ML,Logical,2,6,No,Math,Junior ML Engineer
S3194,21,Male,76.47,66.36,97,80,57,100,67,69,70,79,3,7,1,7,3,10,Technical,Cloud,Logical,4,2,No,Python,Cloud Operations Engineer
S3195,22,Female,74.01,68.47,71,77,77,92,56,76,76,99,10,2,6,1,4,3,Technical,Web,Logical,4,4,No,Python,Junior Web Developer
S3196,18,Female,89.01,80.86,79,80,75,48,59,55,99,95,5,2,10,1,5,5,Analytical,Data,Analytical,1,3,No,DBMS,Associate Data Analyst
S3197,18,Female,92.69,78.24,87,74,41,88,55,59,78,88,6,4,1,6,1,10,Technical,Cloud,Logical,1,4,No,Python,Cloud Operations Engineer
S3198,23,Female,74.33,95.41,89,76,84,100,63,61,60,94,8,4,4,7,5,3,Technical,AI-ML,Logical,2,3,No,Python,Junior ML Engineer
S3199,20,Female,65.61,67.74,55,73,92,90,62,56,60,73,4,3,10,4,3,2,Technical,Data,Logical,0,3,No,DBMS,Database Administrator
S3200,17,Male,81.27,69.37,65,74,99,67,73,73,86,77,3,3,10,6,2,4,Analytical,AI-ML,Analytical,2,3,No,Python,Junior Data Scientist
S3201,23,Female,78.08,71.62,84,75,49,93,70,67,74,81,4,6,10,1,5,4,Technical,Data,Logical,1,5,No,DBMS,Database Administrator
S3202,17,Male,73.64,92.64,83,76,51,93,68,48,69,77,10,1,7,5,1,3,Technical,Web,Logical,2,5,Yes,Web,Full Stack Developer
S3203,22,Male,86.92,89.58,97,93,79,87,62,40,84,69,5,5,1,7,2,10,Technical,Cloud,Logical,0,0,No,Python,Cloud Operations Engineer
S3204,18,Male,86.67,74.88,77,67,47,67,100,44,58,72,3,10,2,2,3,5,Creative,Web,Creative,7,6,Yes,Web,UI/UX Designer
S3205,19,Female,78.22,75.08,75,60,57,70,84,61,65,68,4,5,9,2,5,2,Analytical,AI-ML,Analytical,2,7,Yes,Math,Junior Data Scientist
S3206,17,Male,79.81,82.83,80,73,77,79,87,98,83,90,4,5,5,5,3,4,Management,Data,Leader,0,4,No,Statistics,Junior Business Analyst
S3207,19,Male,75.63,99.0,90,86,87,83,46,38,81,99,1,5,10,7,6,1,Technical,Data,Logical,0,7,Yes,DBMS,Database Administrator
S3208,18,Other,82.45,73.08,74,60,85,86,56,51,94,76,3,7,10,4,1,2,Technical,Data,Logical,3,6,No,DBMS,Database Administrator
S3209,20,Female,97.01,62.23,82,69,96,69,77,65,71,79,3,1,10,7,4,2,Analytical,Data,Analytical,0,3,No,DBMS,Associate Data Analyst
S3210,22,Female,62.01,72.75,64,53,70,47,43,90,94,82,2,3,10,2,3,5,Management,Cloud,Leader,0,3,Yes,Math,Junior Business Analyst
S3211,21,Female,83.0,91.38,80,55,58,69,85,57,72,76,2,1,10,3,2,3,Analytical,Data,Analytical,3,2,No,Statistics,Associate Data Analyst
S3212,17,Female,73.07,89.78,65,65,55,69,36,40,69,83,5,6,10,2,1,1,Analytical,Data,Analytical,0,2,No,DBMS,Associate Data Analyst
S3213,17,Male,98.96,74.34,83,90,84,95,89,87,78,92,1,6,3,3,5,10,Technical,Cloud,Logical,4,1,No,Python,Cloud Operations Engineer
S3214,20,Male,86.32,99.0,73,71,41,73,87,63,100,84,1,10,3,6,6,1,Creative,Web,Creative,5,5,Yes,Web,Frontend Developer
S3215,21,Male,81.48,69.08,94,78,69,99,70,54,98,94,10,4,2,1,1,1,Technical,Web,Logical,0,1,No,Python,Backend Developer
S3216,18,Female,83.68,75.79,67,91,52,86,65,72,72,74,3,3,3,1,5,10,Technical,Cloud,Logical,4,4,No,DBMS,Cloud Operations Engineer
S3217,21,Female,79.34,80.04,96,44,70,65,86,48,80,86,6,5,10,3,6,6,Analytical,AI-ML,Analytical,3,5,No,Python,Junior Data Scientist
S3218,19,Female,99.0,62.4,60,67,93,74,45,35,100,73,10,1,4,4,2,5,Technical,Web,Logical,2,2,No,Web,Full Stack Developer
S3219,21,Female,74.15,76.46,91,97,57,78,47,36,60,80,5,3,4,8,5,10,Technical,Cloud,Logical,3,4,No,Python,Junior DevOps Engineer
S3220,19,Female,91.86,80.78,83,89,98,81,81,40,68,86,8,2,2,5,4,4,Technical,AI-ML,Logical,1,2,No,Math,Junior ML Engineer
S3221,20,Male,71.27,94.68,61,62,96,46,90,73,81,84,3,10,2,6,1,5,Creative,Web,Creative,3,3,No,Math,Frontend Developer
S3222,21,Female,81.31,88.3,84,97,61,91,41,86,99,97,8,3,3,6,6,10,Technical,Cloud,Logical,5,3,No,Python,Junior DevOps Engineer
S3223,17,Male,85.92,87.86,67,99,83,100,53,52,84,85,6,4,5,4,2,3,Technical,AI-ML,Logical,2,4,Yes,Math,Junior ML Engineer
S3224,17,Female,74.02,67.21,71,97,47,90,67,76,87,89,10,7,1,7,4,5,Technical,Web,Logical,2,1,No,DBMS,Backend Developer
S3225,20,Female,94.24,57.37,65,97,54,100,78,35,72,94,4,4,5,1,10,5,Technical,Security,Logical,0,5,No,DBMS,Security Analyst Trainee
S3226,19,Male,75.66,67.34,57,45,96,87,97,53,58,75,3,10,2,5,7,1,Creative,Web,Creative,1,1,No,Web,Frontend Developer
S3227,21,Male,80.78,74.89,99,69,51,84,53,46,60,78,10,6,5,7,7,3,Technical,Web,Logical,2,3,No,Web,Full Stack Developer
S3228,19,Male,87.31,79.04,59,59,87,82,71,96,46,73,4,5,3,7,1,1,Management,Data,Leader,0,5,No,Statistics,Junior Business Analyst
S3229,17,Female,72.92,67.73,61,98,62,88,68,86,89,79,10,8,3,7,5,1,Technical,Web,Logical,1,2,No,DBMS,Backend Developer
S3230,22,Male,82.22,65.14,100,100,86,98,40,76,76,75,1,5,10,3,6,3,Technical,AI-ML,Logical,2,6,No,Python,AI/ML Engineer Trainee
S3231,20,Male,79.99,89.56,76,79,62,92,61,47,88,76,7,4,1,6,1,1,Technical,AI-ML,Logical,1,5,No,Math,Junior ML Engineer
S3232,22,Male,67.72,95.41,79,78,82,67,89,48,71,92,4,3,8,3,3,1,Analytical,AI-ML,Analytical,4,6,No,Statistics,Junior Data Scientist
S3233,20,Female,73.4,72.34,51,54,91,75,44,43,50,100,8,5,8,3,7,5,Technical,AI-ML,Logical,2,3,No,Python,Junior ML Engineer
S3234,19,Male,81.89,84.03,85,66,81,100,84,50,66,100,3,5,2,5,2,10,Technical,Cloud,Logical,0,4,No,Python,Cloud Operations Engineer
S3235,18,Male,85.8,85.61,60,100,73,76,54,71,68,77,4,7,6,6,1,4,Technical,AI-ML,Logical,0,7,Yes,Python,AI/ML Engineer Trainee
S3236,25,Male,86.64,61.61,70,100,82,83,62,35,76,90,10,2,1,4,5,3,Technical,Web,Logical,3,0,No,Web,Junior Web Developer
S3237,21,Male,86.78,95.84,77,71,53,90,38,74,77,96,6,3,9,3,1,3,Technical,AI-ML,Logical,2,4,No,Math,AI/ML Engineer Trainee
S3238,21,Male,82.86,71.17,64,45,89,70,45,79,99,86,6,2,6,8,1,2,Management,Data,Leader,4,4,No,DBMS,Junior Business Analyst
S3239,18,Male,90.03,73.24,44,53,62,60,72,40,74,83,1,5,5,1,3,1,Technical,AI-ML,Logical,4,3,Yes,Python,Junior ML Engineer
S3240,18,Male,85.65,89.47,68,100,66,70,52,80,72,79,5,6,6,5,1,5,Technical,AI-ML,Logical,1,5,Yes,Python,AI/ML Engineer Trainee
S3241,17,Other,72.43,80.13,63,85,89,51,72,87,79,74,3,5,8,9,7,5,Management,Data,Leader,3,2,No,DBMS,Junior Business Analyst
S3242,21,Male,79.04,87.23,81,100,46,67,61,67,91,100,9,2,5,5,6,7,Technical,Web,Analytical,2,0,No,Web,Quality Assurance Tester
S3243,21,Male,74.34,79.94,86,87,54,91,50,57,100,94,4,3,4,3,3,10,Technical,Cloud,Logical,3,6,Yes,DBMS,Cloud Operations Engineer
S3244,20,Male,71.29,62.46,89,76,97,81,55,52,82,83,4,6,2,1,3,10,Technical,Cloud,Logical,1,1,No,Python,Junior DevOps Engineer
S3245,19,Female,85.91,86.02,64,50,40,59,75,35,64,85,3,6,3,1,2,7,Technical,AI-ML,Logical,4,3,Yes,Math,Junior ML Engineer
S3246,19,Female,80.56,79.71,83,83,44,56,90,40,75,80,4,3,10,3,1,7,Analytical,Data,Analytical,0,1,Yes,DBMS,Associate Data Analyst
S3247,24,Female,79.09,59.81,96,88,50,100,64,47,95,73,1,4,5,6,10,4,Technical,Security,Logical,1,4,No,DBMS,Security Analyst Trainee
S3248,21,Other,87.34,86.63,92,100,64,90,56,80,59,91,10,5,1,7,4,2,Technical,Web,Logical,4,5,Yes,DBMS,Backend Developer
S3249,19,Male,93.06,99.0,79,67,50,93,53,66,85,66,2,3,1,8,2,10,Technical,Cloud,Logical,1,4,No,Python,Cloud Operations Engineer
S3250,17,Female,92.32,76.89,51,65,80,49,54,81,59,85,1,2,8,10,6,4,Management,Data,Leader,2,4,No,DBMS,Junior Business Analyst
S3251,18,Male,79.1,68.23,69,78,93,55,63,71,83,79,6,3,10,5,2,2,Analytical,AI-ML,Analytical,4,3,No,Python,Junior Data Scientist
S3252,19,Male,65.88,96.67,89,89,67,59,37,48,93,92,8,4,1,2,4,4,Technical,Web,Analytical,2,3,Yes,Web,Quality Assurance Tester
S3253,21,Female,72.38,68.08,84,93,91,74,54,73,64,77,10,1,1,5,1,7,Technical,Web,Logical,2,2,Yes,Web,Junior Web Developer
S3254,23,Male,80.24,92.95,56,54,53,73,100,60,75,87,3,10,2,6,5,5,Creative,Web,Creative,0,2,No,Web,UI/UX Designer
S3255,17,Male,78.29,86.42,82,53,46,68,45,53,43,98,1,5,10,5,5,3,Analytical,Data,Analytical,2,3,Yes,Statistics,Associate Data Analyst
S3256,17,Male,70.6,61.84,86,71,81,69,67,69,82,100,5,2,2,6,6,10,Technical,Cloud,Logical,1,3,No,Python,Junior DevOps Engineer
S3257,19,Male,83.12,87.65,88,79,59,87,51,44,93,64,10,6,4,3,4,2,Technical,AI-ML,Logical,2,3,No,Math,Junior ML Engineer
S3258,19,Male,85.92,61.11,78,70,94,55,65,50,67,90,8,7,5,3,6,4,Technical,Web,Analytical,3,1,No,Python,Quality Assurance Tester
S3259,20,Male,88.0,96.45,49,69,75,79,95,49,84,71,1,10,6,7,5,4,Creative,Web,Creative,1,6,Yes,Web,Frontend Developer
S3260,20,Female,83.12,63.91,93,99,66,81,43,58,86,74,10,4,1,2,5,3,Technical,Web,Logical,3,4,No,DBMS,Full Stack Developer
S3261,19,Female,91.4,88.15,83,88,59,92,83,58,91,82,4,8,2,4,3,10,Technical,Cloud,Logical,4,3,No,Python,Junior DevOps Engineer
S3262,18,Female,80.83,76.33,60,39,49,35,87,78,74,89,4,8,2,6,3,4,Creative,Web,Creative,1,4,No,Web,UI/UX Designer
S3263,20,Male,89.1,66.37,65,56,53,51,95,41,59,54,7,10,7,7,5,1,Creative,Web,Creative,2,0,No,Web,UI/UX Designer
S3264,21,Female,80.0,86.79,74,100,53,65,70,76,75,70,8,2,1,8,2,3,Technical,Web,Analytical,1,2,No,Web,Quality Assurance Tester
S3265,19,Male,83.4,81.02,75,62,53,80,100,43,55,68,4,10,4,3,5,8,Creative,Web,Creative,6,5,Yes,Web,UI/UX Designer
S3266,19,Female,81.26,68.47,79,80,41,80,79,58,100,95,10,1,6,1,1,7,Technical,Web,Logical,2,5,No,Python,Backend Developer
S3267,19,Female,91.1,79.12,72,60,44,59,75,44,52,81,3,4,3,2,5,8,Technical,AI-ML,Logical,2,1,Yes,Math,Junior ML Engineer
S3268,21,Male,68.06,83.59,100,96,81,88,49,61,59,75,1,1,9,1,4,2,Technical,AI-ML,Logical,3,1,No,Python,AI/ML Engineer Trainee
S3269,19,Female,77.93,95.16,88,83,79,82,89,63,73,73,4,9,4,8,4,4,Creative,Web,Creative,1,1,No,Web,Frontend Developer
S3270,18,Male,82.02,88.78,100,89,60,80,69,44,99,85,10,1,1,6,8,1,Technical,Web,Logical,3,5,Yes,Python,Backend Developer
S3271,21,Male,86.94,88.73,75,65,69,77,100,48,69,66,1,10,3,2,1,2,Creative,Web,Creative,1,4,Yes,Web,UI/UX Designer
S3272,18,Male,77.38,64.89,86,100,73,100,83,60,86,99,4,7,7,7,1,1,Technical,AI-ML,Logical,3,4,No,Python,AI/ML Engineer Trainee
S3273,22,Female,74.34,63.49,67,100,71,87,68,56,62,70,2,2,10,1,6,3,Technical,AI-ML,Logical,1,2,No,Math,AI/ML Engineer Trainee
S3274,18,Female,90.35,64.97,70,49,81,49,83,65,95,76,4,4,1,3,2,8,Technical,AI-ML,Logical,1,3,No,Python,Junior ML Engineer
S3275,20,Male,65.63,81.45,84,84,46,74,47,61,91,94,8,6,5,2,4,2,Technical,Web,Logical,2,3,No,Python,Full Stack Developer
S3276,20,Male,80.7,78.11,57,65,49,93,64,45,77,82,4,1,10,1,5,1,Technical,Data,Logical,0,2,Yes,DBMS,Database Administrator
S3277,20,Female,78.23,83.55,65,100,41,74,58,78,74,70,7,1,3,6,1,3,Technical,Web,Analytical,0,3,No,Web,Quality Assurance Tester
S3278,20,Female,69.11,77.16,84,51,69,71,78,50,59,59,6,10,4,7,1,1,Creative,Web,Creative,5,4,Yes,Web,UI/UX Designer
S3279,22,Female,76.84,71.55,47,52,91,82,63,74,94,53,1,4,5,6,7,2,Management,Data,Leader,2,5,No,DBMS,Junior Business Analyst
S3280,17,Male,70.31,81.44,49,48,68,41,56,74,81,89,3,4,1,1,3,7,Technical,Cloud,Logical,0,5,Yes,DBMS,Junior DevOps Engineer
S3281,20,Male,88.07,78.93,64,44,48,61,72,35,56,80,4,1,10,1,6,6,Analytical,Data,Analytical,2,4,No,Statistics,Associate Data Analyst
S3282,20,Male,79.65,78.37,59,77,60,100,43,40,65,76,10,3,2,5,4,2,Technical,Web,Logical,0,3,No,Python,Junior Web Developer
S3283,19,Female,75.97,63.91,59,87,96,98,47,66,60,85,1,3,3,2,3,10,Technical,Cloud,Logical,4,7,Yes,DBMS,Junior DevOps Engineer
S3284,17,Male,80.44,83.22,90,58,80,80,67,56,100,100,4,4,10,3,6,4,Technical,Data,Logical,1,3,Yes,DBMS,Database Administrator
S3285,20,Male,89.25,97.42,80,98,85,87,77,48,46,100,4,6,9,3,6,2,Technical,AI-ML,Logical,2,1,No,Python,AI/ML Engineer Trainee
S3286,18,Male,65.37,69.77,70,82,80,91,57,74,73,80,2,5,8,7,7,10,Technical,Cloud,Logical,0,3,No,Python,Junior DevOps Engineer
S3287,18,Male,81.67,74.03,58,73,93,64,41,69,74,72,6,2,2,4,5,10,Technical,Cloud,Logical,2,5,Yes,DBMS,Junior DevOps Engineer
S3288,18,Female,83.57,74.12,64,40,68,75,45,39,100,90,6,6,4,3,7,8,Technical,AI-ML,Logical,0,4,No,DBMS,Junior ML Engineer
S3289,21,Female,64.52,66.48,85,45,85,80,44,67,87,90,1,2,10,6,4,1,Analytical,Data,Analytical,5,2,No,Statistics,Associate Data Analyst
S3290,21,Male,73.44,73.8,84,92,46,100,57,45,52,73,10,5,3,3,3,1,Technical,Web,Logical,1,0,No,DBMS,Full Stack Developer
S3291,20,Male,71.4,88.9,80,69,93,79,68,54,91,80,5,6,1,4,2,1,Technical,Web,Analytical,3,2,No,Web,Quality Assurance Tester
S3292,18,Male,81.77,77.36,94,64,72,75,61,53,100,100,3,1,9,4,6,1,Technical,Data,Logical,0,4,Yes,DBMS,Database Administrator
S3293,21,Male,56.91,70.86,97,90,67,100,49,55,59,84,10,7,1,1,1,6,Technical,AI-ML,Logical,4,5,No,Math,Junior ML Engineer
S3294,20,Female,74.54,76.05,91,100,77,80,58,64,63,91,10,4,1,1,5,3,Technical,Web,Logical,0,3,Yes,Python,Junior Web Developer
S3295,18,Female,72.1,70.41,69,73,47,84,71,44,94,66,1,6,8,1,4,3,Analytical,AI-ML,Analytical,3,1,Yes,Python,Junior Data Scientist
S3296,19,Male,75.63,66.42,67,67,54,78,90,37,81,66,1,10,3,3,4,5,Creative,Web,Creative,1,4,No,Web,UI/UX Designer
S3297,18,Female,62.34,71.58,47,38,54,46,53,35,70,94,3,3,1,2,6,4,Technical,Web,Analytical,0,3,No,DBMS,Quality Assurance Tester
S3298,19,Female,75.78,86.19,74,59,72,82,52,55,83,88,1,3,10,1,2,2,Analytical,Data,Analytical,0,2,No,DBMS,Associate Data Analyst
S3299,20,Male,79.17,86.3,66,89,84,94,74,60,79,78,7,7,6,7,7,3,Technical,AI-ML,Logical,5,2,Yes,Math,Junior ML Engineer
S3300,20,Female,87.84,62.63,58,43,63,56,100,72,63,64,6,10,5,3,3,8,Creative,Web,Creative,0,3,No,Web,UI/UX Designer
S3301,17,Male,73.36,82.74,66,56,84,43,46,47,85,67,3,1,4,1,8,3,Analytical,AI-ML,Analytical,4,2,No,Web,Junior Data Scientist
S3302,24,Female,87.28,83.16,60,54,65,61,74,87,91,79,5,3,6,10,5,4,Management,Data,Leader,1,2,Yes,DBMS,Junior Business Analyst
S3303,17,Male,71.75,82.65,48,47,68,35,66,82,83,84,2,4,2,5,1,9,Technical,Cloud,Logical,0,6,Yes,DBMS,Junior DevOps Engineer
S3304,20,Female,72.75,69.34,71,91,65,84,42,45,88,79,8,4,5,1,1,1,Technical,AI-ML,Logical,1,2,No,Python,Junior ML Engineer
S3305,17,Male,62.22,97.19,97,92,74,93,84,52,100,81,1,1,4,1,1,10,Technical,Cloud,Logical,2,2,No,DBMS,Cloud Operations Engineer
S3306,19,Male,84.05,84.45,73,99,51,63,59,64,95,99,7,4,6,4,8,3,Technical,Web,Analytical,1,1,No,Web,Quality Assurance Tester
S3307,18,Female,81.12,53.19,63,85,60,94,60,46,64,88,6,4,10,5,5,3,Technical,AI-ML,Logical,1,4,No,Math,AI/ML Engineer Trainee
S3308,18,Male,76.38,79.55,87,80,91,79,56,74,100,73,1,1,3,2,4,10,Technical,Cloud,Logical,7,1,No,Python,Junior DevOps Engineer
S3309,25,Female,71.82,76.97,82,80,96,100,67,35,87,80,3,5,8,7,1,5,Technical,AI-ML,Logical,3,1,No,Python,AI/ML Engineer Trainee
S3310,17,Female,83.98,71.99,61,52,67,78,53,42,100,95,6,6,7,4,4,4,Technical,AI-ML,Logical,0,1,No,DBMS,Junior ML Engineer
S3311,19,Female,66.12,67.54,76,80,42,74,43,60,59,92,9,2,1,1,3,1,Technical,Web,Analytical,1,5,No,Web,Quality Assurance Tester
S3312,17,Male,91.36,86.9,95,100,97,100,58,70,96,68,9,5,1,2,2,4,Technical,AI-ML,Logical,2,4,No,Math,Junior ML Engineer
S3313,20,Female,95.59,78.3,100,76,92,100,72,58,69,82,10,3,2,3,7,1,Technical,AI-ML,Logical,2,8,Yes,Math,Junior ML Engineer
S3314,22,Male,92.05,67.9,65,63,52,95,39,35,77,84,6,3,10,7,1,3,Technical,Data,Logical,2,6,Yes,DBMS,Database Administrator
S3315,21,Male,79.93,93.98,50,52,52,77,100,57,64,77,5,10,3,5,6,4,Creative,Web,Creative,0,2,No,Web,UI/UX Designer
S3316,17,Male,85.04,81.56,97,100,49,70,56,73,73,93,10,4,5,4,5,6,Technical,Web,Logical,3,4,Yes,Python,Backend Developer
S3317,19,Male,84.41,69.14,91,96,82,93,35,68,63,82,7,4,3,6,1,2,Technical,AI-ML,Logical,2,5,No,Python,Junior ML Engineer
S3318,21,Female,88.7,77.98,97,87,88,82,39,66,59,89,4,6,10,2,5,5,Technical,Data,Logical,1,5,No,DBMS,Database Administrator
S3319,19,Female,79.48,74.23,86,62,60,79,77,59,56,78,1,6,9,1,4,3,Analytical,AI-ML,Analytical,1,4,Yes,Math,Junior Data Scientist
S3320,21,Female,73.2,89.32,93,92,65,68,68,68,89,92,6,5,10,7,4,4,Technical,Data,Logical,0,4,No,DBMS,Database Administrator
S3321,17,Male,77.11,88.04,87,87,59,100,47,35,54,78,1,5,10,4,7,8,Technical,Data,Logical,0,3,No,DBMS,Database Administrator
S3322,19,Male,90.13,76.47,63,62,83,80,91,35,82,73,2,10,1,3,4,5,Creative,Web,Creative,2,2,No,Web,UI/UX Designer
S3323,17,Male,74.77,62.21,74,54,73,86,80,54,87,82,7,10,3,3,5,1,Creative,Web,Creative,5,2,No,Web,Frontend Developer
S3324,17,Male,74.13,79.59,71,100,58,86,84,39,71,81,10,3,2,5,1,1,Technical,AI-ML,Logical,4,7,Yes,Math,Junior ML Engineer
S3325,22,Female,84.54,78.91,82,85,93,79,83,74,78,99,5,5,6,8,3,6,Technical,AI-ML,Logical,3,7,Yes,Math,AI/ML Engineer Trainee
S3326,17,Male,78.75,80.19,75,82,43,94,78,37,56,100,1,1,1,3,3,10,Technical,Cloud,Logical,1,4,No,DBMS,Junior DevOps Engineer
S3327,21,Male,78.53,89.9,63,50,50,66,99,65,67,69,1,10,3,6,1,3,Creative,Web,Creative,0,3,No,Web,Frontend Developer
S3328,25,Female,88.2,93.17,81,79,90,87,58,49,86,100,10,3,1,8,5,1,Technical,Web,Logical,4,3,No,Web,Junior Web Developer
S3329,19,Female,74.79,72.95,71,76,77,86,66,74,94,86,6,3,5,7,1,2,Management,Data,Leader,3,2,No,Statistics,Junior Business Analyst
S3330,17,Male,80.62,78.39,84,100,50,93,54,70,52,70,6,1,9,4,1,1,Technical,Data,Logical,4,6,No,DBMS,Database Administrator
S3331,21,Male,77.82,62.98,68,100,76,66,68,43,76,71,10,5,1,4,4,1,Technical,Web,Logical,4,4,No,Web,Full Stack Developer
S3332,21,Male,84.62,79.44,80,54,67,80,77,35,62,100,1,6,8,5,1,4,Analytical,AI-ML,Analytical,1,3,No,Python,Junior Data Scientist
S3333,20,Female,69.63,78.25,79,88,96,78,59,40,60,92,10,1,1,6,1,5,Technical,Web,Logical,3,3,No,DBMS,Backend Developer
S3334,21,Male,69.97,64.9,57,100,54,56,68,38,56,76,8,5,7,7,1,1,Technical,Web,Analytical,2,4,No,Web,Quality Assurance Tester
S3335,20,Female,60.61,81.77,72,67,78,78,100,52,68,85,4,10,4,8,1,5,Creative,Web,Creative,2,4,No,Web,Frontend Developer
S3336,19,Female,81.6,56.73,75,99,96,99,81,85,64,98,10,1,3,1,6,6,Technical,AI-ML,Logical,2,5,Yes,Python,Junior ML Engineer
S3337,19,Female,92.6,81.69,76,94,61,92,69,61,87,92,5,8,2,6,1,10,Technical,Cloud,Logical,5,2,No,Python,Junior DevOps Engineer
S3338,19,Male,85.06,72.1,59,61,94,80,93,65,47,57,6,10,4,5,4,5,Creative,Web,Creative,2,0,No,Web,Frontend Developer
S3339,17,Male,76.61,60.23,65,49,80,75,47,97,68,87,4,2,10,5,4,3,Management,Data,Leader,0,3,No,DBMS,Junior Business Analyst
S3340,18,Female,78.33,84.8,53,56,89,77,86,70,90,48,1,10,7,4,2,5,Creative,Web,Creative,1,3,No,Web,Frontend Developer
S3341,20,Female,97.78,72.16,65,100,58,89,67,37,78,87,2,8,2,8,8,1,Technical,Security,Logical,4,2,No,DBMS,Security Analyst Trainee
S3342,21,Female,83.67,72.01,83,82,63,89,54,67,53,81,4,2,10,6,6,5,Technical,Data,Logical,1,8,Yes,DBMS,Database Administrator
S3343,20,Female,73.69,62.08,65,64,82,91,50,35,53,80,3,7,10,5,5,6,Analytical,Data,Analytical,2,2,No,DBMS,Associate Data Analyst
S3344,23,Male,71.6,59.7,90,58,88,56,45,57,55,86,2,1,8,4,6,3,Analytical,AI-ML,Analytical,1,3,Yes,Statistics,Junior Data Scientist
S3345,17,Male,77.41,72.05,88,71,72,81,83,46,63,91,5,1,2,4,2,10,Technical,Cloud,Logical,4,2,Yes,DBMS,Cloud Operations Engineer
S3346,17,Male,66.77,65.23,61,62,66,62,77,74,59,88,2,3,9,10,3,3,Management,Data,Leader,5,4,Yes,Statistics,Junior Business Analyst
S3347,19,Male,84.04,68.5,68,72,70,64,69,55,78,70,5,4,10,6,2,1,Analytical,Data,Analytical,3,7,Yes,DBMS,Associate Data Analyst
S3348,18,Male,74.69,76.88,77,84,75,64,85,35,86,88,1,10,6,2,4,3,Creative,Web,Creative,1,3,No,Web,Frontend Developer
S3349,20,Male,74.03,88.58,67,91,63,96,49,66,72,81,10,4,3,1,2,6,Technical,Web,Logical,2,5,Yes,Web,Full Stack Developer
S3350,21,Male,86.44,79.46,97,69,74,53,35,70,53,70,9,1,8,4,8,3,Technical,Web,Analytical,1,4,No,Web,Quality Assurance Tester
S3351,18,Other,62.29,88.17,76,64,68,92,58,84,71,72,5,3,2,4,10,2,Technical,Security,Logical,0,6,No,DBMS,Security Analyst Trainee
S3352,21,Male,87.52,75.17,90,100,74,94,65,75,89,87,10,2,3,5,8,8,Technical,AI-ML,Logical,1,3,No,Math,Junior ML Engineer
S3353,17,Male,78.6,77.11,53,86,78,73,72,67,70,84,3,2,6,1,1,5,Technical,AI-ML,Logical,1,4,No,Web,AI/ML Engineer Trainee
S3354,18,Male,83.28,86.51,88,75,89,100,45,76,58,73,1,2,10,3,2,4,Technical,AI-ML,Logical,0,3,No,Python,AI/ML Engineer Trainee
S3355,20,Female,72.97,81.48,85,91,79,71,72,72,49,72,10,1,1,5,2,1,Technical,Web,Logical,3,2,No,Web,Full Stack Developer
S3356,18,Male,71.87,78.39,42,48,58,37,63,76,90,95,3,5,1,1,3,7,Technical,Cloud,Logical,1,5,Yes,DBMS,Junior DevOps Engineer
S3357,19,Male,85.46,85.77,71,69,79,58,46,51,72,98,9,5,5,1,7,1,Technical,Web,Analytical,1,2,No,Python,Quality Assurance Tester
S3358,20,Male,85.9,81.81,94,47,79,74,50,57,88,71,8,6,10,8,6,7,Analytical,Data,Analytical,3,4,No,Statistics,Associate Data Analyst
S3359,19,Female,81.5,84.59,90,93,82,81,41,78,63,83,5,7,5,3,6,10,Technical,Cloud,Logical,4,1,Yes,DBMS,Junior DevOps Engineer
S3360,19,Female,81.99,75.9,92,75,70,76,35,40,70,82,10,4,2,8,3,4,Technical,Web,Logical,1,4,No,Python,Full Stack Developer
S3361,19,Male,90.83,82.4,70,100,65,75,55,66,71,80,3,5,10,4,1,6,Technical,AI-ML,Logical,2,4,Yes,Python,AI/ML Engineer Trainee
S3362,19,Male,95.45,83.62,65,100,59,100,84,73,83,63,8,4,3,6,4,3,Technical,AI-ML,Logical,4,9,Yes,Math,Junior ML Engineer
S3363,20,Male,89.34,72.65,66,92,94,88,54,35,89,80,10,1,3,4,3,5,Technical,Web,Logical,2,3,No,Python,Backend Developer
S3364,17,Male,87.84,80.85,90,94,85,74,43,37,100,87,3,1,10,6,4,2,Technical,Data,Logical,3,0,No,DBMS,Database Administrator
S3365,18,Male,87.6,96.49,69,37,60,54,75,49,78,49,5,10,3,2,2,1,Creative,Web,Creative,0,0,Yes,Web,UI/UX Designer
S3366,17,Female,64.44,63.24,77,61,70,78,90,80,73,72,1,10,3,1,5,2,Creative,Web,Creative,2,1,Yes,Web,Frontend Developer
S3367,20,Female,66.22,80.29,75,70,88,84,99,64,77,76,4,10,4,8,3,4,Creative,Web,Creative,2,3,No,Web,Frontend Developer
S3368,19,Male,85.93,82.84,94,85,56,92,63,74,76,83,4,7,3,2,4,10,Technical,Cloud,Logical,7,3,No,Python,Junior DevOps Engineer
S3369,20,Other,70.22,98.19,70,80,69,80,51,74,81,95,1,1,6,1,4,10,Technical,Cloud,Logical,4,2,No,Python,Junior DevOps Engineer
S3370,21,Female,63.93,95.89,87,80,73,69,76,72,45,100,5,3,1,1,7,7,Technical,Web,Analytical,0,1,No,Python,Quality Assurance Tester
S3371,18,Male,76.63,82.16,81,89,62,72,84,35,76,87,9,1,3,4,2,3,Technical,AI-ML,Logical,3,7,Yes,Math,Junior ML Engineer
S3372,19,Female,82.84,87.98,100,86,50,77,50,53,95,100,6,5,9,3,3,8,Analytical,AI-ML,Analytical,3,7,Yes,Python,Junior Data Scientist
S3373,19,Male,72.01,70.62,58,37,54,59,83,45,95,88,1,2,8,4,1,1,Analytical,Cloud,Analytical,2,1,No,Math,Associate Data Analyst
S3374,17,Female,75.7,69.04,68,55,70,61,45,70,92,84,1,4,3,4,1,3,Technical,AI-ML,Logical,1,3,Yes,Math,Junior ML Engineer
S3375,18,Female,77.89,86.48,100,80,48,71,58,44,97,100,4,3,10,2,2,8,Analytical,AI-ML,Analytical,2,8,Yes,Python,Junior Data Scientist
S3376,19,Male,81.81,78.5,98,85,86,98,36,54,64,100,10,4,3,1,4,5,Technical,Web,Logical,1,3,No,Python,Junior Web Developer
S3377,20,Male,77.02,92.26,98,44,65,79,73,72,62,88,3,8,10,6,4,2,Analytical,Data,Analytical,4,4,No,Statistics,Associate Data Analyst
S3378,20,Female,99.0,76.95,46,55,76,67,91,35,65,53,1,10,3,1,2,1,Creative,Web,Creative,6,3,No,Web,UI/UX Designer
S3379,21,Male,71.21,68.16,37,62,92,40,58,35,79,68,3,1,6,3,5,9,Technical,Cloud,Logical,3,0,No,DBMS,Cloud Operations Engineer
S3380,21,Other,79.72,54.69,73,70,54,84,43,57,55,78,1,5,7,6,1,10,Technical,Cloud,Logical,0,5,Yes,DBMS,Cloud Operations Engineer
S3381,17,Male,75.98,74.68,90,63,61,66,50,59,46,90,2,1,5,3,1,4,Analytical,AI-ML,Analytical,0,3,No,Statistics,Junior Data Scientist
S3382,17,Male,85.81,73.69,100,88,71,85,44,63,49,65,5,2,10,6,1,7,Technical,Data,Logical,2,0,Yes,DBMS,Database Administrator
S3383,20,Male,77.31,92.01,51,68,62,58,75,69,62,77,1,3,5,5,7,7,Technical,Security,Logical,4,3,No,Statistics,Security Analyst Trainee
S3384,19,Female,74.43,93.44,60,59,52,73,44,35,75,84,6,4,10,1,5,5,Analytical,Data,Analytical,2,4,No,DBMS,Associate Data Analyst
S3385,18,Male,91.58,71.73,88,76,64,72,77,69,57,79,2,5,10,1,4,4,Technical,AI-ML,Logical,0,2,Yes,Python,AI/ML Engineer Trainee
S3386,24,Female,80.35,60.81,87,87,41,99,65,47,97,70,3,2,5,8,10,8,Technical,Security,Logical,2,4,No,DBMS,Security Analyst Trainee
S3387,19,Female,63.75,76.27,77,38,70,72,100,59,66,90,1,10,1,5,2,5,Creative,Web,Creative,1,4,No,Web,UI/UX Designer
S3388,20,Female,82.84,76.16,98,80,85,77,37,77,54,72,5,7,8,7,5,10,Technical,Cloud,Logical,1,4,Yes,Python,Cloud Operations Engineer
S3389,22,Other,89.47,73.87,72,76,54,84,88,63,71,72,2,6,1,4,2,10,Technical,Cloud,Logical,3,4,No,Python,Junior DevOps Engineer
S3390,19,Female,70.88,74.93,76,65,84,67,35,81,92,89,8,1,8,5,4,4,Analytical,AI-ML,Analytical,3,3,No,Python,Junior Data Scientist
S3391,19,Female,76.36,82.34,90,78,53,87,73,43,96,95,10,6,1,1,4,6,Technical,Web,Logical,1,3,Yes,DBMS,Full Stack Developer
S3392,20,Female,89.82,90.9,49,46,100,67,100,35,88,57,3,10,6,7,5,4,Creative,Web,Creative,1,6,No,Web,Frontend Developer
S3393,19,Male,94.0,71.99,57,68,68,50,100,35,69,78,2,9,1,1,2,3,Creative,Web,Creative,0,3,Yes,Web,UI/UX Designer
S3394,20,Male,69.64,81.67,84,71,65,64,88,75,94,77,3,6,6,1,8,6,Analytical,AI-ML,Analytical,1,4,No,Statistics,Junior Data Scientist
S3395,19,Female,62.55,80.73,100,46,54,72,78,36,93,79,4,4,8,4,4,6,Analytical,AI-ML,Analytical,4,4,Yes,Statistics,Junior Data Scientist
S3396,19,Female,70.56,77.35,40,59,74,48,89,35,83,87,6,6,7,3,7,1,Creative,Web,Creative,2,1,No,Statistics,UI/UX Designer
S3397,19,Female,82.57,76.07,98,91,59,79,50,56,79,92,10,1,6,4,5,5,Technical,Web,Logical,2,4,Yes,Web,Junior Web Developer
S3398,19,Male,71.7,80.22,57,79,65,69,99,81,99,74,4,9,5,4,5,8,Creative,Web,Creative,0,0,No,Web,Frontend Developer
S3399,19,Female,72.69,67.38,73,80,46,94,69,54,88,67,5,7,7,1,1,7,Analytical,AI-ML,Analytical,3,1,Yes,Python,Junior Data Scientist
S3400,21,Male,86.22,86.03,95,72,59,83,58,35,96,64,2,5,9,1,4,6,Analytical,AI-ML,Analytical,3,3,No,Python,Junior Data Scientist
S3401,18,Female,71.14,94.66,89,81,66,74,82,63,85,82,7,10,5,4,4,2,Creative,Web,Creative,2,1,No,Web,Frontend Developer
S3402,20,Male,81.59,76.52,83,48,72,75,86,35,65,98,1,6,10,4,2,2,Analytical,AI-ML,Analytical,2,6,No,Python,Junior Data Scientist
S3403,19,Male,78.89,81.56,86,72,90,76,70,51,100,94,9,7,1,4,6,1,Technical,Web,Analytical,1,3,No,Web,Quality Assurance Tester
S3404,19,Female,72.4,93.6,84,83,66,74,91,49,84,75,8,10,7,4,4,3,Creative,Web,Creative,1,4,No,Web,Frontend Developer
S3405,18,Male,78.08,97.66,88,80,58,97,65,58,66,81,4,7,8,7,1,7,Technical,AI-ML,Logical,1,4,No,Python,AI/ML Engineer Trainee
S3406,19,Female,71.37,79.42,89,95,79,71,74,43,79,78,9,1,3,6,6,6,Technical,Web,Logical,2,5,No,Python,Full Stack Developer
S3407,19,Male,81.83,66.8,72,43,75,73,64,96,54,92,5,4,3,10,6,1,Management,Data,Leader,2,1,No,Statistics,Junior Business Analyst
S3408,20,Female,86.37,84.76,69,74,57,86,46,54,93,97,10,2,3,4,5,2,Technical,Web,Analytical,1,7,Yes,Web,Quality Assurance Tester
S3409,17,Female,99.0,63.11,78,71,56,68,80,35,52,54,4,10,5,4,3,1,Creative,Web,Creative,2,3,No,Web,Frontend Developer
S3410,19,Male,82.53,73.28,82,50,75,86,45,41,64,94,4,1,9,2,3,2,Analytical,AI-ML,Analytical,1,5,Yes,Math,Junior Data Scientist
S3411,20,Male,73.45,72.6,100,82,97,89,56,68,100,85,3,6,1,5,10,1,Technical,Security,Logical,4,3,No,DBMS,Security Analyst Trainee
S3412,17,Male,94.53,86.95,85,91,100,81,59,79,85,74,7,6,3,2,1,5,Technical,Web,Logical,0,0,No,Web,Junior Web Developer
S3413,18,Female,83.62,60.65,87,94,97,94,57,37,100,79,10,2,4,1,3,3,Technical,Web,Logical,2,0,No,DBMS,Full Stack Developer
S3414,19,Male,84.81,98.08,69,87,48,84,93,56,89,76,2,10,3,4,4,2,Creative,Web,Creative,3,4,Yes,Web,Frontend Developer
S3415,21,Female,94.63,78.48,78,59,74,55,65,47,47,87,8,3,1,3,3,7,Technical,Web,Analytical,1,6,No,Web,Quality Assurance Tester
S3416,18,Female,81.46,74.55,82,92,93,81,40,53,84,86,6,5,1,3,2,4,Technical,Web,Analytical,2,2,No,Web,Quality Assurance Tester
S3417,21,Female,81.41,62.4,82,83,50,72,56,79,67,94,10,3,5,1,1,6,Technical,Web,Logical,3,4,Yes,Python,Junior Web Developer
S3418,17,Male,84.33,93.83,60,67,72,58,39,65,76,88,8,4,3,3,5,4,Technical,Web,Analytical,0,0,No,Python,Quality Assurance Tester
S3419,17,Male,90.81,73.74,78,71,65,77,54,80,84,98,10,7,2,6,2,2,Technical,Web,Logical,2,0,No,DBMS,Backend Developer
S3420,19,Female,83.16,81.83,67,78,57,60,100,35,69,94,5,10,5,3,1,8,Creative,Web,Creative,1,3,Yes,Web,UI/UX Designer
S3421,18,Other,59.95,88.22,61,77,72,78,47,81,76,77,6,5,5,4,10,2,Technical,Security,Logical,0,5,No,DBMS,Security Analyst Trainee
S3422,21,Female,71.51,80.43,77,94,94,68,87,86,46,84,10,3,1,5,3,1,Technical,Web,Logical,2,1,No,Web,Full Stack Developer
S3423,20,Female,91.65,62.5,77,64,96,76,64,54,80,99,3,4,10,1,1,3,Analytical,Data,Analytical,4,4,No,DBMS,Associate Data Analyst
S3424,22,Female,67.12,86.69,81,69,54,51,74,53,75,78,10,1,1,4,6,3,Technical,Web,Analytical,3,6,Yes,Python,Quality Assurance Tester
S3425,19,Other,99.0,58.51,75,100,96,73,49,63,97,89,10,6,7,3,4,3,Technical,Web,Analytical,0,4,Yes,Python,Quality Assurance Tester
S3426,21,Male,75.68,73.07,50,56,100,59,38,35,73,78,3,8,7,2,5,5,Analytical,AI-ML,Analytical,1,6,Yes,Web,Associate Data Analyst
S3427,17,Female,63.0,52.23,87,78,98,91,77,55,98,83,5,1,9,3,1,2,Technical,Data,Logical,1,5,Yes,DBMS,Database Administrator
S3428,19,Female,70.27,99.0,52,59,68,76,80,35,80,76,1,10,1,5,2,1,Creative,Web,Creative,3,1,No,Web,Frontend Developer
S3429,19,Male,84.31,74.69,88,89,86,73,92,54,58,89,7,2,10,1,1,6,Technical,Data,Logical,2,5,Yes,DBMS,Database Administrator
S3430,20,Male,90.13,79.57,83,100,64,76,77,59,96,92,9,7,3,2,3,3,Technical,AI-ML,Logical,1,4,No,Python,Junior ML Engineer
S3431,21,Male,82.85,63.34,93,89,53,93,77,42,69,85,3,3,10,1,5,6,Technical,Data,Logical,3,5,No,DBMS,Database Administrator
S3432,20,Male,90.48,84.72,93,85,70,85,65,36,82,76,6,4,4,5,1,10,Technical,Cloud,Logical,2,0,No,Python,Cloud Operations Engineer
S3433,21,Female,66.03,85.5,92,69,43,80,59,71,63,95,4,4,1,5,6,9,Technical,Cloud,Logical,3,2,Yes,DBMS,Junior DevOps Engineer
S3434,21,Female,78.59,65.74,72,53,52,74,35,35,96,76,6,3,1,1,7,5,Analytical,AI-ML,Analytical,3,7,Yes,Math,Junior Data Scientist
S3435,18,Male,71.21,85.1,67,46,71,71,76,37,99,65,5,10,4,5,3,1,Creative,Web,Creative,1,1,Yes,Web,UI/UX Designer
S3436,21,Female,62.09,71.21,74,91,76,87,68,74,48,68,8,2,5,5,4,2,Technical,Web,Analytical,2,7,Yes,Web,Quality Assurance Tester
S3437,20,Female,99.0,84.16,100,80,74,89,82,56,87,95,3,4,1,8,10,1,Technical,Security,Logical,0,2,No,DBMS,Security Analyst Trainee
S3438,19,Female,95.86,74.31,76,60,94,89,100,46,94,76,4,10,1,4,6,1,Creative,Web,Creative,3,2,No,Web,UI/UX Designer
S3439,22,Other,72.78,79.45,75,97,92,87,67,47,64,72,10,2,1,7,1,5,Technical,Web,Logical,4,2,No,DBMS,Full Stack Developer
S3440,18,Male,88.56,70.19,96,79,87,72,53,68,84,76,10,1,4,1,4,1,Technical,AI-ML,Logical,1,3,No,Math,Junior ML Engineer
S3441,19,Female,78.29,74.3,89,81,92,74,59,82,69,67,8,4,6,1,7,7,Technical,AI-ML,Logical,2,5,No,Math,Junior ML Engineer
S3442,17,Female,81.86,83.98,67,73,74,74,80,72,93,65,3,2,10,3,2,1,Analytical,Data,Analytical,2,3,Yes,Statistics,Associate Data Analyst
S3443,22,Male,94.53,62.12,63,77,87,86,73,77,78,100,3,2,3,4,7,10,Technical,Cloud,Logical,5,0,No,DBMS,Cloud Operations Engineer
S3444,17,Male,82.41,83.41,80,68,85,88,95,76,48,61,4,9,7,1,4,1,Creative,Web,Creative,2,3,No,Web,Frontend Developer
S3445,21,Female,77.31,76.42,83,100,64,86,60,57,79,95,8,1,7,7,4,4,Technical,AI-ML,Logical,4,4,Yes,Python,Junior ML Engineer
S3446,20,Male,76.35,83.49,78,100,61,61,68,68,89,100,10,2,7,6,8,5,Technical,Web,Analytical,3,2,No,Web,Quality Assurance Tester
S3447,19,Male,81.5,61.05,66,49,50,76,55,51,60,88,7,1,7,2,1,3,Analytical,AI-ML,Analytical,1,3,No,Math,Junior Data Scientist
S3448,21,Male,82.63,89.87,86,68,60,92,62,51,71,92,6,3,2,4,6,10,Technical,Cloud,Logical,0,3,No,DBMS,Junior DevOps Engineer
S3449,22,Female,74.67,84.01,51,61,79,49,75,38,58,98,4,6,1,4,5,6,Analytical,AI-ML,Analytical,2,5,Yes,DBMS,Junior Data Scientist
S3450,22,Male,94.17,67.64,52,35,78,45,54,87,45,74,2,4,8,4,5,1,Management,Web,Leader,1,1,No,Python,Junior Business Analyst
S3451,22,Male,61.38,73.28,75,96,89,96,35,57,98,94,1,4,5,1,10,1,Technical,Security,Logical,4,0,No,DBMS,Security Analyst Trainee
S3452,20,Male,86.62,71.55,50,66,77,55,47,37,100,72,4,4,4,4,1,7,Analytical,Data,Analytical,1,0,No,Python,Associate Data Analyst
S3453,20,Male,70.33,69.4,88,100,82,81,77,35,54,67,10,4,3,1,4,1,Technical,Web,Logical,1,4,No,Python,Junior Web Developer
S3454,18,Male,80.55,93.91,97,62,62,80,35,65,75,75,5,5,10,7,7,4,Technical,Data,Logical,1,3,No,DBMS,Database Administrator
S3455,22,Male,93.44,91.35,88,90,82,91,76,43,80,77,5,2,4,5,2,10,Technical,Cloud,Logical,0,0,No,Python,Cloud Operations Engineer
S3456,20,Male,77.92,78.53,96,76,80,86,37,61,76,70,10,3,4,5,7,1,Technical,AI-ML,Logical,2,2,No,Python,Junior ML Engineer
S3457,21,Female,66.02,82.2,100,43,52,66,68,48,84,82,1,4,6,3,5,5,Analytical,AI-ML,Analytical,2,7,Yes,Statistics,Junior Data Scientist
S3458,23,Female,79.45,76.21,47,50,60,54,53,45,78,67,5,7,4,4,5,10,Technical,Cloud,Logical,0,4,Yes,DBMS,Cloud Operations Engineer
S3459,21,Female,76.88,79.55,57,62,54,46,35,37,60,93,5,5,3,5,1,8,Technical,AI-ML,Logical,2,4,Yes,Math,AI/ML Engineer Trainee
S3460,18,Male,83.19,84.85,56,63,95,78,92,35,75,86,2,10,2,3,5,1,Creative,Web,Creative,1,5,Yes,Web,Frontend Developer
S3461,19,Female,77.11,76.84,59,97,94,90,64,71,80,96,2,4,9,1,3,7,Technical,Data,Logical,5,2,No,DBMS,Database Administrator
S3462,18,Male,74.24,93.85,84,95,84,94,38,37,61,73,1,7,7,3,8,8,Technical,AI-ML,Logical,1,4,No,Python,AI/ML Engineer Trainee
S3463,20,Female,84.93,80.97,67,68,61,50,94,35,62,86,8,10,4,3,1,5,Creative,Web,Creative,2,3,Yes,Web,UI/UX Designer
S3464,19,Female,69.58,66.41,65,59,72,67,77,91,58,53,2,4,10,10,3,4,Management,Data,Leader,1,1,Yes,DBMS,Junior Business Analyst
S3465,18,Female,92.13,66.6,96,66,74,84,35,40,58,66,1,3,1,4,10,4,Technical,Security,Logical,1,3,No,DBMS,Security Analyst Trainee
S3466,18,Other,80.86,86.19,96,73,70,83,36,40,91,97,3,4,5,2,1,10,Technical,Cloud,Logical,2,1,No,DBMS,Junior DevOps Engineer
S3467,18,Male,89.0,68.11,77,76,87,72,67,59,65,79,5,2,5,6,3,4,Analytical,AI-ML,Analytical,1,3,No,Statistics,Junior Data Scientist
S3468,17,Female,68.36,94.68,68,53,63,66,79,52,78,98,6,5,2,7,6,1,Technical,Security,Logical,0,5,No,DBMS,Security Analyst Trainee
S3469,20,Male,80.46,61.18,55,47,94,87,96,54,71,76,2,10,6,4,8,3,Creative,Web,Creative,0,3,No,Web,Frontend Developer
S3470,20,Female,78.56,75.18,94,74,49,77,79,73,63,78,1,8,1,5,10,4,Technical,Security,Logical,3,3,Yes,DBMS,Security Analyst Trainee
S3471,19,Male,74.81,82.48,35,38,57,37,62,84,94,99,4,2,2,5,1,9,Technical,Cloud,Logical,2,7,Yes,DBMS,Junior DevOps Engineer
S3472,20,Male,79.49,59.24,66,93,54,73,89,71,94,97,7,5,2,4,2,1,Technical,Web,Analytical,3,5,No,Python,Quality Assurance Tester
S3473,21,Female,90.5,78.4,96,73,47,72,60,35,87,71,7,5,7,3,7,7,Technical,Web,Analytical,1,3,Yes,Python,Quality Assurance Tester
S3474,17,Male,86.56,71.43,82,88,54,74,73,54,83,76,2,1,5,2,4,3,Technical,AI-ML,Logical,2,0,Yes,Python,AI/ML Engineer Trainee
S3475,19,Male,88.76,76.67,67,72,79,87,91,36,79,66,1,10,3,7,6,4,Creative,Web,Creative,2,2,No,Web,UI/UX Designer
S3476,21,Female,79.78,75.21,64,91,81,90,59,80,67,82,10,1,3,2,1,3,Technical,Web,Logical,2,5,Yes,Python,Junior Web Developer
S3477,20,Female,84.68,98.71,93,78,53,97,58,37,95,83,10,2,4,1,6,4,Technical,Web,Logical,4,5,Yes,Python,Junior Web Developer
S3478,19,Male,84.25,74.24,99,96,85,84,90,45,43,87,10,4,3,3,7,6,Technical,Web,Logical,1,2,No,Python,Backend Developer
S3479,18,Female,77.04,88.13,65,50,74,75,83,67,91,55,2,10,4,5,3,6,Creative,Web,Creative,0,0,No,Web,Frontend Developer
S3480,17,Female,80.25,74.13,80,99,70,100,78,36,60,98,10,4,3,4,3,3,Technical,Web,Logical,2,1,Yes,Web,Full Stack Developer
S3481,18,Other,75.3,79.23,88,70,49,93,55,35,64,80,6,3,4,4,8,10,Technical,Cloud,Logical,3,3,No,DBMS,Junior DevOps Engineer
S3482,17,Male,78.59,84.56,65,73,84,71,85,87,89,84,6,4,5,6,3,3,Management,Data,Leader,0,3,No,Statistics,Junior Business Analyst
S3483,18,Male,76.47,66.01,65,61,65,85,83,58,82,78,6,10,3,2,2,4,Creative,Web,Creative,5,5,No,Web,Frontend Developer
S3484,19,Female,60.45,59.76,79,53,55,38,37,40,71,91,1,1,4,3,2,1,Technical,AI-ML,Logical,1,0,Yes,Python,Junior ML Engineer
S3485,20,Female,81.57,87.02,100,73,44,87,89,84,75,96,5,2,10,3,3,3,Technical,Data,Logical,3,3,Yes,DBMS,Database Administrator
S3486,18,Male,70.72,55.37,90,100,82,97,63,35,57,72,10,5,7,4,3,3,Technical,Web,Logical,2,2,No,DBMS,Full Stack Developer
S3487,20,Female,80.03,85.68,93,87,52,91,62,37,66,88,2,4,7,6,10,8,Technical,Security,Logical,0,1,No,DBMS,Security Analyst Trainee
S3488,20,Male,61.97,81.17,98,67,85,73,62,65,92,89,10,3,4,4,2,7,Technical,Web,Logical,2,4,No,Web,Full Stack Developer
S3489,20,Male,78.84,56.42,72,100,60,87,87,37,89,95,1,3,9,4,7,4,Technical,AI-ML,Logical,1,7,Yes,Python,AI/ML Engineer Trainee
S3490,22,Female,80.13,93.3,98,84,88,93,43,58,62,74,1,1,2,1,2,9,Technical,Cloud,Logical,2,2,No,DBMS,Junior DevOps Engineer
S3491,21,Male,70.53,85.51,80,84,57,82,86,58,89,80,10,3,4,3,3,5,Technical,Web,Logical,2,7,Yes,Web,Full Stack Developer
S3492,22,Female,96.48,94.18,66,79,83,90,76,77,81,88,1,1,10,1,4,1,Analytical,AI-ML,Analytical,4,3,No,Statistics,Junior Data Scientist
S3493,21,Male,85.72,88.41,97,73,92,97,43,72,76,93,3,1,5,2,1,10,Technical,Cloud,Logical,2,5,Yes,Python,Cloud Operations Engineer
S3494,19,Other,79.97,79.9,88,77,41,77,45,50,55,89,10,1,2,2,5,3,Technical,Web,Analytical,2,2,No,Web,Quality Assurance Tester
S3495,21,Female,70.7,75.48,66,93,72,86,78,62,57,72,10,4,7,7,1,3,Technical,Web,Logical,5,3,Yes,DBMS,Full Stack Developer
S3496,19,Female,70.14,74.07,90,91,43,82,52,35,64,67,4,1,5,8,5,10,Technical,Cloud,Logical,3,6,No,Python,Junior DevOps Engineer
S3497,20,Male,72.56,66.43,73,47,72,62,58,73,87,64,6,1,9,10,5,3,Management,Data,Leader,3,2,No,DBMS,Junior Business Analyst
S3498,20,Other,83.6,72.02,44,69,88,82,74,63,70,55,1,5,5,8,3,2,Management,Data,Leader,1,4,No,DBMS,Junior Business Analyst
S3499,19,Male,83.66,81.95,77,77,47,76,35,41,77,80,5,3,7,5,4,3,Technical,AI-ML,Logical,3,3,No,Math,AI/ML Engineer Trainee
S3500,20,Female,72.26,69.78,52,64,93,66,46,36,55,96,1,5,2,1,3,5,Analytical,AI-ML,Analytical,0,3,No,Statistics,Junior Data Scientist
S3501,18,Female,74.95,71.12,74,94,60,95,40,36,93,86,10,3,5,1,3,4,Technical,AI-ML,Logical,1,2,No,Python,Junior ML Engineer
S3502,20,Female,70.68,91.07,89,98,57,78,80,47,90,86,7,2,3,6,10,1,Technical,Security,Logical,6,6,Yes,DBMS,Security Analyst Trainee
S3503,19,Male,82.09,67.47,61,88,87,96,67,37,88,81,10,3,1,8,4,1,Technical,Web,Logical,3,3,No,Python,Backend Developer
S3504,17,Male,73.13,75.97,67,83,68,89,76,42,82,76,7,3,10,5,7,5,Analytical,AI-ML,Analytical,0,5,Yes,Math,Junior Data Scientist
S3505,17,Male,66.99,80.62,50,63,67,67,69,61,91,72,4,1,5,1,2,2,Technical,Security,Analytical,0,6,Yes,Statistics,Quality Assurance Tester
S3506,19,Male,86.16,91.4,88,94,80,90,79,65,77,96,6,5,1,5,7,10,Technical,Cloud,Logical,2,6,No,DBMS,Cloud Operations Engineer
S3507,18,Female,90.96,67.93,77,68,62,86,35,79,62,66,2,3,3,2,3,10,Technical,Cloud,Logical,2,0,No,DBMS,Cloud Operations Engineer
S3508,20,Male,77.7,99.0,95,66,58,87,66,35,62,95,7,4,10,1,2,1,Analytical,Data,Analytical,0,5,Yes,Statistics,Associate Data Analyst
S3509,19,Male,71.03,65.31,55,94,57,68,71,49,56,79,8,2,4,5,1,2,Technical,Web,Analytical,3,4,No,Web,Quality Assurance Tester
S3510,22,Male,77.95,87.24,67,56,60,50,76,47,84,76,10,4,4,1,1,1,Technical,Web,Logical,4,7,Yes,Python,Junior Web Developer
S3511,17,Male,77.69,73.09,58,84,73,68,79,62,77,90,7,1,8,1,1,5,Technical,AI-ML,Logical,3,5,No,Web,AI/ML Engineer Trainee
S3512,18,Female,70.9,79.38,89,100,83,95,83,49,56,81,9,1,7,6,3,5,Technical,AI-ML,Logical,2,6,Yes,Python,Junior ML Engineer
S3513,21,Male,63.48,71.37,82,100,86,90,62,73,85,87,3,1,6,1,3,4,Technical,AI-ML,Logical,3,3,No,Python,AI/ML Engineer Trainee
S3514,21,Female,75.33,75.55,60,83,82,77,51,65,77,65,3,4,9,1,4,6,Analytical,AI-ML,Analytical,4,3,Yes,Math,Junior Data Scientist
S3515,19,Male,85.05,71.66,75,52,63,66,81,74,100,77,3,7,5,6,6,2,Analytical,AI-ML,Analytical,1,1,No,Math,Junior Data Scientist
S3516,23,Male,90.54,84.46,86,43,70,52,79,66,76,96,4,3,10,1,4,1,Analytical,Data,Analytical,2,2,No,Statistics,Associate Data Analyst
S3517,19,Male,88.26,57.91,90,81,69,88,54,58,100,73,10,8,4,1,7,2,Technical,Web,Logical,0,1,Yes,DBMS,Backend Developer
S3518,18,Male,73.14,82.37,81,75,44,93,56,60,81,74,9,2,5,5,2,1,Technical,Web,Analytical,2,8,Yes,Web,Quality Assurance Tester
S3519,19,Male,80.02,69.17,79,94,84,58,79,38,98,81,9,1,4,5,2,1,Technical,Web,Analytical,5,4,Yes,Python,Quality Assurance Tester
S3520,19,Male,80.41,78.64,69,93,62,70,65,65,81,100,7,4,4,5,7,5,Technical,Web,Analytical,1,0,No,Web,Quality Assurance Tester
S3521,19,Female,76.02,74.83,100,63,95,73,86,69,96,93,1,4,4,7,4,10,Technical,Cloud,Logical,7,1,No,Python,Junior DevOps Engineer
S3522,20,Male,74.49,72.44,58,68,81,52,78,80,80,87,5,4,5,1,1,6,Management,Cloud,Leader,1,3,No,DBMS,Junior Business Analyst
S3523,21,Male,76.23,60.59,60,45,90,76,100,45,60,73,1,10,3,7,5,3,Creative,Web,Creative,2,2,No,Web,Frontend Developer
S3524,19,Other,88.73,81.11,92,93,86,72,40,58,53,71,10,3,2,7,1,1,Technical,AI-ML,Logical,2,3,No,Python,Junior ML Engineer
S3525,21,Female,77.01,58.49,87,86,65,92,58,61,77,95,3,5,7,3,5,3,Technical,AI-ML,Logical,1,3,No,Math,AI/ML Engineer Trainee
S3526,20,Female,94.11,76.13,78,71,39,75,66,51,46,85,5,3,4,2,4,5,Technical,AI-ML,Logical,1,4,No,Python,Junior ML Engineer
S3527,20,Male,80.68,88.19,84,81,58,79,63,38,87,76,10,5,2,3,1,3,Technical,AI-ML,Logical,1,5,No,Math,Junior ML Engineer
S3528,19,Female,88.46,83.74,70,91,65,74,86,42,87,72,1,7,3,4,4,10,Technical,Cloud,Logical,4,1,No,DBMS,Junior DevOps Engineer
S3529,21,Male,69.71,79.48,79,80,55,96,52,65,100,95,7,2,3,3,3,10,Technical,Cloud,Logical,1,9,Yes,DBMS,Cloud Operations Engineer
S3530,21,Female,82.47,81.13,61,61,87,53,63,39,59,97,3,4,3,5,8,7,Analytical,AI-ML,Analytical,2,4,Yes,DBMS,Junior Data Scientist
S3531,19,Female,79.87,87.17,82,79,49,89,60,53,67,81,10,1,1,4,2,8,Technical,Web,Logical,1,1,No,Python,Junior Web Developer
S3532,19,Female,80.1,76.62,68,49,94,91,87,68,71,66,1,10,3,6,4,2,Creative,Web,Creative,3,5,No,Web,UI/UX Designer
S3533,18,Female,88.46,81.63,74,78,52,94,60,47,48,76,10,7,6,5,3,4,Technical,AI-ML,Logical,1,4,No,Python,Junior ML Engineer
S3534,18,Female,80.72,79.1,81,79,47,77,90,70,50,67,1,7,1,5,10,4,Technical,Security,Logical,2,6,Yes,DBMS,Security Analyst Trainee
S3535,20,Female,60.98,70.92,72,60,76,48,38,90,84,92,1,7,8,4,3,8,Management,Cloud,Leader,0,2,Yes,Math,Junior Business Analyst
S3536,23,Male,79.01,89.03,46,52,66,81,100,60,76,79,6,10,1,3,6,5,Creative,Web,Creative,0,2,No,Web,UI/UX Designer
S3537,23,Female,76.72,77.75,77,90,75,93,50,77,63,69,3,1,10,3,5,5,Technical,Data,Logical,1,8,Yes,DBMS,Database Administrator
S3538,18,Male,81.19,72.87,73,88,72,62,74,35,70,70,9,3,3,6,6,5,Technical,Web,Analytical,4,2,No,Python,Quality Assurance Tester
S3539,17,Male,80.07,97.1,79,55,83,73,53,87,68,68,5,3,6,9,4,1,Management,Data,Leader,2,1,Yes,Statistics,Junior Business Analyst
S3540,17,Female,69.38,65.22,63,62,47,58,66,59,84,73,7,5,4,5,3,7,Technical,Web,Analytical,1,3,No,Web,Quality Assurance Tester
S3541,18,Female,79.02,56.63,62,100,86,72,60,49,61,97,7,2,3,5,4,1,Technical,AI-ML,Logical,4,4,No,Python,Junior ML Engineer
S3542,20,Female,85.79,78.52,48,80,60,60,99,35,57,84,6,10,8,4,6,3,Creative,Web,Creative,3,7,Yes,Web,Frontend Developer
S3543,19,Male,98.94,95.23,83,69,64,89,52,64,92,80,1,2,1,7,1,10,Technical,Cloud,Logical,1,4,No,Python,Cloud Operations Engineer
S3544,20,Male,73.06,57.85,90,90,86,80,60,84,49,91,3,4,1,2,10,6,Technical,Security,Logical,2,5,No,DBMS,Security Analyst Trainee
S3545,20,Male,76.53,70.91,64,69,58,61,99,62,73,70,2,10,1,6,2,1,Creative,Web,Creative,0,2,No,Web,Frontend Developer
S3546,20,Male,80.1,67.62,79,87,87,77,58,56,82,70,10,5,1,3,5,1,Technical,Web,Logical,3,7,Yes,Web,Junior Web Developer
S3547,17,Female,70.77,86.37,72,100,70,93,47,84,58,94,10,5,2,3,5,3,Technical,AI-ML,Logical,0,2,No,Python,Junior ML Engineer
S3548,17,Male,79.52,83.55,76,67,41,65,96,44,58,67,1,10,3,1,4,5,Creative,Web,Creative,6,6,Yes,Web,UI/UX Designer
S3549,18,Female,84.21,75.07,66,79,64,62,94,35,76,93,7,8,1,3,1,5,Creative,Web,Creative,2,2,Yes,Web,UI/UX Designer
S3550,18,Male,83.02,87.3,67,40,87,52,40,76,59,87,3,4,4,5,6,4,Technical,Security,Logical,4,4,Yes,Web,Security Analyst Trainee
S3551,19,Male,91.11,81.74,66,100,71,100,83,62,74,65,5,3,1,4,1,1,Technical,AI-ML,Logical,4,9,Yes,Math,Junior ML Engineer
S3552,21,Male,87.07,94.5,79,80,56,99,64,58,72,92,4,3,3,3,5,10,Technical,Cloud,Logical,2,1,No,DBMS,Junior DevOps Engineer
S3553,22,Female,89.74,95.35,67,77,54,72,78,50,77,83,1,7,4,7,10,7,Technical,Security,Logical,2,6,Yes,DBMS,Security Analyst Trainee
S3554,22,Male,82.99,83.2,78,95,89,81,35,61,54,100,10,4,4,2,1,7,Technical,Web,Logical,0,3,No,Python,Full Stack Developer
S3555,20,Female,89.75,78.96,91,65,48,84,67,41,59,82,6,3,3,2,1,6,Technical,AI-ML,Logical,2,2,No,Python,Junior ML Engineer
S3556,24,Female,67.42,63.6,74,88,79,97,56,53,72,65,4,2,8,1,5,3,Technical,AI-ML,Logical,2,1,No,Math,AI/ML Engineer Trainee
S3557,17,Female,73.19,77.28,62,79,70,71,58,40,76,75,9,3,4,1,1,4,Technical,Web,Analytical,0,2,Yes,Web,Quality Assurance Tester
S3558,19,Male,79.09,76.95,58,77,66,64,76,70,86,74,4,1,10,7,4,4,Analytical,Data,Analytical,1,6,Yes,DBMS,Associate Data Analyst
S3559,21,Female,83.43,69.1,73,100,82,88,63,60,67,75,3,5,1,6,4,10,Technical,Cloud,Logical,3,5,Yes,Python,Junior DevOps Engineer
S3560,17,Male,82.92,89.98,92,69,57,100,58,73,62,75,10,4,3,3,1,1,Technical,Web,Logical,3,4,Yes,Python,Backend Developer
S3561,23,Male,74.34,81.55,74,75,62,63,81,52,94,73,2,3,3,4,6,2,Technical,Security,Logical,5,2,No,Python,Security Analyst Trainee
S3562,22,Female,68.26,73.22,68,85,75,72,48,52,79,74,4,1,10,3,7,8,Analytical,AI-ML,Analytical,2,5,Yes,Math,Junior Data Scientist
S3563,23,Male,83.75,65.57,65,49,78,68,51,73,72,80,4,5,7,1,4,4,Analytical,AI-ML,Analytical,2,3,No,Web,Associate Data Analyst
S3564,17,Female,72.48,79.3,65,69,90,70,53,52,93,89,7,2,7,5,10,2,Technical,Security,Logical,2,0,Yes,DBMS,Security Analyst Trainee
S3565,20,Female,68.43,73.31,72,75,90,86,66,79,75,89,10,1,7,1,1,7,Technical,Web,Logical,3,3,No,Python,Junior Web Developer
S3566,18,Female,66.2,82.64,84,97,61,80,43,46,55,98,8,4,1,4,1,1,Technical,AI-ML,Logical,0,3,No,Python,Junior ML Engineer
S3567,20,Male,83.49,95.92,77,75,46,69,82,53,89,85,2,10,2,7,4,1,Creative,Web,Creative,5,7,Yes,Web,Frontend Developer
S3568,18,Male,92.92,72.92,70,71,41,92,41,57,69,100,8,4,3,4,3,10,Technical,Cloud,Logical,2,3,No,Python,Junior DevOps Engineer
S3569,19,Male,81.66,99.0,80,88,51,95,35,35,58,96,4,8,6,3,3,10,Technical,Cloud,Logical,4,1,Yes,DBMS,Cloud Operations Engineer
S3570,18,Female,82.28,94.11,67,89,64,88,50,71,47,79,10,3,6,1,1,7,Technical,Web,Logical,2,4,No,Python,Full Stack Developer
S3571,18,Male,87.66,77.3,54,59,95,68,93,65,57,52,5,10,2,5,7,8,Creative,Web,Creative,1,1,No,Web,Frontend Developer
S3572,19,Male,80.35,61.45,60,54,46,64,63,50,48,93,3,4,10,3,1,5,Analytical,AI-ML,Analytical,0,4,No,Math,Junior Data Scientist
S3573,22,Female,68.26,80.81,55,82,88,56,66,93,87,92,5,5,7,9,5,1,Management,Data,Leader,2,4,No,DBMS,Junior Business Analyst
S3574,19,Male,75.64,75.27,98,92,89,100,51,75,79,100,5,4,4,1,1,3,Technical,AI-ML,Logical,1,0,No,Math,Junior ML Engineer
S3575,21,Other,71.61,83.38,75,91,92,77,66,35,59,65,10,4,5,5,1,5,Technical,Web,Logical,3,0,No,DBMS,Full Stack Developer
S3576,20,Female,71.69,76.98,47,69,80,47,82,35,79,77,4,7,8,4,7,3,Creative,Web,Creative,3,0,No,Statistics,UI/UX Designer
S3577,17,Male,76.35,77.12,93,69,65,92,74,58,53,81,5,2,1,3,6,10,Technical,Cloud,Logical,5,0,Yes,DBMS,Cloud Operations Engineer
S3578,19,Female,76.39,62.32,66,56,68,79,71,85,61,68,3,4,10,8,3,1,Management,Data,Leader,2,3,Yes,DBMS,Junior Business Analyst
S3579,21,Male,86.98,86.39,78,48,70,86,79,58,97,74,2,7,9,3,3,2,Analytical,AI-ML,Analytical,3,3,No,Math,Junior Data Scientist
S3580,20,Female,88.82,83.48,62,59,59,64,87,54,98,78,1,10,2,3,2,1,Creative,Web,Creative,0,2,No,Web,Frontend Developer
S3581,18,Female,71.83,68.37,53,59,76,74,83,41,75,93,3,5,5,1,3,6,Analytical,AI-ML,Analytical,4,1,No,Statistics,Junior Data Scientist
S3582,18,Male,83.07,71.91,100,69,100,88,50,66,94,93,10,1,1,6,5,7,Technical,AI-ML,Logical,1,4,Yes,Python,Junior ML Engineer
S3583,19,Female,81.6,86.59,89,93,52,80,57,53,81,78,8,1,2,6,4,3,Technical,Web,Analytical,3,2,No,Web,Quality Assurance Tester
S3584,19,Male,85.04,73.12,61,92,96,99,52,35,82,76,10,1,2,7,6,3,Technical,Web,Logical,3,1,No,Python,Backend Developer
S3585,20,Male,77.34,79.42,77,65,57,86,53,71,77,89,3,2,10,1,4,3,Analytical,Data,Analytical,2,1,Yes,Statistics,Associate Data Analyst
S3586,21,Female,82.95,81.67,82,89,85,73,80,58,85,86,7,6,2,1,3,1,Technical,AI-ML,Logical,0,5,Yes,Math,Junior ML Engineer
S3587,20,Male,68.49,86.04,63,79,76,100,35,66,91,99,3,6,10,8,4,1,Technical,AI-ML,Logical,0,4,No,Math,AI/ML Engineer Trainee
S3588,19,Female,73.8,94.98,74,66,50,91,45,35,58,71,10,3,1,4,5,5,Technical,Web,Logical,2,3,Yes,DBMS,Backend Developer
S3589,21,Female,67.31,90.15,88,90,85,69,62,41,63,97,10,4,1,1,5,8,Technical,Web,Logical,1,5,Yes,Python,Junior Web Developer
S3590,18,Male,84.66,70.86,77,51,88,97,47,86,60,90,5,2,6,10,3,1,Management,Data,Leader,4,3,No,Statistics,Junior Business Analyst
S3591,18,Female,89.27,84.16,76,87,94,87,76,48,65,95,10,4,4,4,5,2,Technical,AI-ML,Logical,1,4,No,Math,Junior ML Engineer
S3592,20,Female,87.88,69.22,63,70,66,91,75,62,88,86,10,3,5,7,1,4,Technical,Web,Logical,2,3,No,Web,Junior Web Developer
S3593,19,Male,81.84,75.8,94,91,78,96,63,67,83,87,9,1,3,8,8,8,Technical,AI-ML,Logical,2,2,No,Math,Junior ML Engineer
S3594,20,Female,82.44,67.18,53,64,78,53,95,56,85,81,7,3,4,5,4,1,Creative,Web,Creative,2,3,No,DBMS,Frontend Developer
S3595,19,Other,75.16,78.15,56,69,55,73,67,56,76,87,7,3,6,3,10,2,Technical,Security,Logical,1,4,No,DBMS,Security Analyst Trainee
S3596,17,Male,62.91,76.37,90,84,63,79,63,54,72,80,3,1,3,4,10,4,Technical,Security,Logical,1,7,Yes,DBMS,Security Analyst Trainee
S3597,19,Male,60.73,93.75,69,62,81,89,40,35,91,91,3,7,1,6,10,5,Technical,Security,Logical,4,1,Yes,DBMS,Security Analyst Trainee
S3598,18,Female,67.69,71.42,99,72,93,76,68,62,60,80,4,3,1,1,1,10,Technical,Cloud,Logical,1,5,No,Python,Cloud Operations Engineer
S3599,22,Other,53.05,82.9,48,66,90,55,72,48,75,79,6,1,1,5,7,8,Technical,Web,Logical,2,2,No,Statistics,Backend Developer
S3600,23,Female,91.26,73.84,85,88,71,92,87,68,68,93,4,4,10,5,1,4,Technical,Data,Logical,3,4,No,DBMS,Database Administrator
S3601,19,Female,87.4,81.77,88,58,74,62,91,83,97,86,5,9,1,4,3,7,Creative,Web,Creative,1,3,Yes,Web,UI/UX Designer
S3602,20,Female,70.45,76.39,75,75,61,100,45,35,73,87,10,7,8,5,6,2,Technical,Web,Logical,1,4,No,Python,Full Stack Developer
S3603,20,Female,88.91,85.54,68,70,86,56,56,81,92,81,5,3,6,10,4,5,Management,Data,Leader,1,7,Yes,DBMS,Junior Business Analyst
S3604,20,Female,58.89,74.83,77,100,83,94,83,35,81,100,10,5,2,2,4,5,Technical,Web,Logical,1,4,Yes,Python,Junior Web Developer
S3605,17,Male,75.88,87.8,92,81,62,61,64,35,83,86,8,5,5,1,1,5,Technical,Web,Analytical,0,1,Yes,Python,Quality Assurance Tester
S3606,18,Female,95.15,78.68,88,81,64,100,77,35,65,100,2,1,4,4,10,3,Technical,Security,Logical,4,5,Yes,DBMS,Security Analyst Trainee
S3607,19,Female,99.0,78.51,86,84,84,76,45,38,50,90,2,1,6,5,1,3,Technical,AI-ML,Logical,1,1,No,Math,AI/ML Engineer Trainee
S3608,19,Female,83.58,93.32,100,93,90,100,75,69,63,88,6,8,10,1,5,2,Technical,AI-ML,Logical,1,0,Yes,Math,AI/ML Engineer Trainee
S3609,20,Male,75.73,64.79,64,94,50,58,59,51,51,84,7,3,5,8,1,1,Technical,Web,Analytical,3,2,No,Web,Quality Assurance Tester
S3610,22,Male,86.2,82.6,96,90,67,87,77,36,88,71,4,3,4,6,1,10,Technical,Cloud,Logical,2,1,No,Python,Cloud Operations Engineer
S3611,20,Female,94.38,59.96,63,92,43,93,85,37,72,95,8,4,4,1,10,5,Technical,Security,Logical,2,5,No,DBMS,Security Analyst Trainee
S3612,22,Male,92.63,97.61,69,75,70,93,44,49,58,73,1,2,2,2,1,10,Technical,Cloud,Logical,2,3,No,DBMS,Junior DevOps Engineer
S3613,23,Other,92.31,82.7,97,99,70,87,48,86,56,81,10,6,1,5,3,1,Technical,Web,Logical,5,6,Yes,DBMS,Backend Developer
S3614,20,Male,77.34,65.96,56,50,89,65,86,69,91,50,6,10,5,3,4,4,Creative,Web,Creative,2,0,No,Web,UI/UX Designer
S3615,18,Male,88.4,68.97,72,85,55,74,62,52,100,81,10,2,5,1,2,1,Technical,Web,Logical,6,2,No,Web,Junior Web Developer
S3616,19,Male,89.36,50.87,97,88,74,81,43,67,100,68,10,5,1,3,5,1,Technical,Web,Logical,2,1,Yes,DBMS,Full Stack Developer
S3617,22,Female,80.9,88.48,76,97,74,84,66,35,63,94,8,3,10,2,6,1,Technical,Data,Logical,2,1,No,DBMS,Database Administrator
S3618,21,Female,79.81,69.91,61,63,83,76,35,81,95,82,8,5,8,6,5,3,Analytical,AI-ML,Analytical,2,0,No,Python,Junior Data Scientist
S3619,17,Other,76.38,93.16,90,100,88,99,41,69,100,83,10,1,4,3,2,4,Technical,Web,Logical,3,7,Yes,Python,Full Stack Developer
S3620,20,Male,72.94,81.21,71,94,80,73,65,56,62,81,1,6,10,3,5,6,Technical,Data,Logical,4,3,No,DBMS,Database Administrator
S3621,20,Female,63.2,71.69,73,67,89,74,46,38,71,82,1,2,3,6,9,5,Technical,Security,Logical,4,4,Yes,DBMS,Security Analyst Trainee
S3622,18,Female,77.65,97.96,84,98,78,97,35,56,75,81,3,3,10,6,1,1,Technical,Data,Logical,1,3,No,DBMS,Database Administrator
S3623,17,Male,82.6,66.9,73,57,91,89,66,65,79,53,5,4,4,8,3,4,Management,Data,Leader,3,5,Yes,DBMS,Junior Business Analyst
S3624,21,Female,87.25,82.55,86,94,89,92,68,68,60,87,1,4,8,2,3,10,Technical,Cloud,Logical,5,7,Yes,Python,Cloud Operations Engineer
S3625,19,Female,62.98,70.49,96,62,75,85,84,73,51,85,2,1,9,8,7,6,Analytical,AI-ML,Analytical,0,4,No,Math,Junior Data Scientist
S3626,23,Male,69.2,71.18,44,63,69,74,87,63,71,66,5,10,1,5,1,6,Creative,Web,Creative,0,1,Yes,Web,UI/UX Designer
S3627,18,Male,80.47,96.04,83,77,64,92,63,67,70,84,9,7,3,7,1,1,Technical,Web,Logical,2,6,Yes,Python,Backend Developer
S3628,21,Female,82.51,54.57,65,100,94,100,81,79,69,92,10,2,1,1,4,4,Technical,AI-ML,Logical,2,6,Yes,Python,Junior ML Engineer
S3629,18,Female,79.81,96.03,51,51,59,84,80,38,76,79,1,10,1,6,3,1,Creative,Web,Creative,2,1,No,Web,Frontend Developer
S3630,21,Male,85.14,74.74,82,72,94,82,78,74,83,93,10,7,1,4,5,5,Technical,Web,Logical,0,0,No,DBMS,Full Stack Developer
S3631,20,Female,82.69,82.49,39,69,77,61,38,91,94,71,3,5,6,10,8,3,Management,Data,Leader,1,6,Yes,Statistics,Junior Business Analyst
S3632,21,Female,93.11,75.55,73,55,76,74,63,82,68,47,5,3,7,9,3,4,Management,Data,Leader,1,0,Yes,Statistics,Junior Business Analyst
S3633,20,Female,81.38,89.2,53,57,74,55,94,55,78,57,4,10,2,2,3,1,Creative,Web,Creative,5,2,Yes,Python,UI/UX Designer
S3634,18,Female,87.45,83.49,91,97,84,94,35,75,59,81,5,5,7,1,3,10,Technical,Cloud,Logical,3,3,Yes,DBMS,Junior DevOps Engineer
S3635,19,Male,84.3,96.57,78,68,56,97,60,56,67,91,7,1,1,3,6,10,Technical,Cloud,Logical,0,1,No,DBMS,Junior DevOps Engineer
S3636,17,Female,84.39,81.79,81,100,66,67,78,36,59,84,10,5,4,2,7,2,Technical,Web,Logical,5,6,Yes,DBMS,Backend Developer
S3637,18,Male,65.15,86.11,90,82,52,82,82,41,48,71,1,7,6,5,1,6,Technical,AI-ML,Logical,2,0,No,Python,AI/ML Engineer Trainee
S3638,21,Female,74.54,82.1,86,80,92,70,86,77,55,78,10,1,1,3,2,2,Technical,Web,Logical,1,3,No,Web,Full Stack Developer
S3639,20,Female,86.3,84.79,91,96,81,82,61,57,59,96,1,3,4,1,4,10,Technical,Cloud,Logical,4,5,Yes,Python,Cloud Operations Engineer
S3640,22,Female,73.87,81.06,50,70,53,90,96,67,61,74,2,10,5,4,4,5,Creative,Web,Creative,1,5,No,Web,Frontend Developer
S3641,22,Other,84.43,81.06,94,93,61,82,54,71,51,91,10,7,1,4,3,1,Technical,Web,Logical,4,3,Yes,DBMS,Backend Developer
S3642,19,Male,88.02,72.4,68,99,82,74,43,69,86,67,10,7,6,4,1,1,Technical,Web,Logical,3,2,No,Web,Junior Web Developer
S3643,19,Female,88.79,99.0,98,75,93,71,48,61,75,83,1,2,6,7,6,10,Technical,Cloud,Logical,0,4,No,DBMS,Junior DevOps Engineer
S3644,20,Female,76.05,88.16,69,48,87,75,91,59,94,57,1,10,6,7,4,7,Creative,Web,Creative,0,1,No,Web,Frontend Developer
S3645,20,Male,82.42,69.6,100,100,91,95,50,74,86,74,2,4,10,1,5,2,Technical,AI-ML,Logical,2,4,No,Python,AI/ML Engineer Trainee
S3646,20,Male,67.61,87.97,88,72,41,87,74,36,100,86,10,4,7,6,3,5,Technical,Web,Logical,3,1,No,Web,Full Stack Developer
S3647,20,Female,81.28,61.59,68,75,87,78,65,48,68,100,6,6,10,7,1,5,Technical,Data,Logical,2,4,No,DBMS,Database Administrator
S3648,21,Female,68.32,73.93,44,53,92,72,54,40,64,88,3,7,4,2,4,3,Analytical,AI-ML,Analytical,1,3,No,Statistics,Junior Data Scientist
S3649,18,Male,70.97,72.83,48,48,69,89,100,50,61,69,2,10,2,3,4,2,Creative,Web,Creative,3,2,No,Web,UI/UX Designer
S3650,18,Male,77.8,86.85,79,86,98,89,53,59,91,86,10,1,5,3,1,5,Technical,Web,Logical,1,4,Yes,DBMS,Backend Developer
S3651,19,Male,83.86,71.65,75,67,51,75,82,69,49,83,1,8,10,1,5,1,Technical,Data,Logical,2,3,Yes,DBMS,Database Administrator
S3652,20,Female,76.92,97.54,88,91,48,99,59,35,99,84,10,1,1,1,4,5,Technical,Web,Logical,3,4,Yes,Python,Junior Web Developer
S3653,19,Male,84.02,89.89,77,71,59,100,71,57,76,81,5,2,1,2,6,10,Technical,Cloud,Logical,1,1,No,DBMS,Junior DevOps Engineer
S3654,18,Male,69.67,88.7,58,61,50,72,74,74,78,92,5,1,9,6,5,2,Analytical,Data,Analytical,3,7,Yes,Statistics,Associate Data Analyst
S3655,20,Female,79.57,75.41,70,65,82,86,54,83,45,88,8,1,3,6,3,8,Management,Data,Leader,1,4,No,Statistics,Junior Business Analyst
S3656,19,Male,64.86,86.48,80,83,95,71,60,38,52,96,1,4,1,7,1,10,Technical,Cloud,Logical,1,2,No,Python,Cloud Operations Engineer
S3657,19,Male,76.39,75.36,81,79,81,65,71,43,77,100,9,3,5,8,4,6,Technical,Web,Analytical,2,5,No,Python,Quality Assurance Tester
S3658,20,Male,76.29,73.7,92,71,72,72,35,48,86,84,9,4,6,6,1,6,Technical,AI-ML,Logical,2,3,No,Python,Junior ML Engineer
S3659,21,Female,95.63,76.87,59,85,57,100,77,41,85,74,1,7,3,7,10,3,Technical,Security,Logical,3,3,No,DBMS,Security Analyst Trainee
S3660,21,Female,85.96,83.78,90,77,86,76,35,62,47,82,1,6,8,1,3,2,Technical,Data,Logical,1,4,No,DBMS,Database Administrator
S3661,18,Female,82.51,75.28,68,71,56,50,51,74,44,75,3,3,8,1,1,2,Analytical,Data,Analytical,3,5,Yes,DBMS,Associate Data Analyst
S3662,18,Female,94.61,75.17,81,91,50,96,63,63,74,80,1,5,5,6,10,3,Technical,Security,Logical,1,3,No,DBMS,Security Analyst Trainee
S3663,19,Female,65.05,84.54,76,63,79,55,96,36,85,54,2,10,3,3,7,7,Creative,Web,Creative,3,6,No,Web,Frontend Developer
S3664,19,Male,85.09,84.19,54,97,50,80,72,72,76,92,8,5,3,4,3,6,Technical,Web,Logical,2,8,Yes,Python,Full Stack Developer
S3665,20,Male,80.77,64.14,66,45,80,64,94,47,52,75,1,10,3,2,3,5,Creative,Web,Creative,1,5,Yes,Web,Frontend Developer
S3666,21,Female,73.77,76.91,62,81,58,79,92,66,73,90,7,10,4,1,2,2,Creative,Web,Creative,3,5,No,Web,Frontend Developer
S3667,17,Female,76.15,79.83,91,98,64,84,67,62,72,94,8,1,9,3,3,2,Technical,AI-ML,Logical,0,1,No,Python,AI/ML Engineer Trainee
S3668,19,Female,78.51,85.44,80,94,46,96,54,35,76,79,3,1,4,3,8,10,Technical,Cloud,Logical,2,4,No,Python,Cloud Operations Engineer
S3669,21,Female,67.88,59.49,84,98,57,100,78,42,62,63,5,2,10,1,5,4,Technical,AI-ML,Logical,1,0,No,Math,AI/ML Engineer Trainee
S3670,19,Male,81.43,80.93,67,42,65,58,91,75,85,49,4,8,8,5,2,8,Creative,Web,Creative,3,4,Yes,Python,UI/UX Designer
S3671,21,Other,64.6,80.58,72,43,71,85,88,69,72,87,5,10,3,5,2,1,Creative,Web,Creative,2,6,Yes,Web,Frontend Developer
S3672,17,Male,86.15,88.22,69,76,74,59,40,52,75,92,7,5,6,2,7,3,Technical,Web,Analytical,0,0,No,Python,Quality Assurance Tester
S3673,22,Female,81.58,84.74,71,83,66,97,70,42,58,80,3,6,6,4,5,4,Technical,AI-ML,Logical,2,5,No,Math,AI/ML Engineer Trainee
S3674,20,Female,72.97,93.62,96,87,44,84,81,49,87,91,4,1,2,6,10,3,Technical,Security,Logical,7,3,Yes,DBMS,Security Analyst Trainee
S3675,21,Male,82.77,84.28,78,100,90,77,39,60,49,100,10,1,5,1,1,4,Technical,Web,Logical,2,3,No,Python,Full Stack Developer
S3676,21,Female,73.41,68.71,77,74,64,91,35,36,82,81,10,3,7,4,7,3,Technical,Web,Logical,1,1,Yes,Python,Backend Developer
S3677,19,Female,66.12,55.74,80,100,60,100,67,51,65,70,5,3,10,2,2,6,Technical,AI-ML,Logical,1,1,No,Math,AI/ML Engineer Trainee
S3678,21,Female,81.65,76.96,76,92,63,71,42,35,57,83,10,3,3,7,2,3,Technical,Web,Analytical,4,6,Yes,Web,Quality Assurance Tester
S3679,19,Male,86.19,92.06,91,74,57,88,74,60,71,78,6,1,2,2,5,10,Technical,Cloud,Logical,2,2,No,DBMS,Junior DevOps Engineer
S3680,19,Male,75.13,76.74,63,69,66,100,57,59,66,68,10,6,5,2,3,6,Technical,Web,Logical,1,4,No,Web,Full Stack Developer
S3681,20,Male,79.55,89.25,82,76,80,85,99,56,86,71,3,10,6,4,3,3,Creative,Web,Creative,3,4,Yes,Web,Frontend Developer
S3682,17,Male,85.47,77.7,87,91,86,70,44,39,98,96,1,3,10,4,6,3,Technical,Data,Logical,2,0,No,DBMS,Database Administrator
S3683,18,Female,87.08,84.51,54,65,56,72,72,38,46,97,1,4,6,2,7,1,Analytical,AI-ML,Analytical,2,4,Yes,Python,Associate Data Analyst
S3684,18,Female,71.77,77.96,100,72,48,100,57,74,69,91,1,3,4,4,5,10,Technical,Cloud,Logical,2,4,No,Python,Junior DevOps Engineer
S3685,19,Female,87.1,77.76,82,95,78,84,64,35,75,89,1,4,4,4,10,4,Technical,Security,Logical,2,6,Yes,DBMS,Security Analyst Trainee
S3686,22,Female,69.67,78.37,87,83,88,91,47,46,50,78,3,3,3,3,4,10,Technical,Cloud,Logical,1,4,No,DBMS,Junior DevOps Engineer
S3687,19,Female,88.64,74.31,85,86,90,87,47,73,62,84,10,4,5,8,1,2,Technical,Web,Logical,0,2,No,DBMS,Full Stack Developer
S3688,17,Male,81.04,58.71,93,78,62,78,54,69,90,69,10,6,5,5,6,4,Technical,Web,Logical,0,1,Yes,DBMS,Backend Developer
S3689,19,Male,93.37,95.31,95,100,58,77,66,38,78,95,7,6,3,6,3,4,Technical,Web,Analytical,1,4,No,Python,Quality Assurance Tester
S3690,21,Male,80.68,92.96,92,95,72,95,78,70,87,93,2,5,3,2,5,10,Technical,Cloud,Logical,0,4,No,DBMS,Cloud Operations Engineer
S3691,17,Male,81.24,73.28,51,80,70,76,79,69,72,95,7,1,7,2,1,2,Technical,AI-ML,Logical,3,3,No,Web,AI/ML Engineer Trainee
S3692,21,Male,69.32,81.44,58,40,93,72,83,49,95,98,1,8,7,5,7,5,Technical,Cloud,Logical,2,4,No,Statistics,Cloud Operations Engineer
S3693,19,Female,96.27,74.12,74,69,42,36,66,35,96,71,1,1,5,5,1,10,Technical,Cloud,Logical,0,0,No,DBMS,Cloud Operations Engineer
S3694,20,Female,53.25,72.25,94,80,78,73,72,74,76,92,2,1,9,2,6,1,Analytical,AI-ML,Analytical,2,2,No,Python,Junior Data Scientist
S3695,20,Male,80.72,62.28,72,87,86,76,70,80,86,80,8,3,2,3,1,10,Technical,Cloud,Logical,0,2,No,DBMS,Junior DevOps Engineer
S3696,22,Male,69.82,85.19,82,98,85,87,58,66,73,95,8,3,1,4,1,2,Technical,Web,Analytical,2,3,No,Python,Quality Assurance Tester
S3697,20,Female,68.73,63.23,71,93,52,79,35,73,73,93,7,1,3,3,1,1,Technical,Web,Analytical,1,2,No,Web,Quality Assurance Tester
S3698,21,Female,85.03,78.33,75,63,73,55,57,47,52,88,7,4,1,5,3,8,Technical,Web,Analytical,0,3,No,Web,Quality Assurance Tester
S3699,20,Female,73.89,74.36,76,93,75,97,71,59,70,93,6,7,1,1,10,1,Technical,Security,Logical,1,3,No,DBMS,Security Analyst Trainee
S3700,21,Male,78.46,87.23,62,65,47,59,65,72,72,86,1,2,6,3,1,7,Technical,AI-ML,Logical,2,2,No,Statistics,Junior ML Engineer
S3701,19,Female,69.1,71.55,85,100,95,68,62,53,56,100,10,3,3,7,1,5,Technical,Web,Logical,4,1,No,DBMS,Backend Developer
S3702,17,Male,78.16,93.78,83,91,64,99,46,35,50,71,3,5,10,2,7,4,Technical,Data,Logical,1,5,No,DBMS,Database Administrator
S3703,18,Female,74.77,96.0,80,69,92,94,47,39,50,68,5,4,1,2,4,10,Technical,Cloud,Logical,3,5,No,DBMS,Cloud Operations Engineer
S3704,22,Male,75.74,55.13,92,39,88,64,35,56,46,75,6,2,8,3,6,5,Analytical,AI-ML,Analytical,1,3,Yes,Statistics,Junior Data Scientist
S3705,19,Female,74.46,87.5,73,85,54,96,56,61,91,100,10,4,7,6,2,1,Technical,Web,Logical,6,3,No,Python,Full Stack Developer
S3706,18,Other,68.17,79.08,59,85,76,88,71,72,58,83,10,6,8,4,4,4,Technical,Web,Logical,2,6,No,Python,Backend Developer
S3707,20,Male,83.23,69.47,62,83,62,100,44,60,67,99,2,6,4,5,10,5,Technical,Security,Logical,2,2,No,DBMS,Security Analyst Trainee
S3708,18,Male,88.37,75.47,75,75,40,96,47,52,68,95,5,4,6,2,6,10,Technical,Cloud,Logical,1,3,No,Python,Junior DevOps Engineer
S3709,21,Female,80.72,75.22,90,70,47,90,44,69,70,96,9,7,4,7,7,3,Technical,Web,Logical,1,4,Yes,DBMS,Full Stack Developer
S3710,21,Female,63.34,74.75,77,49,72,74,97,64,75,87,2,10,1,3,3,7,Creative,Web,Creative,3,2,No,Web,UI/UX Designer
S3711,17,Male,77.13,66.23,91,75,87,74,73,71,84,100,4,2,6,2,4,10,Technical,Cloud,Logical,2,2,No,Python,Junior DevOps Engineer
S3712,18,Male,95.4,88.46,65,90,60,76,60,55,95,81,8,6,1,3,3,2,Technical,Web,Analytical,1,5,No,Web,Quality Assurance Tester
S3713,18,Female,80.26,78.94,86,73,75,100,54,73,86,86,10,1,1,3,3,8,Technical,Web,Logical,3,3,Yes,Python,Full Stack Developer
S3714,19,Male,75.24,85.52,77,72,85,91,53,61,100,77,2,5,5,6,5,10,Technical,Cloud,Logical,6,2,No,Python,Junior DevOps Engineer
S3715,18,Female,79.06,72.95,65,54,83,54,90,64,69,64,6,10,2,7,1,1,Creative,Web,Creative,2,2,No,Web,UI/UX Designer
S3716,17,Male,85.68,77.84,92,88,53,88,57,59,59,78,6,4,10,8,1,1,Technical,Data,Logical,2,3,No,DBMS,Database Administrator
S3717,18,Male,74.83,89.45,77,82,46,73,37,42,84,95,10,1,3,3,3,6,Technical,Web,Logical,3,3,No,DBMS,Backend Developer
S3718,18,Male,79.5,66.31,61,51,72,66,47,70,66,73,1,7,10,1,3,5,Technical,Data,Logical,4,3,Yes,Python,Database Administrator
S3719,18,Female,85.42,81.92,65,56,45,50,70,43,57,82,4,8,6,1,3,6,Technical,AI-ML,Logical,2,2,Yes,Math,Junior ML Engineer
S3720,19,Female,85.0,63.8,75,84,54,85,78,64,100,84,10,3,2,1,4,6,Technical,Web,Logical,4,2,No,Python,Backend Developer
S3721,19,Female,77.74,71.44,68,41,100,96,81,72,82,67,4,10,5,4,4,4,Creative,Web,Creative,2,5,No,Web,UI/UX Designer
S3722,17,Male,65.57,84.59,77,96,78,92,89,62,94,90,5,1,6,2,9,6,Technical,Security,Logical,2,3,No,DBMS,Security Analyst Trainee
S3723,18,Male,80.39,73.25,61,75,66,100,51,65,63,96,1,6,5,6,10,1,Technical,Security,Logical,1,1,No,DBMS,Security Analyst Trainee
S3724,19,Female,77.63,71.87,58,42,77,72,64,87,98,63,3,1,10,4,1,4,Management,AI-ML,Leader,1,2,No,Python,Junior Business Analyst
S3725,22,Female,75.75,69.51,64,80,88,75,37,56,70,69,3,1,10,2,5,7,Analytical,AI-ML,Analytical,3,5,Yes,Math,Junior Data Scientist
S3726,21,Female,84.84,70.94,57,62,77,46,95,60,90,62,6,10,1,1,6,1,Creative,Web,Creative,1,4,Yes,DBMS,UI/UX Designer
S3727,20,Male,83.58,83.64,81,45,68,58,92,42,48,79,2,10,3,6,1,4,Creative,Web,Creative,1,2,No,Web,Frontend Developer
S3728,20,Female,82.02,89.57,83,44,70,64,54,35,71,87,7,1,10,7,6,6,Analytical,Data,Analytical,2,4,No,Statistics,Associate Data Analyst
S3729,20,Female,70.16,71.09,56,70,88,84,73,47,48,67,5,1,10,4,5,4,Technical,Data,Logical,1,2,No,DBMS,Database Administrator
S3730,21,Female,87.46,80.29,85,81,87,78,35,64,51,86,2,6,8,1,5,6,Technical,Data,Logical,0,4,No,DBMS,Database Administrator
S3731,19,Female,74.75,75.29,84,100,53,92,48,55,64,74,10,4,4,8,6,1,Technical,Web,Logical,4,4,No,Python,Junior Web Developer
S3732,19,Male,86.41,85.06,63,43,47,50,71,35,56,72,1,4,10,2,6,4,Analytical,Data,Analytical,3,4,No,Statistics,Associate Data Analyst
S3733,19,Female,81.89,80.99,63,100,43,82,55,75,72,89,2,2,5,3,3,10,Technical,Cloud,Logical,3,2,No,DBMS,Cloud Operations Engineer
S3734,17,Male,77.11,80.48,100,48,71,70,49,57,78,94,3,2,10,2,3,1,Analytical,AI-ML,Analytical,1,5,No,Statistics,Junior Data Scientist
S3735,19,Female,75.71,71.0,71,66,67,56,69,59,92,75,10,4,2,7,3,7,Technical,Web,Analytical,2,4,No,Python,Quality Assurance Tester
S3736,19,Male,72.93,85.27,56,84,80,70,51,44,90,69,1,3,3,4,3,10,Technical,Cloud,Logical,1,4,Yes,Python,Junior DevOps Engineer
S3737,17,Male,74.71,88.98,86,94,86,100,47,43,73,73,10,4,2,4,6,4,Technical,AI-ML,Logical,3,1,No,Math,Junior ML Engineer
S3738,19,Female,79.85,95.06,87,100,72,96,38,60,71,78,1,2,9,7,1,2,Technical,Data,Logical,2,1,No,DBMS,Database Administrator
S3739,18,Female,86.0,67.25,80,100,62,76,74,35,93,71,5,5,9,3,4,1,Technical,Data,Logical,4,5,Yes,DBMS,Database Administrator
S3740,19,Female,73.74,79.28,90,89,55,92,72,52,65,90,7,4,8,4,1,3,Analytical,AI-ML,Analytical,1,10,Yes,Math,Junior Data Scientist
S3741,18,Male,65.35,70.24,74,96,86,76,35,44,66,75,5,4,2,4,10,4,Technical,Security,Logical,1,4,Yes,DBMS,Security Analyst Trainee
S3742,22,Female,75.36,74.76,47,55,96,85,63,87,93,55,1,4,4,5,3,3,Management,Data,Leader,0,5,No,DBMS,Junior Business Analyst
S3743,21,Female,87.04,66.46,54,57,71,49,98,48,98,74,8,5,1,8,7,2,Creative,Web,Creative,3,0,No,DBMS,Frontend Developer
S3744,22,Female,87.2,61.76,82,67,68,69,63,64,61,86,8,1,1,3,4,1,Technical,Web,Analytical,0,5,Yes,Python,Quality Assurance Tester
S3745,20,Male,99.0,77.26,94,75,74,100,55,58,77,87,3,1,2,5,4,10,Technical,Cloud,Logical,0,5,No,Python,Cloud Operations Engineer
S3746,22,Female,83.15,67.47,76,78,54,100,54,63,97,68,10,1,1,4,3,5,Technical,AI-ML,Logical,2,1,No,Python,Junior ML Engineer
S3747,20,Female,87.5,85.73,82,100,91,83,63,57,56,94,1,2,4,1,4,10,Technical,Cloud,Logical,6,4,Yes,Python,Cloud Operations Engineer
S3748,18,Female,74.79,58.77,68,86,73,65,38,86,71,94,10,2,2,6,4,5,Technical,Web,Logical,1,3,No,DBMS,Backend Developer
S3749,18,Female,77.55,67.46,55,63,95,73,45,48,68,95,4,5,7,6,1,1,Technical,Web,Logical,3,4,No,Math,Full Stack Developer
S3750,17,Female,77.52,75.88,79,45,75,64,93,69,97,63,3,10,1,4,4,1,Creative,Web,Creative,2,1,No,Web,Frontend Developer
S3751,20,Female,89.89,72.08,100,71,77,65,48,35,44,77,1,2,10,5,5,1,Technical,Data,Logical,0,6,Yes,DBMS,Database Administrator
S3752,18,Male,71.21,71.97,50,57,63,74,100,47,69,67,4,10,4,3,4,1,Creative,Web,Creative,3,2,No,Web,UI/UX Designer
S3753,22,Female,63.52,82.39,90,95,78,66,54,77,60,67,10,4,8,3,2,5,Technical,Web,Logical,1,2,No,Web,Junior Web Developer
S3754,19,Male,86.98,74.18,91,78,55,78,57,47,82,73,3,1,6,1,6,6,Technical,AI-ML,Logical,1,0,Yes,Python,AI/ML Engineer Trainee
S3755,22,Female,85.08,83.69,88,100,93,92,78,35,68,69,10,1,3,4,5,4,Technical,Web,Logical,2,5,No,Python,Junior Web Developer
S3756,21,Male,75.83,63.38,66,93,68,88,55,63,70,76,7,5,8,2,3,8,Technical,Cloud,Logical,2,2,No,DBMS,Cloud Operations Engineer
S3757,18,Male,81.33,88.62,100,99,49,89,65,54,92,90,8,1,1,7,5,1,Technical,Web,Logical,2,6,Yes,Python,Backend Developer
S3758,18,Male,88.29,80.53,76,100,73,79,46,73,73,85,3,5,8,5,2,5,Technical,AI-ML,Logical,1,7,Yes,Python,AI/ML Engineer Trainee
S3759,18,Male,65.04,71.07,96,95,93,100,56,44,89,91,10,8,3,2,4,6,Technical,Web,Logical,6,1,No,DBMS,Full Stack Developer
S3760,19,Female,88.69,81.03,65,100,72,99,69,59,94,97,5,2,3,4,10,5,Technical,Security,Logical,3,0,No,DBMS,Security Analyst Trainee
S3761,21,Female,86.25,94.02,74,81,61,68,91,48,74,79,5,8,2,4,10,4,Technical,Security,Logical,0,5,Yes,DBMS,Security Analyst Trainee
S3762,18,Male,89.49,83.75,55,94,52,78,67,66,67,100,9,1,1,3,2,6,Technical,Web,Logical,2,6,Yes,Python,Full Stack Developer
S3763,17,Female,82.21,70.67,92,94,50,88,73,45,73,68,7,6,3,3,2,3,Technical,AI-ML,Logical,1,5,No,Python,Junior ML Engineer
S3764,21,Female,77.29,74.58,44,43,51,51,58,49,83,73,4,8,6,1,1,7,Technical,Cloud,Logical,0,6,Yes,DBMS,Cloud Operations Engineer
S3765,22,Male,87.13,84.85,80,47,58,89,81,68,97,76,2,7,7,4,2,2,Analytical,AI-ML,Analytical,2,4,No,Math,Junior Data Scientist
S3766,18,Female,67.58,77.12,76,100,55,80,80,37,68,86,9,6,1,4,7,2,Technical,Web,Logical,4,2,Yes,Python,Full Stack Developer
S3767,18,Male,86.24,74.66,74,75,95,67,91,71,74,88,1,10,1,7,4,3,Creative,Web,Creative,0,5,No,Web,Frontend Developer
S3768,18,Male,79.31,74.06,67,85,80,76,81,54,77,99,10,2,7,5,4,5,Technical,Web,Analytical,1,6,No,Python,Quality Assurance Tester
S3769,18,Male,64.26,83.2,95,70,94,81,52,70,91,89,10,1,1,2,5,8,Technical,Web,Logical,3,2,No,Web,Full Stack Developer
S3770,22,Female,76.01,71.39,94,77,47,74,51,64,64,93,10,8,5,4,4,6,Technical,Web,Logical,1,5,Yes,DBMS,Full Stack Developer
S3771,19,Male,99.0,72.69,77,80,51,91,51,44,56,86,3,2,8,2,4,4,Technical,AI-ML,Logical,0,2,No,Python,AI/ML Engineer Trainee
S3772,19,Male,83.9,81.4,58,59,55,49,44,70,63,65,3,1,1,2,5,2,Analytical,AI-ML,Analytical,2,1,No,Python,Junior Data Scientist
S3773,22,Female,65.16,83.83,68,98,81,69,43,52,85,90,10,7,6,5,1,6,Technical,Web,Logical,0,6,Yes,Python,Backend Developer
S3774,21,Male,65.75,70.26,90,100,89,94,62,74,86,83,1,1,8,3,4,6,Technical,AI-ML,Logical,4,5,No,Python,AI/ML Engineer Trainee
S3775,21,Male,71.04,94.22,47,61,100,69,87,74,61,54,4,1,7,7,1,1,Management,Data,Leader,4,6,No,DBMS,Junior Business Analyst
S3776,18,Female,73.98,67.98,60,60,63,82,79,42,83,91,3,3,6,1,4,4,Analytical,AI-ML,Analytical,2,4,No,Statistics,Junior Data Scientist
S3777,19,Female,91.28,83.61,84,77,63,91,78,40,65,93,1,1,6,1,10,1,Technical,Security,Logical,4,7,Yes,DBMS,Security Analyst Trainee
S3778,18,Female,78.19,74.12,61,70,53,49,52,63,52,71,3,6,8,4,2,5,Analytical,Data,Analytical,2,2,Yes,DBMS,Associate Data Analyst
S3779,17,Male,86.78,89.21,83,49,63,75,86,80,84,81,7,3,5,10,3,5,Management,Data,Leader,1,2,Yes,Statistics,Junior Business Analyst
S3780,19,Female,87.27,63.92,67,59,73,43,95,55,89,56,4,7,1,4,3,1,Creative,Web,Creative,1,6,Yes,DBMS,UI/UX Designer
S3781,19,Female,82.35,88.11,47,60,63,65,95,47,80,65,1,6,2,4,3,2,Creative,Web,Creative,4,3,Yes,Python,UI/UX Designer
S3782,20,Female,77.22,82.83,58,45,69,68,79,42,66,67,6,6,1,1,6,5,Technical,Web,Logical,2,5,No,Statistics,Full Stack Developer
S3783,18,Male,75.89,69.74,77,100,54,82,48,80,83,94,7,3,2,5,3,6,Technical,AI-ML,Logical,3,2,Yes,Math,Junior ML Engineer
S3784,17,Male,79.39,67.53,100,80,91,73,59,74,97,98,7,2,2,5,4,4,Technical,AI-ML,Logical,2,3,Yes,Python,Junior ML Engineer
S3785,18,Female,82.72,64.19,57,99,90,77,59,54,62,100,8,2,5,3,2,1,Technical,AI-ML,Logical,4,3,No,Python,Junior ML Engineer
S3786,19,Female,88.13,78.53,77,71,80,99,38,79,94,70,10,3,2,2,4,5,Technical,Web,Logical,3,4,No,Python,Backend Developer
S3787,18,Female,72.5,83.84,67,99,70,85,50,80,59,93,8,3,1,1,3,4,Technical,AI-ML,Logical,0,4,No,Python,Junior ML Engineer
S3788,18,Other,85.78,90.43,96,73,56,95,49,73,87,78,4,3,7,2,7,4,Technical,AI-ML,Logical,2,1,No,Math,AI/ML Engineer Trainee
S3789,20,Female,80.36,82.68,92,75,99,70,45,54,59,71,3,5,5,1,10,1,Technical,Security,Logical,1,4,No,DBMS,Security Analyst Trainee
S3790,17,Male,92.2,91.97,91,74,73,68,51,57,84,77,10,1,6,4,3,5,Technical,Web,Logical,1,5,No,DBMS,Backend Developer
S3791,22,Female,77.48,69.15,54,82,90,77,79,53,49,97,5,1,2,6,10,6,Technical,Security,Logical,0,6,Yes,DBMS,Security Analyst Trainee
S3792,20,Male,84.71,79.58,85,73,84,78,91,76,84,100,10,4,1,3,5,5,Technical,Web,Logical,0,3,No,DBMS,Full Stack Developer
S3793,23,Male,89.8,61.15,58,96,87,85,63,38,72,84,10,5,1,3,6,3,Technical,Web,Logical,3,3,No,Web,Junior Web Developer
S3794,22,Male,81.58,83.4,66,47,48,76,94,53,71,77,2,10,2,5,1,3,Creative,Web,Creative,0,4,No,Web,Frontend Developer
S3795,19,Male,68.77,82.72,88,79,84,88,42,61,89,80,1,1,6,2,4,10,Technical,Cloud,Logical,7,0,No,Python,Junior DevOps Engineer
S3796,20,Female,84.62,76.64,52,71,86,67,53,40,75,100,4,5,4,5,1,1,Technical,Web,Logical,4,4,No,Math,Full Stack Developer
S3797,21,Female,72.81,81.03,64,73,72,100,56,45,54,83,10,5,3,2,1,7,Technical,Web,Logical,2,5,Yes,Python,Full Stack Developer
S3798,19,Female,74.1,76.44,87,53,89,88,53,52,85,79,5,2,7,4,4,2,Analytical,Data,Analytical,1,3,No,DBMS,Associate Data Analyst
S3799,18,Male,77.28,75.22,83,100,63,82,47,39,57,79,10,1,6,1,4,3,Technical,Web,Logical,1,2,No,Python,Backend Developer
S3800,21,Female,74.16,67.98,76,76,69,80,35,35,77,79,10,3,6,5,5,7,Technical,Web,Logical,2,2,Yes,Python,Backend Developer
S3801,19,Male,90.04,83.81,76,81,51,69,36,35,79,90,4,2,8,5,6,4,Technical,AI-ML,Logical,4,5,No,Math,AI/ML Engineer Trainee
S3802,22,Female,74.89,82.81,65,61,88,51,64,51,65,100,4,3,1,7,8,5,Analytical,AI-ML,Analytical,2,6,Yes,DBMS,Junior Data Scientist
S3803,19,Female,83.24,88.15,73,70,77,62,88,81,66,69,3,3,5,9,7,6,Management,Data,Leader,2,5,Yes,DBMS,Junior Business Analyst
S3804,19,Female,74.29,81.98,60,53,85,70,44,42,50,100,8,6,5,2,7,3,Technical,AI-ML,Logical,0,4,No,Python,Junior ML Engineer
S3805,22,Male,68.45,76.17,80,100,84,90,64,67,81,91,5,2,5,2,6,6,Technical,AI-ML,Logical,4,5,No,Python,AI/ML Engineer Trainee
S3806,18,Female,88.21,64.94,99,62,82,76,46,49,51,82,4,2,10,4,2,3,Technical,Data,Logical,1,8,Yes,DBMS,Database Administrator
S3807,21,Male,72.7,87.98,60,49,62,45,70,51,96,78,7,5,3,1,3,5,Technical,Web,Logical,2,8,Yes,Python,Junior Web Developer
S3808,19,Female,75.72,99.0,79,75,70,75,93,52,81,87,5,10,7,4,3,4,Creative,Web,Creative,1,3,No,Web,Frontend Developer
S3809,19,Male,67.4,63.42,45,62,55,78,93,61,77,65,1,10,2,7,7,3,Creative,Web,Creative,2,5,Yes,Web,Frontend Developer
S3810,17,Female,92.64,78.3,61,70,84,61,40,89,67,89,5,6,6,10,6,4,Management,Data,Leader,3,2,No,DBMS,Junior Business Analyst
S3811,21,Female,74.83,72.04,93,62,78,82,74,60,49,68,7,4,1,4,2,1,Technical,Web,Analytical,0,3,No,Python,Quality Assurance Tester
S3812,18,Male,79.17,77.56,80,100,69,79,73,38,76,76,7,2,4,7,3,1,Technical,AI-ML,Logical,2,5,Yes,Math,Junior ML Engineer
S3813,21,Female,63.65,98.21,100,79,45,80,78,81,52,98,4,4,7,3,2,4,Analytical,AI-ML,Analytical,3,5,No,Math,Junior Data Scientist
S3814,23,Male,74.03,74.52,49,58,65,75,83,67,76,59,2,10,1,7,3,5,Creative,Web,Creative,2,1,Yes,Web,UI/UX Designer
S3815,19,Female,73.49,77.32,87,61,78,81,52,64,92,80,3,3,10,1,2,1,Analytical,Data,Analytical,0,2,No,DBMS,Associate Data Analyst
S3816,18,Male,82.43,73.9,72,91,54,84,86,35,45,96,3,4,2,2,3,9,Technical,Cloud,Logical,0,2,No,DBMS,Junior DevOps Engineer
S3817,18,Male,81.46,77.46,79,72,77,72,69,73,92,98,2,1,10,3,2,4,Analytical,Data,Analytical,2,2,No,Statistics,Associate Data Analyst
S3818,21,Male,92.41,70.44,54,46,83,56,52,94,42,81,2,1,7,4,7,1,Management,Web,Leader,0,0,No,Python,Junior Business Analyst
S3819,19,Male,80.98,76.29,72,60,63,52,66,58,94,90,1,3,7,6,5,6,Technical,Cloud,Logical,5,2,No,Math,Junior DevOps Engineer
S3820,20,Female,96.26,91.88,88,79,43,93,43,44,70,79,10,1,3,1,2,5,Technical,Web,Logical,2,2,No,Web,Junior Web Developer
S3821,19,Female,75.01,77.47,99,90,72,83,51,42,62,72,6,1,8,2,1,4,Technical,AI-ML,Logical,2,5,No,Math,AI/ML Engineer Trainee
S3822,17,Male,58.91,87.73,97,100,85,91,37,76,82,86,4,1,1,1,8,10,Technical,Cloud,Logical,3,2,No,DBMS,Cloud Operations Engineer
S3823,19,Female,84.69,84.36,66,66,61,65,56,50,74,91,3,2,8,5,6,6,Analytical,AI-ML,Analytical,2,5,Yes,Math,Junior Data Scientist
S3824,18,Male,93.98,86.03,89,75,64,64,53,50,85,77,10,3,4,5,5,4,Technical,Web,Logical,0,3,No,DBMS,Backend Developer
S3825,21,Male,74.32,76.65,63,92,59,59,84,51,60,91,10,6,5,5,1,1,Technical,Web,Analytical,1,3,No,Python,Quality Assurance Tester
S3826,20,Other,88.58,79.5,50,55,50,62,100,35,66,58,6,10,3,3,4,7,Creative,Web,Creative,0,8,Yes,Web,UI/UX Designer
S3827,18,Male,73.03,70.44,60,38,86,63,42,75,70,62,8,4,5,9,4,2,Management,Data,Leader,4,4,No,DBMS,Junior Business Analyst
S3828,18,Female,80.75,79.84,83,74,42,76,61,49,72,84,10,2,5,5,1,6,Technical,Web,Logical,1,4,No,Python,Junior Web Developer
S3829,18,Male,75.53,81.83,92,94,77,67,83,59,55,83,6,1,10,1,1,5,Technical,Data,Logical,4,6,Yes,DBMS,Database Administrator
S3830,20,Male,72.05,69.44,67,100,61,69,63,43,47,91,9,5,4,5,3,1,Technical,Web,Analytical,3,2,No,Web,Quality Assurance Tester
S3831,22,Male,64.83,65.18,80,72,98,95,49,66,88,92,10,3,2,6,6,5,Technical,Web,Analytical,4,3,Yes,Web,Quality Assurance Tester
S3832,18,Male,84.76,71.25,60,52,57,59,49,72,43,84,1,5,3,2,5,7,Technical,Cloud,Logical,3,3,Yes,Web,Cloud Operations Engineer
S3833,20,Male,77.69,64.9,72,80,54,71,98,60,71,82,1,9,2,5,1,1,Creative,Web,Creative,0,4,No,Web,Frontend Developer
S3834,18,Male,79.17,76.46,99,69,58,100,87,70,62,100,10,1,2,4,6,4,Technical,AI-ML,Logical,0,4,No,Python,Junior ML Engineer
S3835,22,Male,82.94,78.79,67,92,91,95,73,54,86,82,5,1,3,3,8,5,Technical,Web,Analytical,2,4,No,Python,Quality Assurance Tester
S3836,20,Female,97.67,69.94,80,90,77,81,61,35,63,100,8,6,2,3,7,1,Technical,Web,Logical,6,2,Yes,Python,Backend Developer
S3837,23,Male,87.24,84.48,100,76,75,52,45,66,47,82,7,3,5,1,7,2,Technical,Web,Analytical,1,5,No,Web,Quality Assurance Tester
S3838,21,Male,79.84,88.63,79,93,45,91,35,35,92,98,10,2,3,4,8,1,Technical,Web,Logical,1,2,Yes,Python,Backend Developer
S3839,21,Male,85.14,79.29,74,64,44,56,68,45,48,92,5,6,6,1,1,4,Analytical,Web,Analytical,0,8,Yes,Statistics,Associate Data Analyst
S3840,20,Male,69.44,85.23,95,88,45,98,74,48,93,93,10,4,3,6,3,7,Technical,Web,Logical,3,2,No,Web,Full Stack Developer
S3841,20,Female,86.14,81.57,82,80,60,93,76,56,100,85,5,6,1,6,1,10,Technical,Cloud,Logical,4,4,No,Python,Junior DevOps Engineer
S3842,18,Female,81.27,91.75,56,65,79,65,100,55,78,61,5,8,5,4,3,5,Creative,Web,Creative,5,1,Yes,Python,UI/UX Designer
S3843,22,Female,75.19,79.48,58,82,73,60,74,74,83,70,3,2,5,7,1,5,Management,Data,Leader,4,7,Yes,Statistics,Junior Business Analyst
S3844,18,Female,73.79,72.99,89,86,57,83,58,41,56,80,4,4,7,2,1,2,Technical,AI-ML,Logical,3,3,No,Math,AI/ML Engineer Trainee
S3845,22,Female,64.51,75.11,79,82,78,76,72,81,60,83,9,1,5,4,5,2,Technical,Web,Analytical,3,7,Yes,Web,Quality Assurance Tester
S3846,18,Other,88.17,82.98,65,95,82,96,48,60,89,100,7,2,4,5,7,5,Technical,AI-ML,Logical,1,1,No,Python,Junior ML Engineer
S3847,18,Other,83.86,56.17,90,58,72,71,35,77,68,65,4,4,4,2,5,10,Technical,Cloud,Logical,1,6,Yes,DBMS,Junior DevOps Engineer
S3848,22,Female,79.33,83.16,69,58,90,59,65,48,65,100,3,4,1,5,4,5,Analytical,AI-ML,Analytical,0,4,Yes,DBMS,Junior Data Scientist
S3849,18,Female,76.25,82.26,94,79,51,53,77,42,65,81,2,4,10,1,1,4,Analytical,Data,Analytical,0,2,Yes,DBMS,Associate Data Analyst
S3850,17,Male,78.53,84.91,59,66,86,76,82,35,63,82,6,10,3,2,5,1,Creative,Web,Creative,0,5,Yes,Web,Frontend Developer
S3851,18,Female,85.15,84.26,58,100,75,93,66,62,84,86,4,4,3,1,10,4,Technical,Security,Logical,2,0,No,DBMS,Security Analyst Trainee
S3852,19,Female,76.91,92.75,94,93,87,92,77,76,91,95,2,7,1,3,3,9,Technical,Cloud,Logical,2,1,No,Python,Cloud Operations Engineer
S3853,20,Female,88.76,71.75,68,50,76,48,79,64,86,80,5,7,3,2,1,5,Technical,AI-ML,Logical,2,1,No,Python,Junior ML Engineer
S3854,20,Male,74.78,70.02,86,100,41,100,51,49,79,96,10,2,2,6,1,3,Technical,Web,Logical,0,4,No,Python,Full Stack Developer
S3855,20,Female,64.5,73.13,76,100,54,87,85,48,68,87,10,5,3,4,5,4,Technical,Web,Logical,4,2,Yes,Python,Full Stack Developer
S3856,18,Female,77.76,85.75,100,81,44,79,58,50,90,100,6,2,8,5,3,5,Analytical,AI-ML,Analytical,1,8,Yes,Python,Junior Data Scientist
S3857,22,Female,78.71,81.66,78,94,99,84,65,35,93,96,4,4,10,7,2,4,Technical,Data,Logical,2,3,Yes,DBMS,Database Administrator
S3858,22,Female,77.47,71.68,54,87,75,80,86,52,49,100,2,2,1,5,10,6,Technical,Security,Logical,0,6,Yes,DBMS,Security Analyst Trainee
S3859,17,Male,80.48,78.04,60,100,75,77,68,69,94,86,10,2,4,3,1,7,Technical,Web,Logical,2,4,Yes,Python,Junior Web Developer
S3860,20,Female,80.38,81.73,77,100,88,86,82,62,51,80,9,5,4,1,2,4,Technical,AI-ML,Logical,3,2,Yes,Math,Junior ML Engineer
S3861,19,Female,96.2,90.96,75,47,78,66,83,74,66,53,6,1,4,8,4,1,Management,Data,Leader,2,1,No,Statistics,Junior Business Analyst
S3862,18,Male,76.57,80.46,82,96,63,92,35,41,46,71,9,1,5,1,1,1,Technical,Web,Logical,0,1,No,Python,Backend Developer
S3863,21,Male,67.0,61.39,60,82,70,100,77,56,65,97,10,6,5,7,6,6,Technical,Web,Logical,0,4,Yes,Web,Junior Web Developer
S3864,18,Female,80.08,60.14,70,84,77,95,51,64,66,95,7,5,5,7,4,7,Technical,Web,Analytical,5,1,No,Web,Quality Assurance Tester
S3865,19,Male,76.2,80.39,73,90,44,99,92,57,56,81,8,3,9,5,3,5,Technical,Data,Logical,3,3,No,DBMS,Database Administrator
S3866,20,Female,80.81,69.25,68,90,57,71,40,65,49,75,5,8,3,4,4,8,Technical,Web,Analytical,4,6,No,Web,Quality Assurance Tester
S3867,20,Male,89.95,87.93,72,100,50,74,62,41,64,86,8,3,10,7,1,4,Technical,AI-ML,Logical,2,5,No,Python,AI/ML Engineer Trainee
S3868,18,Male,70.16,73.12,68,76,78,58,80,74,67,85,4,2,7,9,2,2,Management,Data,Leader,6,5,Yes,Statistics,Junior Business Analyst
S3869,20,Female,74.92,86.48,98,92,60,83,36,38,92,92,9,2,5,1,3,1,Technical,Web,Analytical,2,1,No,Python,Quality Assurance Tester
S3870,18,Male,76.08,68.82,100,70,47,78,60,54,75,89,5,1,3,6,1,3,Technical,AI-ML,Logical,0,3,No,Math,Junior ML Engineer
S3871,18,Female,76.39,72.14,60,68,70,75,80,43,78,100,4,5,6,2,4,6,Analytical,AI-ML,Analytical,2,1,No,Statistics,Junior Data Scientist
S3872,18,Female,72.22,75.84,89,51,77,86,49,53,77,83,4,3,8,4,1,4,Analytical,Data,Analytical,1,4,No,DBMS,Associate Data Analyst
S3873,18,Female,80.38,89.03,99,92,90,85,60,48,69,97,10,4,1,4,5,4,Technical,Web,Logical,3,3,No,Web,Junior Web Developer
S3874,20,Male,94.87,71.22,90,85,59,64,60,64,65,72,9,7,3,6,7,1,Technical,Web,Logical,5,3,No,DBMS,Backend Developer
S3875,17,Male,76.71,73.0,62,69,88,57,68,65,78,76,5,3,8,6,1,1,Analytical,AI-ML,Analytical,4,3,No,Python,Junior Data Scientist
S3876,21,Male,81.46,75.29,100,67,59,66,56,68,93,93,4,1,9,1,1,5,Analytical,Data,Analytical,4,3,No,DBMS,Associate Data Analyst
S3877,22,Male,61.28,74.08,89,100,81,92,58,69,84,89,2,1,7,1,5,2,Technical,AI-ML,Logical,3,6,No,Python,AI/ML Engineer Trainee
S3878,21,Female,78.79,66.74,84,97,98,70,53,70,56,78,10,3,1,5,1,3,Technical,Web,Logical,0,2,Yes,Web,Junior Web Developer
S3879,21,Male,78.1,83.63,55,100,71,96,48,70,77,91,10,7,3,1,5,4,Technical,Web,Logical,1,5,Yes,Web,Full Stack Developer
S3880,17,Female,89.66,70.64,89,70,52,82,36,75,69,73,4,1,5,1,1,10,Technical,Cloud,Logical,3,0,No,DBMS,Cloud Operations Engineer
S3881,22,Female,73.9,75.33,81,76,52,86,63,35,69,69,6,3,6,3,7,2,Analytical,AI-ML,Analytical,0,2,No,Math,Junior Data Scientist
S3882,18,Female,71.0,76.89,92,97,85,71,69,50,85,78,10,3,1,3,6,7,Technical,Web,Logical,1,5,No,Python,Full Stack Developer
S3883,19,Female,78.0,86.97,65,88,96,64,73,62,88,87,9,7,1,1,3,4,Technical,Web,Analytical,1,3,No,Python,Quality Assurance Tester
S3884,19,Male,88.2,73.49,45,81,67,50,91,35,58,78,4,10,1,2,2,2,Creative,Web,Creative,1,1,Yes,Web,UI/UX Designer
S3885,21,Female,87.92,73.44,86,69,86,97,100,45,100,79,5,8,1,4,7,1,Creative,Web,Creative,1,0,No,Web,UI/UX Designer
S3886,18,Male,80.03,69.49,65,87,60,95,47,58,77,85,3,4,5,6,8,5,Technical,Security,Logical,2,3,No,DBMS,Security Analyst Trainee
S3887,21,Male,86.71,79.1,100,59,66,73,47,66,93,95,1,3,10,3,4,4,Analytical,Data,Analytical,2,4,No,DBMS,Associate Data Analyst
S3888,20,Female,68.77,73.37,85,69,73,72,88,35,56,100,3,5,3,5,10,5,Technical,Security,Logical,0,6,Yes,DBMS,Security Analyst Trainee
S3889,20,Male,76.04,75.05,73,96,58,58,83,47,60,77,8,6,5,5,2,1,Technical,Web,Analytical,2,4,No,Python,Quality Assurance Tester
S3890,20,Female,75.62,75.68,82,88,46,96,49,66,54,65,10,2,7,8,6,1,Technical,Web,Logical,3,4,No,Python,Junior Web Developer
S3891,18,Male,83.14,71.91,100,80,67,87,74,73,63,74,7,1,10,4,1,1,Analytical,Data,Analytical,4,1,No,DBMS,Associate Data Analyst
S3892,21,Male,82.82,74.88,51,56,87,68,43,78,96,73,7,1,8,8,1,4,Management,Data,Leader,2,5,No,DBMS,Junior Business Analyst
S3893,21,Male,94.65,89.67,96,88,78,89,68,35,88,68,6,2,2,4,1,10,Technical,Cloud,Logical,0,0,No,Python,Cloud Operations Engineer
S3894,18,Male,64.91,83.0,98,92,75,87,36,73,80,77,1,1,1,2,4,10,Technical,Cloud,Logical,4,3,No,DBMS,Cloud Operations Engineer
S3895,19,Male,68.84,69.08,49,54,73,62,81,63,90,77,3,3,4,6,2,4,Creative,Web,Creative,4,2,No,DBMS,UI/UX Designer
S3896,21,Male,70.73,72.32,100,81,71,85,45,45,89,83,8,4,3,5,1,5,Technical,AI-ML,Logical,2,2,No,Python,Junior ML Engineer
S3897,22,Female,91.64,79.36,88,76,67,56,95,44,76,95,2,10,6,3,8,7,Creative,Web,Creative,2,4,No,Web,Frontend Developer
S3898,21,Female,88.65,72.17,73,75,61,81,78,58,80,88,6,1,10,5,5,5,Technical,AI-ML,Logical,0,1,No,Math,AI/ML Engineer Trainee
S3899,22,Male,79.49,89.24,83,83,68,100,45,35,82,88,1,6,10,4,7,1,Technical,AI-ML,Logical,2,2,No,Math,AI/ML Engineer Trainee
S3900,18,Female,87.48,74.33,72,63,52,39,69,35,100,84,1,1,3,6,1,9,Technical,Cloud,Logical,0,3,No,DBMS,Cloud Operations Engineer
S3901,20,Male,85.17,84.31,94,75,73,83,83,73,95,76,2,2,10,2,5,3,Technical,Data,Logical,1,2,No,DBMS,Database Administrator
S3902,21,Female,93.79,76.99,67,93,66,89,54,35,64,71,1,1,10,1,2,3,Technical,Data,Logical,2,2,Yes,DBMS,Database Administrator
S3903,19,Male,99.0,73.29,78,98,96,71,35,72,66,92,10,2,1,3,3,5,Technical,Web,Analytical,1,3,No,Python,Quality Assurance Tester
S3904,19,Other,99.0,58.81,69,94,88,82,39,79,100,87,9,5,7,3,2,1,Technical,Web,Analytical,0,5,Yes,Python,Quality Assurance Tester
S3905,17,Male,78.62,75.95,90,89,47,86,57,65,65,73,3,1,10,5,2,1,Technical,Data,Logical,2,5,No,DBMS,Database Administrator
S3906,20,Male,75.42,95.76,83,63,100,74,87,40,83,79,3,10,3,4,4,3,Creative,Web,Creative,2,5,No,Web,UI/UX Designer
S3907,21,Male,69.19,76.41,45,58,96,53,35,35,77,82,4,5,7,2,2,3,Analytical,AI-ML,Analytical,1,3,Yes,Web,Associate Data Analyst
S3908,21,Male,92.11,87.61,70,62,45,100,71,35,64,87,1,1,9,2,2,3,Analytical,AI-ML,Analytical,1,3,No,Math,Junior Data Scientist
S3909,20,Female,77.11,91.11,87,81,54,74,36,41,80,99,10,1,6,1,4,1,Technical,Web,Analytical,1,4,No,Python,Quality Assurance Tester
S3910,19,Male,79.51,82.16,85,81,56,88,78,52,79,74,10,3,4,2,2,5,Technical,Web,Logical,2,4,Yes,Web,Full Stack Developer
S3911,19,Female,66.95,78.18,62,58,54,60,88,50,100,78,4,3,7,1,5,6,Technical,Cloud,Logical,2,1,No,Statistics,Cloud Operations Engineer
S3912,18,Female,73.74,72.45,95,100,84,97,87,55,52,78,10,1,4,4,3,3,Technical,AI-ML,Logical,3,4,Yes,Python,Junior ML Engineer
S3913,21,Female,97.42,89.39,85,41,61,76,91,68,59,61,5,10,6,1,3,3,Creative,Web,Creative,2,1,No,Web,UI/UX Designer
S3914,21,Female,68.68,69.46,100,63,80,85,44,40,92,96,3,1,10,1,1,1,Analytical,Data,Analytical,1,8,Yes,DBMS,Associate Data Analyst
S3915,23,Female,77.42,78.61,55,49,53,51,52,54,78,68,4,5,7,1,4,10,Technical,Cloud,Logical,1,6,Yes,DBMS,Cloud Operations Engineer
S3916,19,Female,76.37,78.88,82,100,71,100,64,53,73,97,5,3,4,6,3,3,Technical,AI-ML,Logical,4,5,Yes,Python,Junior ML Engineer
S3917,17,Male,78.05,99.0,86,60,41,77,57,67,84,94,7,6,2,5,4,4,Technical,Web,Analytical,0,2,No,Python,Quality Assurance Tester
S3918,18,Other,76.06,96.43,96,65,54,91,77,35,95,64,8,4,7,5,1,5,Technical,Web,Logical,2,1,No,DBMS,Full Stack Developer
S3919,24,Male,74.26,74.85,85,74,72,68,96,53,62,62,1,10,1,5,3,1,Creative,Web,Creative,4,2,No,Web,Frontend Developer
S3920,22,Male,83.85,80.74,82,49,92,75,47,100,54,80,2,2,9,10,3,4,Management,Data,Leader,2,3,No,Statistics,Junior Business Analyst
S3921,20,Female,83.9,71.25,100,77,99,74,38,64,50,77,6,3,5,7,5,10,Technical,Cloud,Logical,2,4,Yes,Python,Cloud Operations Engineer
S3922,22,Female,79.9,65.47,70,100,76,80,49,47,68,94,10,1,3,2,6,5,Technical,Web,Logical,2,1,Yes,DBMS,Backend Developer
S3923,19,Male,82.75,81.1,57,47,56,65,40,47,97,82,5,5,4,4,5,5,Analytical,Web,Analytical,5,2,No,DBMS,Associate Data Analyst
S3924,18,Female,99.0,86.8,80,62,63,74,87,86,55,49,5,2,5,10,2,1,Management,Data,Leader,4,4,No,Statistics,Junior Business Analyst
S3925,20,Female,90.52,73.89,68,88,65,90,50,42,78,80,1,1,10,2,1,5,Technical,Data,Logical,0,0,Yes,DBMS,Database Administrator
S3926,21,Male,88.86,63.92,91,50,91,82,35,60,70,74,1,4,10,1,5,2,Analytical,AI-ML,Analytical,3,2,No,Math,Junior Data Scientist
S3927,17,Female,71.46,60.73,64,64,56,56,73,54,83,78,5,5,6,7,1,6,Technical,Web,Analytical,1,2,No,Web,Quality Assurance Tester
S3928,22,Male,86.23,80.66,100,56,64,64,53,71,96,95,4,4,10,3,2,1,Analytical,Data,Analytical,4,2,No,DBMS,Associate Data Analyst
S3929,18,Female,83.87,80.66,94,76,72,79,38,58,87,80,6,2,3,4,6,10,Technical,Cloud,Logical,3,6,No,Python,Junior DevOps Engineer
S3930,23,Male,93.02,76.14,82,63,83,100,62,73,73,78,3,1,4,1,10,3,Technical,Security,Logical,3,6,No,DBMS,Security Analyst Trainee
S3931,21,Male,83.43,81.83,77,86,91,96,69,52,88,88,7,1,4,3,8,4,Technical,Web,Analytical,2,1,No,Python,Quality Assurance Tester
S3932,21,Female,71.27,76.36,81,96,96,76,53,62,70,70,9,1,3,7,7,1,Technical,Web,Analytical,3,3,No,Python,Quality Assurance Tester
S3933,19,Female,61.35,72.83,94,55,63,93,75,73,50,90,3,1,8,7,7,5,Analytical,AI-ML,Analytical,0,3,No,Math,Junior Data Scientist
S3934,23,Male,69.22,79.82,64,70,61,64,81,55,95,64,4,6,1,4,6,1,Technical,Security,Logical,4,2,No,Python,Security Analyst Trainee
S3935,18,Male,74.31,68.07,77,100,53,74,55,72,45,74,9,4,8,7,5,1,Technical,Web,Logical,0,5,No,Python,Full Stack Developer
S3936,22,Female,83.82,82.3,75,52,67,78,55,35,78,88,4,1,10,4,4,7,Analytical,Data,Analytical,2,1,No,Statistics,Associate Data Analyst
S3937,20,Male,85.86,89.92,56,73,88,83,57,48,100,96,1,3,6,3,10,4,Technical,Security,Logical,0,2,No,DBMS,Security Analyst Trainee
S3938,18,Female,77.85,71.56,76,82,76,83,49,35,58,86,10,2,6,3,1,3,Technical,Web,Logical,4,1,No,Python,Full Stack Developer
S3939,22,Female,75.29,84.33,79,76,89,82,73,59,87,76,6,3,3,2,3,1,Technical,AI-ML,Logical,0,5,Yes,Math,Junior ML Engineer
S3940,20,Female,66.7,72.53,75,92,77,85,73,38,54,83,5,8,3,8,4,10,Technical,Cloud,Logical,1,3,Yes,Python,Cloud Operations Engineer
S3941,20,Male,87.5,74.03,85,100,84,62,59,59,68,100,10,6,7,6,2,4,Technical,Web,Logical,1,1,Yes,DBMS,Backend Developer
S3942,17,Male,81.67,86.62,83,56,76,68,83,81,86,71,7,5,3,9,3,4,Management,Data,Leader,0,1,Yes,Statistics,Junior Business Analyst
S3943,21,Female,87.82,65.93,74,100,69,81,43,57,66,94,10,1,3,2,7,4,Technical,Web,Logical,2,2,Yes,DBMS,Backend Developer
S3944,17,Female,83.82,87.92,93,87,95,97,35,78,66,81,10,8,1,7,2,1,Technical,Web,Logical,1,6,No,Web,Junior Web Developer
S3945,22,Other,76.37,90.5,100,88,58,81,70,48,57,89,1,5,8,1,1,9,Technical,Cloud,Logical,2,5,No,DBMS,Cloud Operations Engineer
S3946,20,Male,95.62,60.89,72,100,63,77,53,63,74,84,10,7,5,6,1,1,Technical,Web,Logical,5,1,Yes,DBMS,Full Stack Developer
S3947,19,Female,70.97,97.61,86,86,40,72,61,36,99,89,1,6,9,1,5,2,Technical,AI-ML,Logical,2,3,No,Math,AI/ML Engineer Trainee
S3948,17,Male,70.97,87.11,48,74,100,63,35,52,79,81,3,2,1,7,5,5,Analytical,AI-ML,Analytical,2,3,No,Python,Junior Data Scientist
S3949,23,Female,90.9,76.89,72,83,71,88,81,68,64,92,1,3,10,4,3,7,Technical,Data,Logical,2,4,No,DBMS,Database Administrator
S3950,17,Male,84.48,85.1,67,79,86,78,93,35,75,92,3,10,3,3,4,2,Creative,Web,Creative,1,6,Yes,Web,Frontend Developer
S3951,20,Male,86.96,74.85,92,68,46,79,57,41,83,70,1,7,1,1,1,10,Technical,Cloud,Logical,3,4,No,Python,Junior DevOps Engineer
S3952,19,Female,93.74,68.03,73,64,98,84,100,51,100,68,7,10,1,3,6,1,Creative,Web,Creative,3,2,No,Web,UI/UX Designer
S3953,22,Female,73.31,62.92,68,96,70,94,59,48,75,68,1,2,10,1,6,3,Technical,AI-ML,Logical,1,4,No,Math,AI/ML Engineer Trainee
S3954,22,Female,73.47,79.2,77,74,59,48,86,64,66,89,10,1,1,5,2,2,Technical,Web,Analytical,2,6,Yes,Python,Quality Assurance Tester
S3955,17,Female,93.49,77.9,76,68,41,78,59,65,81,76,7,2,1,7,1,10,Technical,Cloud,Logical,2,5,No,Python,Cloud Operations Engineer
S3956,18,Other,64.69,98.03,68,72,75,84,53,61,84,95,4,1,6,1,1,10,Technical,Cloud,Logical,2,5,No,Python,Junior DevOps Engineer
S3957,17,Female,85.6,86.31,87,100,70,72,79,37,62,79,9,2,3,5,6,1,Technical,Web,Logical,6,7,Yes,DBMS,Backend Developer
S3958,21,Male,66.92,88.76,83,90,78,55,85,46,62,82,6,2,8,2,1,1,Analytical,AI-ML,Analytical,3,5,No,Statistics,Junior Data Scientist
S3959,17,Female,76.95,65.02,95,69,75,100,50,62,82,75,7,4,8,4,9,4,Technical,Security,Logical,1,3,No,DBMS,Security Analyst Trainee
S3960,19,Female,82.66,76.37,91,100,82,100,74,72,62,92,10,2,1,2,1,8,Technical,AI-ML,Logical,2,3,No,Math,Junior ML Engineer
S3961,19,Female,66.75,64.78,52,63,77,62,78,35,94,64,4,10,1,1,4,4,Creative,Web,Creative,1,4,No,Web,Frontend Developer
S3962,21,Male,74.47,81.14,76,60,39,58,100,60,97,75,2,9,4,5,2,7,Creative,Web,Creative,1,4,No,Web,Frontend Developer
S3963,17,Male,80.99,76.65,51,78,62,79,78,62,73,81,4,1,5,2,1,3,Technical,AI-ML,Logical,3,3,No,Web,AI/ML Engineer Trainee
S3964,18,Male,80.22,62.44,56,74,62,72,95,40,76,81,1,10,3,4,5,2,Creative,Web,Creative,1,3,No,Web,UI/UX Designer
S3965,22,Male,85.22,74.68,89,52,79,56,88,44,58,84,4,10,5,7,2,2,Creative,Web,Creative,0,5,No,Web,Frontend Developer
S3966,21,Female,81.44,72.64,44,67,65,57,96,37,55,84,5,9,4,4,3,1,Creative,Web,Creative,3,6,Yes,Web,Frontend Developer
S3967,19,Female,93.62,63.47,66,65,71,100,75,53,100,91,9,4,2,6,1,2,Technical,Web,Logical,2,0,No,Web,Junior Web Developer
S3968,19,Female,79.38,83.55,56,96,74,91,74,81,76,95,10,7,6,4,5,3,Technical,AI-ML,Logical,0,0,Yes,Math,Junior ML Engineer
S3969,21,Male,63.78,91.29,89,89,58,65,35,37,95,93,7,1,3,3,4,2,Technical,Web,Analytical,0,1,Yes,Web,Quality Assurance Tester
S3970,19,Male,75.57,99.0,52,66,62,48,76,68,54,79,1,1,3,7,6,7,Technical,Security,Logical,3,5,No,Statistics,Security Analyst Trainee
S3971,20,Female,80.11,83.9,66,59,89,63,68,45,54,100,1,4,1,7,6,5,Analytical,AI-ML,Analytical,1,5,Yes,DBMS,Junior Data Scientist
S3972,21,Female,69.6,80.9,58,45,52,72,88,46,91,87,6,2,6,3,2,9,Technical,Cloud,Logical,2,3,No,Statistics,Cloud Operations Engineer
S3973,19,Female,91.98,78.86,89,95,70,90,63,35,100,75,5,3,1,4,3,10,Technical,Cloud,Logical,1,3,No,DBMS,Cloud Operations Engineer
S3974,18,Female,66.78,75.47,77,86,47,80,85,46,75,90,10,3,3,4,3,4,Technical,Web,Logical,4,0,Yes,Python,Full Stack Developer
S3975,19,Male,59.85,81.39,75,77,96,68,61,39,59,94,2,4,2,5,3,10,Technical,Cloud,Logical,1,5,No,Python,Cloud Operations Engineer
S3976,22,Male,74.49,67.28,73,82,80,74,51,47,86,69,10,6,1,1,8,1,Technical,Web,Logical,4,7,Yes,Web,Junior Web Developer
S3977,23,Male,85.96,94.71,100,91,69,92,50,56,49,99,9,1,6,4,5,1,Technical,AI-ML,Logical,0,2,Yes,Python,Junior ML Engineer
S3978,19,Male,75.06,85.55,78,68,78,94,57,73,88,81,1,1,3,2,4,9,Technical,Cloud,Logical,7,1,No,Python,Junior DevOps Engineer
S3979,21,Male,66.03,97.49,62,60,98,50,91,73,71,78,5,8,3,4,3,3,Creative,Web,Creative,3,5,No,Math,Frontend Developer
S3980,17,Female,75.76,75.8,83,82,90,80,67,83,88,90,4,6,8,6,2,4,Technical,AI-ML,Logical,1,8,Yes,Python,AI/ML Engineer Trainee
S3981,19,Female,66.41,73.48,73,43,75,72,93,61,76,90,3,10,1,3,1,6,Creative,Web,Creative,2,1,No,Web,UI/UX Designer
S3982,19,Female,66.0,80.32,81,78,46,100,35,46,60,78,10,4,3,1,1,2,Technical,Web,Logical,3,5,Yes,Web,Full Stack Developer
S3983,20,Male,78.34,78.39,84,48,70,69,77,35,64,100,1,4,9,4,3,4,Analytical,AI-ML,Analytical,1,3,No,Python,Junior Data Scientist
S3984,17,Other,65.48,85.48,96,84,68,93,58,41,100,91,9,6,4,5,5,4,Technical,Web,Logical,0,0,No,Python,Junior Web Developer
S3985,17,Male,82.13,59.74,73,49,53,69,68,51,62,87,6,4,6,3,3,4,Analytical,AI-ML,Analytical,1,4,No,Math,Junior Data Scientist
S3986,23,Male,80.86,80.15,66,54,63,75,100,54,82,52,1,10,1,1,3,1,Creative,Web,Creative,1,1,Yes,Web,UI/UX Designer
S3987,19,Male,79.06,93.94,87,86,86,94,78,71,73,89,6,7,3,5,5,10,Technical,Cloud,Logical,2,3,No,DBMS,Cloud Operations Engineer
S3988,21,Female,94.08,66.66,73,74,99,71,70,53,91,85,3,8,10,2,4,2,Analytical,Data,Analytical,4,5,No,DBMS,Associate Data Analyst
S3989,18,Female,75.88,85.56,82,94,45,96,41,35,70,77,1,1,4,3,8,10,Technical,Cloud,Logical,1,6,No,Python,Cloud Operations Engineer
S3990,18,Male,70.41,77.4,60,64,60,72,98,64,86,73,2,8,1,1,3,5,Creative,Web,Creative,2,4,Yes,Web,Frontend Developer
S3991,20,Female,84.15,73.1,51,65,54,62,80,42,59,42,3,10,4,1,1,5,Creative,Web,Creative,4,6,Yes,Web,UI/UX Designer
S3992,20,Female,77.64,70.86,95,71,85,80,45,73,57,78,6,7,4,3,2,10,Technical,Cloud,Logical,3,4,Yes,Python,Cloud Operations Engineer
S3993,19,Other,77.42,92.08,65,92,69,89,77,69,51,100,10,7,7,1,3,4,Technical,Web,Logical,1,6,No,DBMS,Backend Developer
S3994,20,Male,80.47,62.39,77,88,54,68,76,66,89,99,9,5,3,6,3,3,Technical,Web,Analytical,2,4,No,Python,Quality Assurance Tester
S3995,19,Male,93.55,94.67,76,100,80,97,88,35,54,95,7,2,9,4,5,2,Technical,AI-ML,Logical,1,4,No,Python,AI/ML Engineer Trainee
S3996,19,Male,79.36,68.55,71,78,62,84,87,75,82,49,3,10,1,1,5,4,Creative,Web,Creative,3,1,No,Web,Frontend Developer
S3997,21,Male,81.5,59.26,68,79,72,87,52,87,67,93,10,8,3,5,5,5,Technical,Web,Logical,1,4,No,Web,Full Stack Developer
S3998,18,Female,88.1,65.07,41,58,59,65,91,38,57,50,2,10,5,3,1,3,Creative,Web,Creative,4,5,Yes,Web,UI/UX Designer
S3999,18,Female,73.23,84.73,68,100,70,85,54,85,64,86,10,5,1,1,7,2,Technical,AI-ML,Logical,0,4,No,Python,Junior ML Engineer
