student_id,current_stage,current_course_or_class,age,gender,tenth_percentage,twelfth_or_diploma_percentage,graduation_percentage,math_score,programming_score,communication_score,logical_reasoning_score,creativity_score,leadership_score,teamwork_score,problem_solving_score,coding_interest,design_interest,data_interest,business_interest,security_interest,cloud_interest,preferred_work_type,preferred_subroles,preferred_domain,personality_type,certifications_count,project_count,internship_experience,favorite_subject,current_skills,target_career
ST0001,BCA,BCA,20,Male,64.72,65.3,60.69,8,4,8,3,4,5,7,6,2,4,3,2,1,4,Creative,"Frontend Design, Content Creation",Cloud,Leader,0,2,No,Web,"WordPress, Kubernetes, React",Cybersecurity Analyst
ST0002,Pursuing_BTech,BTech_IT,25,Female,66.39,66.41,0.0,4,5,10,3,6,4,9,6,2,1,4,5,2,4,Management,"Product Owner, Scrum Master",Cloud,Creative,4,1,No,Math,"Communication, Project Management, CRM",Cybersecurity Analyst
ST0003,BTech,BTech_ECE,26,Female,85.08,76.98,60.38,6,7,7,8,4,8,9,4,2,4,3,2,2,2,Creative,"UI Design, Visual Prototyping",AI-ML,Leader,4,3,No,Math,"PHP, Angular, React",Software Tester
ST0004,Pursuing_12th,Science,19,Female,82.87,0.0,0.0,6,9,8,4,7,5,6,10,2,5,1,2,5,5,Technical,"DevOps, App Development",Data,Creative,1,0,No,Math,"Project Management, Angular",Backend Developer
ST0005,10th,General,17,Male,70.99,0.0,0.0,5,5,8,6,5,7,8,3,4,1,1,4,1,3,Management,"Operations, Team Lead",Security,Logical,0,0,No,DBMS,"WordPress, PHP, Ethical Hacking",UI/UX Designer
ST0006,Pursuing_Diploma,Diploma_Mech,23,Male,76.02,66.52,0.0,3,3,10,3,9,6,8,3,1,4,2,3,3,4,Management,"Product Owner, Scrum Master",AI-ML,Creative,2,1,No,Web,"Math, Python, AWS",Full Stack Developer
ST0007,Diploma,Diploma_IT,26,Male,73.08,69.4,0.0,3,6,4,3,7,7,5,5,4,5,4,2,5,5,Creative,"UI Design, Content Creation",Security,Creative,0,2,No,Web,"Photoshop, Canva",UI/UX Designer
ST0008,BCA,BCA,21,Female,80.26,69.26,77.51,5,8,6,5,9,5,10,6,4,4,5,1,5,4,Creative,"Content Creation, Visual Prototyping",Web,Creative,1,1,No,Python,"AWS, Azure, Excel",DevOps Engineer
ST0009,12th,Arts,18,Female,73.78,69.08,0.0,6,8,6,4,8,8,6,6,5,5,2,4,3,1,Management,"Product Owner, Operations",AI-ML,Creative,0,2,No,Statistics,"Network Security, Angular, React",UI/UX Designer
ST0010,Pursuing_12th,Arts,18,Male,89.26,0.0,0.0,5,3,6,3,8,5,9,3,5,2,5,1,4,5,Management,"Product Owner, Operations",Security,Analytical,1,0,Yes,Networking,"Azure, Python, SQL",Business Analyst
ST0011,BTech,BTech_IT,26,Male,98.26,60.22,72.9,4,4,8,3,5,6,6,6,5,5,5,1,3,4,Creative,"Content Creation, Visual Prototyping",Cloud,Leader,0,1,Yes,Math,"Terraform, Pandas, Linux",Web Developer
ST0012,Graduate,BBA,23,Female,68.07,71.84,67.83,5,5,3,10,7,5,7,6,3,2,2,2,5,4,Creative,"Frontend Design, Content Creation",Cloud,Logical,0,3,No,Math,"AWS, Linux, Kubernetes, Wireshark",Backend Developer
ST0013,Pursuing_Diploma,Diploma_ECE,21,Male,86.73,63.37,0.0,4,8,7,7,4,3,8,5,3,2,2,2,3,4,Technical,"DevOps, System Admin",Cloud,Creative,1,1,No,DBMS,"Market Research, Project Management, CRM, Keras",Software Tester
ST0014,BTech,BTech_CSE,19,Female,75.8,81.31,89.07,4,6,8,6,5,8,6,3,2,4,3,1,5,4,Management,"Scrum Master, Product Owner",Data,Leader,3,3,No,Web,"WordPress, PHP",Software Tester
ST0015,Pursuing_12th,Science,19,Male,82.48,0.0,0.0,4,8,5,9,8,8,10,3,4,5,5,3,2,5,Management,"Product Owner, Operations",Security,Logical,0,3,No,Python,"TensorFlow, Wireshark, Linux, Cryptography",UI/UX Designer
ST0016,Pursuing_BTech,BTech_IT,26,Male,69.43,92.54,0.0,8,5,7,8,3,3,10,7,4,4,2,2,4,2,Analytical,"Quality Assurance, Market Research",Security,Analytical,3,1,No,Python,"Figma, Photoshop, Adobe XD, SQL",ML Engineer
ST0017,BTech,BTech_Civil,22,Male,83.81,79.65,74.89,6,8,8,5,7,8,10,9,5,1,2,4,3,5,Analytical,"Quality Assurance, Data Analysis",Data,Leader,1,2,No,Math,"PowerBI, Cryptography, Network Security",Business Analyst
ST0018,Graduate,BTech_IT,26,Female,86.12,66.46,69.0,5,8,8,8,4,5,7,8,4,5,1,2,4,3,Management,"Operations, Team Lead",AI-ML,Analytical,2,0,No,Web,"HTML, CSS, Angular, Communication",DevOps Engineer
ST0019,Graduate,BCom,24,Female,83.95,68.34,59.6,4,3,8,5,3,8,4,6,5,4,4,3,1,4,Analytical,"Risk Assessment, Quality Assurance",AI-ML,Leader,1,2,No,UI Design,"HTML, CSS, PHP, SQL",Software Tester
ST0020,Graduate,BCom,24,Male,89.61,55.7,64.14,7,4,8,8,10,7,4,3,4,2,1,5,3,5,Management,"Operations, Scrum Master",Cloud,Creative,0,4,Yes,Networking,"Communication, CRM, Linux, Agile",Database Administrator
ST0021,Pursuing_Diploma,Diploma_Mech,21,Male,65.38,78.91,0.0,3,4,5,6,5,7,6,8,2,1,1,2,2,2,Creative,"UI Design, Visual Prototyping",Data,Leader,3,1,No,DBMS,"JavaScript, Linux, Wireshark, Ethical Hacking",Software Tester
ST0022,Diploma,Diploma_ECE,19,Male,86.53,100.0,0.0,8,7,6,5,6,5,10,6,5,1,1,1,5,4,Technical,"DevOps, App Development",AI-ML,Analytical,1,1,No,Python,"WordPress, PHP, Angular, Keras",Backend Developer
ST0023,BTech,BTech_ECE,23,Male,69.16,86.09,94.18,8,4,7,6,8,5,10,4,4,5,1,5,1,2,Creative,"Visual Prototyping, UI Design",Security,Logical,1,4,Yes,Networking,"Terraform, Market Research, Linux, Kubernetes",Software Tester
ST0024,Pursuing_Diploma,Diploma_ECE,20,Other,80.15,63.26,0.0,3,6,8,7,7,4,10,4,1,1,3,4,5,5,Technical,"Software Engineering, System Admin",Security,Leader,2,1,No,Python,"AWS, Cryptography, Ethical Hacking",Cloud Engineer
ST0025,BTech,BTech_Civil,19,Female,81.1,86.42,60.93,7,4,5,5,8,8,5,8,4,5,3,5,1,3,Management,"Team Lead, Operations",Data,Analytical,3,2,Yes,Python,"Python, Adobe XD",ML Engineer
ST0026,BTech,BTech_IT,24,Female,84.6,55.2,89.91,3,7,5,6,6,4,6,9,3,3,3,1,2,4,Technical,"App Development, Software Engineering",Cloud,Leader,1,1,No,DBMS,"Communication, JavaScript, CRM, Market Research",Database Administrator
ST0027,Graduate,BCom,26,Female,82.15,68.83,67.19,4,5,5,8,7,3,8,9,3,5,1,2,1,5,Technical,"Software Engineering, DevOps",AI-ML,Leader,2,1,Yes,Networking,"HTML, Canva",Database Administrator
ST0028,Graduate,BCom,23,Male,52.37,45.0,69.56,5,4,6,7,5,4,5,5,4,3,3,3,4,1,Analytical,"Risk Assessment, Market Research",Cloud,Leader,1,2,No,Statistics,"JavaScript, WordPress, Math, React",Database Administrator
ST0029,Pursuing_12th,Science,18,Male,80.1,0.0,0.0,4,5,6,3,4,8,9,9,3,5,1,4,2,5,Analytical,"Risk Assessment, Market Research",AI-ML,Analytical,4,0,No,DBMS,"Math, Azure",Database Administrator
ST0030,10th,General,16,Female,79.62,0.0,0.0,4,8,3,8,4,7,10,5,5,4,5,1,1,4,Technical,"App Development, System Admin",Web,Creative,3,3,No,Python,"Node.js, Pandas, R, Statistics",DevOps Engineer
ST0031,Diploma,Diploma_CSE,25,Male,65.65,76.58,0.0,3,4,7,5,10,5,7,10,3,2,2,3,4,5,Technical,"DevOps, Software Engineering",Data,Creative,1,0,No,Math,"PyTorch, TensorFlow, Communication",Backend Developer
ST0032,Graduate,BCom,20,Female,68.91,100.0,64.78,4,5,4,8,4,8,8,5,2,1,5,5,5,4,Technical,"Software Engineering, App Development",AI-ML,Logical,0,1,No,UI Design,"PyTorch, Math, TensorFlow, Kubernetes",UI/UX Designer
ST0033,BTech,BTech_ECE,19,Male,66.37,96.67,53.73,5,6,8,3,7,5,5,8,2,1,4,1,4,3,Technical,"Software Engineering, DevOps",Web,Leader,1,2,No,DBMS,"Network Security, Linux, Ethical Hacking",Backend Developer
ST0034,BTech,BTech_IT,22,Male,97.7,45.61,82.02,7,3,4,8,6,6,7,4,4,2,4,1,4,4,Management,"Scrum Master, Product Owner",AI-ML,Logical,1,1,No,UI Design,"Pandas, Statistics, Cryptography",DevOps Engineer
ST0035,Pursuing_12th,Arts,17,Male,67.33,0.0,0.0,3,9,5,6,10,3,7,6,5,1,3,1,4,3,Technical,"DevOps, System Admin",Web,Creative,0,6,Yes,Math,"Math, Python, TensorFlow, Keras",Backend Developer
ST0036,12th,Commerce,18,Male,100.0,76.39,0.0,8,4,5,10,7,6,6,5,3,2,4,3,1,1,Analytical,"Market Research, Quality Assurance",AI-ML,Logical,1,1,No,UI Design,"CSS, Tableau, React",Database Administrator
ST0037,10th,General,15,Male,74.07,0.0,0.0,7,5,3,7,3,4,8,7,2,5,1,3,2,2,Analytical,"Risk Assessment, Quality Assurance",AI-ML,Logical,1,2,No,Statistics,"CRM, Wireshark",Full Stack Developer
ST0038,Pursuing_Diploma,Diploma_CSE,21,Male,93.41,78.27,0.0,4,3,8,3,5,7,9,6,1,3,4,5,1,3,Analytical,"Data Analysis, Market Research",Data,Analytical,2,5,Yes,Networking,"Market Research, CRM, Communication, Keras",Full Stack Developer
ST0039,Pursuing_12th,Science,19,Male,75.84,0.0,0.0,6,3,8,6,8,7,9,7,2,2,4,1,4,1,Analytical,"Market Research, Risk Assessment",Data,Analytical,0,2,No,Math,"HTML, CSS, Azure",Business Analyst
ST0040,Graduate,BSc_CS,24,Other,69.38,77.91,83.66,4,7,4,3,4,5,9,7,4,5,2,2,4,4,Management,"Operations, Product Owner",Security,Analytical,3,3,No,Statistics,"HTML, Linux, React",Backend Developer
ST0041,Pursuing_Diploma,Diploma_ECE,22,Female,69.63,69.91,0.0,9,8,9,8,3,10,5,5,1,4,4,1,3,5,Management,"Team Lead, Scrum Master",Security,Analytical,1,2,Yes,DBMS,"Communication, Project Management, AWS",Data Scientist
ST0042,BCA,BCA,19,Male,86.26,64.03,90.35,5,5,6,4,8,4,5,6,3,2,2,4,1,3,Creative,"Content Creation, UI Design",Data,Leader,1,1,No,Math,"Communication, Wireshark",Backend Developer
ST0043,Pursuing_12th,Science,17,Female,81.2,0.0,0.0,7,9,4,7,4,5,7,8,1,4,1,1,4,2,Technical,"App Development, Software Engineering",Cloud,Analytical,1,1,No,Web,"Docker, Agile",DevOps Engineer
ST0044,Pursuing_Diploma,Diploma_ECE,26,Female,78.93,67.54,0.0,5,5,7,3,8,3,5,7,4,1,3,4,1,1,Analytical,"Data Analysis, Market Research",Data,Analytical,0,0,No,Networking,"Terraform, Scikit-Learn",Web Developer
ST0045,12th,Science,19,Male,50.6,81.07,0.0,4,6,4,6,5,9,4,5,2,4,3,1,1,4,Management,"Operations, Scrum Master",AI-ML,Analytical,1,2,No,Statistics,"Market Research, Tableau, Communication, Agile",Cybersecurity Analyst
ST0046,BTech,BTech_ECE,22,Female,78.72,77.26,69.27,7,6,6,7,7,5,8,8,2,4,1,4,3,5,Management,"Operations, Product Owner",Cloud,Creative,3,0,No,Web,"WordPress, Python, Angular",UI/UX Designer
ST0047,Pursuing_Diploma,Diploma_ECE,19,Female,54.02,57.02,0.0,9,7,5,6,3,6,9,5,3,3,1,4,1,3,Analytical,"Market Research, Data Analysis",Data,Analytical,0,2,No,DBMS,"CRM, JavaScript, PHP",Data Scientist
ST0048,Pursuing_BTech,BTech_Civil,24,Male,74.63,49.32,0.0,8,7,5,8,7,9,7,7,3,3,1,4,1,2,Management,"Operations, Team Lead",Web,Analytical,0,2,No,Web,"Tableau, Agile",Full Stack Developer
ST0049,10th,General,15,Male,71.76,0.0,0.0,8,6,6,3,3,5,6,7,5,3,4,5,1,4,Management,"Operations, Scrum Master",Data,Analytical,0,1,No,Statistics,"CSS, Canva",UI/UX Designer
ST0050,12th,Science,17,Male,77.39,60.78,0.0,8,7,8,5,5,9,10,5,5,3,1,2,5,5,Management,"Team Lead, Product Owner",Web,Logical,1,8,Yes,Statistics,"Scikit-Learn, Project Management, CRM",Full Stack Developer
ST0051,Diploma,Diploma_IT,19,Other,81.99,92.93,0.0,6,4,3,6,3,7,4,7,3,5,2,4,3,2,Creative,"Visual Prototyping, Content Creation",Data,Analytical,0,1,No,Networking,"Market Research, CRM",Web Developer
ST0052,Pursuing_Diploma,Diploma_CSE,19,Female,63.64,73.61,0.0,6,8,3,7,6,3,10,7,3,5,3,1,5,1,Creative,"UI Design, Frontend Design",Security,Creative,1,3,No,DBMS,"PowerBI, Docker, Kubernetes",Data Scientist
ST0053,Diploma,Diploma_Mech,25,Male,83.72,94.71,0.0,5,7,7,10,7,7,9,3,2,4,2,3,4,2,Creative,"Frontend Design, Visual Prototyping",Web,Logical,3,0,No,UI Design,"Market Research, Excel, Communication, Agile",UI/UX Designer
ST0054,Pursuing_12th,Science,18,Male,87.47,0.0,0.0,8,7,3,7,6,8,9,4,5,1,5,3,3,5,Creative,"Visual Prototyping, Content Creation",Security,Logical,0,1,No,Web,"Wireshark, Agile, Cryptography, Ethical Hacking",ML Engineer
ST0055,Pursuing_Diploma,Diploma_CSE,19,Female,84.64,69.81,0.0,6,6,3,8,6,8,7,3,4,2,2,5,5,4,Creative,"Content Creation, Visual Prototyping",Web,Logical,3,1,Yes,Python,"Terraform, Azure, Docker, Kubernetes",ML Engineer
ST0056,10th,General,17,Female,77.76,0.0,0.0,8,5,7,5,3,6,10,10,2,3,1,5,5,2,Technical,"App Development, Software Engineering",Web,Logical,0,1,Yes,Python,"Figma, Project Management, Photoshop, Adobe XD",Web Developer
ST0057,BTech,BTech_Civil,25,Female,78.99,63.06,73.41,5,8,7,4,3,9,7,3,1,3,3,5,4,2,Management,"Scrum Master, Product Owner",AI-ML,Leader,0,2,No,Networking,"Python, Network Security",Software Tester
ST0058,BCA,BCA,20,Male,65.61,66.44,69.06,9,3,3,4,3,4,6,5,4,2,3,5,3,4,Creative,"Visual Prototyping, UI Design",Web,Leader,1,2,No,Math,"Scikit-Learn, Excel, Pandas, Statistics",ML Engineer
ST0059,Graduate,BCom,23,Male,74.16,79.9,72.69,7,5,7,5,9,8,7,3,2,2,5,1,1,1,Management,"Product Owner, Team Lead",Security,Creative,1,0,No,Python,"Communication, CRM, Statistics, Agile",Backend Developer
ST0060,Diploma,Diploma_Mech,26,Male,62.65,50.79,0.0,6,9,5,6,8,5,9,4,4,3,2,2,5,4,Technical,"System Admin, Software Engineering",Web,Leader,1,2,No,UI Design,"Figma, PowerBI, Statistics",Software Tester
ST0061,10th,General,16,Male,86.07,0.0,0.0,5,6,4,6,7,6,8,4,5,4,2,3,1,3,Analytical,"Quality Assurance, Risk Assessment",AI-ML,Analytical,1,4,Yes,Statistics,"Angular, React",UI/UX Designer
ST0062,Pursuing_12th,Arts,19,Female,79.57,0.0,0.0,3,5,7,6,6,8,4,10,2,4,3,2,4,5,Technical,"DevOps, Software Engineering",Security,Logical,1,1,No,UI Design,"Linux, Kubernetes, Ethical Hacking",Software Tester
ST0063,Pursuing_12th,Arts,17,Female,72.38,0.0,0.0,5,8,6,7,5,7,7,5,5,5,2,1,5,5,Creative,"UI Design, Content Creation",Cloud,Logical,2,2,No,UI Design,"AWS, Docker",Backend Developer
ST0064,10th,General,15,Other,84.27,0.0,0.0,8,8,8,8,7,3,10,4,5,4,4,4,2,2,Creative,"UI Design, Visual Prototyping",Data,Analytical,0,1,No,DBMS,"Figma, PyTorch, Adobe XD, Illustrator",Business Analyst
ST0065,BCA,BCA,25,Female,65.83,69.99,72.27,3,4,8,5,4,7,7,5,1,3,5,5,2,2,Analytical,"Risk Assessment, Market Research",Web,Leader,1,1,No,Networking,"Tableau, PHP",DevOps Engineer
ST0066,Pursuing_BTech,BTech_CSE,20,Female,75.38,83.26,0.0,4,6,9,4,7,9,4,8,3,3,2,4,3,5,Management,"Scrum Master, Operations",Web,Leader,2,4,Yes,DBMS,"Market Research, Azure",Software Tester
ST0067,Pursuing_Diploma,Diploma_ECE,20,Male,79.83,45.0,0.0,5,7,5,6,8,9,9,3,2,4,3,4,5,1,Management,"Product Owner, Operations",Cloud,Analytical,0,5,Yes,Math,"PyTorch, Agile",Cybersecurity Analyst
ST0068,BTech,BTech_IT,26,Male,76.85,66.51,78.38,6,7,4,8,7,8,9,4,1,4,2,3,2,4,Analytical,"Quality Assurance, Data Analysis",Data,Analytical,1,5,Yes,Web,"Figma, React",Full Stack Developer
ST0069,Pursuing_Diploma,Diploma_Mech,23,Male,66.57,75.19,0.0,4,3,5,6,7,6,5,3,2,1,3,5,1,3,Management,"Product Owner, Scrum Master",Cloud,Leader,0,3,No,UI Design,"Math, Network Security",Software Tester
ST0070,BTech,BTech_Civil,20,Male,50.0,66.54,85.16,3,6,7,5,7,8,5,7,2,2,5,2,2,4,Analytical,"Data Analysis, Risk Assessment",Security,Logical,1,1,No,DBMS,"Math, CSS",Backend Developer
ST0071,10th,General,15,Male,89.51,0.0,0.0,10,7,7,4,7,7,9,5,3,5,2,1,3,2,Management,"Scrum Master, Operations",Web,Logical,0,3,No,Statistics,"Excel, Linux",Data Scientist
ST0072,BCA,BCA,24,Male,71.45,71.22,66.87,6,8,7,4,5,7,7,6,4,2,5,1,5,5,Technical,"System Admin, App Development",Cloud,Leader,0,0,No,Networking,"Figma, Photoshop, Wireshark",Business Analyst
ST0073,BCA,BCA,26,Male,70.69,70.39,68.48,7,8,4,6,7,7,10,6,2,4,1,1,2,5,Management,"Operations, Team Lead",Data,Analytical,1,1,No,Statistics,"CRM, Canva",ML Engineer
ST0074,BCA,BCA,26,Female,72.49,86.93,56.85,5,3,8,3,6,7,7,8,3,4,3,1,3,3,Creative,"Visual Prototyping, UI Design",Data,Leader,0,0,No,UI Design,"Terraform, Linux, Wireshark, Ethical Hacking",UI/UX Designer
ST0075,Diploma,Diploma_IT,26,Male,86.19,60.45,0.0,7,5,4,4,7,8,8,6,2,2,3,2,5,3,Technical,"DevOps, Software Engineering",Security,Creative,2,3,No,Networking,"Scikit-Learn, Linux, Cryptography, Network Security",Cloud Engineer
ST0076,Pursuing_12th,Commerce,18,Female,80.26,0.0,0.0,3,5,5,4,3,7,10,9,3,5,1,5,1,5,Technical,"DevOps, App Development",Web,Logical,0,1,No,DBMS,"Azure, Wireshark, Cryptography, Ethical Hacking",Backend Developer
ST0077,Pursuing_12th,Science,19,Female,89.87,0.0,0.0,6,9,4,4,4,5,7,5,1,4,2,2,2,4,Technical,"System Admin, App Development",Cloud,Creative,2,1,No,Networking,"Photoshop, Docker, Illustrator, Canva",Data Scientist
ST0078,Graduate,BSc_CS,22,Female,78.41,68.36,60.17,9,4,3,3,6,3,8,8,5,2,4,3,4,1,Analytical,"Quality Assurance, Data Analysis",Web,Leader,2,5,Yes,Networking,"Docker, Figma, Photoshop, Adobe XD",Data Scientist
ST0079,BCA,BCA,22,Female,54.49,65.54,53.52,3,8,8,4,5,7,5,4,1,1,1,3,4,1,Technical,"Software Engineering, System Admin",Cloud,Leader,1,0,No,Python,"CSS, AWS",Web Developer
ST0080,Pursuing_12th,Science,17,Female,82.82,0.0,0.0,7,3,8,5,8,3,9,3,4,1,2,4,5,4,Creative,"Frontend Design, Content Creation",AI-ML,Logical,0,1,No,Python,"CRM, Ethical Hacking, Agile",Full Stack Developer
ST0081,Graduate,BTech_IT,24,Male,67.43,61.15,61.06,5,6,8,4,6,8,5,6,5,4,1,3,5,3,Creative,"Visual Prototyping, Content Creation",AI-ML,Creative,1,4,Yes,Math,"AWS, Azure, Linux",Backend Developer
ST0082,Graduate,BCA,19,Female,52.8,90.52,66.64,8,8,8,5,7,5,8,5,5,2,3,5,2,1,Analytical,"Risk Assessment, Market Research",Cloud,Logical,1,3,No,DBMS,"PowerBI, Figma, Photoshop, Adobe XD",ML Engineer
ST0083,Pursuing_BTech,BTech_ECE,25,Female,65.59,71.5,0.0,10,3,7,8,5,8,7,6,5,2,2,1,1,4,Management,"Operations, Scrum Master",Data,Analytical,1,1,No,Statistics,"Scikit-Learn, Python, TensorFlow, Network Security",ML Engineer
ST0084,BCA,BCA,19,Female,79.11,93.94,78.41,5,4,10,6,3,10,10,3,3,1,4,3,1,3,Management,"Team Lead, Product Owner",Data,Analytical,2,1,No,Web,"JavaScript, WordPress, PHP, Project Management",Data Scientist
ST0085,10th,General,17,Female,84.3,0.0,0.0,8,5,8,8,5,9,4,3,4,2,4,2,3,3,Management,"Team Lead, Operations",Security,Logical,1,2,No,Web,"Math, PHP, TensorFlow, Keras",Cloud Engineer
ST0086,BTech,BTech_CSE,20,Female,67.1,68.37,90.76,8,3,8,3,3,3,6,4,2,3,2,4,2,3,Creative,"Frontend Design, UI Design",AI-ML,Analytical,1,1,No,UI Design,"Pandas, R",Web Developer
ST0087,12th,Arts,19,Other,77.22,81.27,0.0,4,4,7,8,6,6,6,7,4,4,5,2,2,3,Management,"Product Owner, Scrum Master",Security,Analytical,3,4,Yes,Python,"Azure, Illustrator",Full Stack Developer
ST0088,BTech,BTech_Civil,19,Male,73.01,54.51,53.21,5,8,8,7,8,5,9,9,4,5,5,2,3,1,Technical,"DevOps, Software Engineering",AI-ML,Leader,2,0,No,Python,"AWS, WordPress, Node.js",Backend Developer
ST0089,Graduate,BSc_CS,20,Female,61.79,76.28,72.63,10,5,5,4,8,3,10,4,2,1,2,3,2,2,Analytical,"Market Research, Risk Assessment",Security,Leader,2,4,Yes,Python,"Communication, AWS",ML Engineer
ST0090,BTech,BTech_Civil,21,Male,81.84,63.54,84.07,5,4,3,5,3,4,6,3,1,2,1,5,1,2,Creative,"Content Creation, Frontend Design",Cloud,Leader,1,6,Yes,Networking,"Linux, Cryptography, Network Security",UI/UX Designer
ST0091,Pursuing_BTech,BTech_Civil,19,Female,69.42,65.61,0.0,5,9,6,9,8,3,8,9,1,4,1,3,5,1,Technical,"App Development, Software Engineering",AI-ML,Logical,2,0,No,UI Design,"Terraform, Figma, Adobe XD",Software Tester
ST0092,Pursuing_BTech,BTech_IT,25,Female,79.89,78.41,0.0,6,6,5,5,7,4,7,9,3,1,3,5,1,3,Technical,"System Admin, Software Engineering",AI-ML,Leader,1,3,No,DBMS,"HTML, Network Security",Backend Developer
ST0093,BCA,BCA,21,Male,50.0,49.4,69.24,4,8,6,3,6,8,4,5,2,2,5,3,2,1,Management,"Operations, Product Owner",Web,Leader,0,2,No,Web,"Photoshop, Adobe XD, Illustrator",Software Tester
ST0094,Pursuing_12th,Science,19,Female,75.67,0.0,0.0,4,6,8,5,9,3,6,7,5,3,1,1,1,5,Technical,"System Admin, App Development",Cloud,Creative,1,1,No,UI Design,"PyTorch, Math, TensorFlow, Market Research",UI/UX Designer
ST0095,Pursuing_Diploma,Diploma_Mech,24,Male,66.64,59.22,0.0,6,5,8,5,10,5,6,6,2,3,5,1,4,3,Management,"Operations, Product Owner",Cloud,Creative,1,1,No,Python,"React, Ethical Hacking",Business Analyst
ST0096,10th,General,15,Male,77.48,0.0,0.0,7,6,8,4,5,5,10,5,4,1,1,3,1,5,Creative,"Frontend Design, UI Design",Web,Leader,0,0,No,Web,"Terraform, Scikit-Learn, Linux, Kubernetes",Web Developer
ST0097,12th,Arts,18,Female,85.28,71.15,0.0,8,4,3,8,6,4,5,8,5,4,3,3,2,4,Analytical,"Market Research, Quality Assurance",Data,Analytical,0,1,No,Math,"Communication, Linux, Wireshark, Network Security",Data Scientist
ST0098,10th,General,15,Male,95.05,0.0,0.0,4,5,8,7,10,8,4,7,1,1,1,3,4,5,Technical,"App Development, DevOps",Data,Creative,1,1,No,UI Design,"Linux, Docker, Network Security",Backend Developer
ST0099,10th,General,16,Female,79.75,0.0,0.0,8,10,7,9,7,6,10,7,2,2,4,1,1,2,Technical,"System Admin, App Development",AI-ML,Logical,0,1,No,UI Design,"Photoshop, Linux, Wireshark, Ethical Hacking",Cybersecurity Analyst
ST0100,12th,Commerce,18,Female,61.07,59.68,0.0,6,3,4,8,7,4,9,5,1,4,1,1,1,4,Creative,"UI Design, Frontend Design",Security,Logical,1,1,No,Math,"Figma, WordPress, Photoshop, Illustrator",Cybersecurity Analyst
ST0101,BTech,BTech_IT,19,Other,84.67,58.37,63.15,8,6,5,8,7,5,5,8,4,3,5,2,1,1,Technical,"DevOps, System Admin",Web,Analytical,1,4,Yes,Python,"Pandas, Python, SQL",Business Analyst
ST0102,12th,Commerce,18,Female,63.45,82.91,0.0,5,4,9,7,6,4,7,7,2,5,2,1,4,1,Management,"Product Owner, Scrum Master",AI-ML,Creative,0,5,Yes,Web,"Scikit-Learn, Linux, Wireshark, Network Security",Database Administrator
ST0103,BCA,BCA,22,Other,67.42,69.91,80.0,7,6,7,8,8,4,7,4,4,4,3,4,5,2,Creative,"Content Creation, UI Design",AI-ML,Logical,0,3,No,Networking,"CSS, Photoshop",Full Stack Developer
ST0104,Pursuing_BTech,BTech_IT,19,Female,82.99,58.7,0.0,8,8,6,6,6,6,6,6,3,5,4,1,5,1,Creative,"Visual Prototyping, UI Design",Data,Analytical,1,2,No,Web,"Figma, Python, Illustrator",Software Tester
ST0105,Pursuing_12th,Science,17,Male,59.07,0.0,0.0,7,9,7,3,5,8,7,8,5,1,3,1,3,5,Technical,"Software Engineering, DevOps",Web,Analytical,0,0,No,Python,"Figma, Illustrator",Database Administrator
ST0106,Graduate,BCA,19,Male,60.56,100.0,79.28,6,8,5,6,6,9,5,4,2,5,5,1,4,1,Management,"Operations, Team Lead",AI-ML,Leader,1,1,No,DBMS,"Market Research, CRM, Node.js",Business Analyst
ST0107,Pursuing_12th,Arts,17,Male,87.63,0.0,0.0,7,4,4,6,6,4,10,4,1,4,1,5,4,4,Creative,"Content Creation, Frontend Design",Security,Analytical,1,1,No,Math,"Communication, Azure, CRM, Agile",Data Scientist
ST0108,Graduate,BCA,25,Male,74.95,83.04,61.71,7,4,6,5,3,6,10,3,1,5,4,2,1,3,Creative,"Frontend Design, UI Design",Web,Logical,5,4,Yes,UI Design,"Project Management, Azure, Linux, Kubernetes",Web Developer
ST0109,10th,General,16,Male,73.62,0.0,0.0,5,7,5,5,4,8,10,6,4,2,3,2,5,4,Analytical,"Market Research, Risk Assessment",Cloud,Logical,3,2,No,Web,"Figma, Photoshop, Canva",Cybersecurity Analyst
ST0110,Diploma,Diploma_ECE,19,Male,62.51,52.58,0.0,3,4,7,3,8,8,4,8,1,3,2,4,1,4,Analytical,"Market Research, Data Analysis",Cloud,Analytical,1,1,No,DBMS,"Excel, Photoshop, Adobe XD, Canva",Backend Developer
ST0111,BCA,BCA,19,Female,69.81,60.85,81.91,6,10,6,7,6,7,8,9,5,1,4,2,4,2,Technical,"Software Engineering, System Admin",Cloud,Creative,2,4,Yes,Math,"Market Research, Python",Full Stack Developer
ST0112,Diploma,Diploma_Mech,25,Female,72.5,56.87,0.0,5,9,6,6,7,7,8,9,2,4,1,1,1,5,Technical,"Software Engineering, App Development",Security,Creative,1,2,No,Statistics,"Terraform, Tableau, Python, SQL",Backend Developer
ST0113,Pursuing_BTech,BTech_ECE,19,Male,91.62,78.35,0.0,3,4,3,3,5,4,7,8,2,4,5,1,5,1,Creative,"Visual Prototyping, UI Design",Cloud,Creative,2,1,No,Web,"Excel, Linux",Cybersecurity Analyst
ST0114,BTech,BTech_ECE,26,Other,65.22,89.87,70.62,4,7,8,8,5,7,8,3,3,2,2,1,1,4,Management,"Scrum Master, Product Owner",Cloud,Analytical,0,1,Yes,DBMS,"Figma, Azure, Kubernetes",Cloud Engineer
ST0115,BCA,BCA,25,Male,73.65,99.21,68.36,5,5,5,8,7,7,9,7,3,2,3,4,4,3,Technical,"App Development, System Admin",Web,Logical,2,1,No,Web,"Adobe XD, Agile",DevOps Engineer
ST0116,12th,Arts,17,Male,78.0,45.0,0.0,5,3,5,5,4,3,4,10,2,2,1,1,1,2,Analytical,"Risk Assessment, Market Research",Security,Analytical,1,3,No,Networking,Illustrator,Cybersecurity Analyst
ST0117,Pursuing_BTech,BTech_ECE,26,Male,86.31,66.07,0.0,5,7,8,6,7,4,6,9,2,2,5,1,2,4,Technical,"App Development, System Admin",Data,Creative,1,3,No,Networking,"Excel, Linux, Cryptography, Network Security",Web Developer
ST0118,Pursuing_BTech,BTech_Civil,22,Male,86.04,77.73,0.0,5,7,4,6,6,3,9,7,5,2,1,5,2,5,Analytical,"Data Analysis, Market Research",AI-ML,Leader,1,2,No,DBMS,"Azure, Python, Docker",Business Analyst
ST0119,BCA,BCA,22,Male,50.0,81.84,64.3,6,3,7,7,8,5,9,6,5,1,1,1,3,4,Analytical,"Market Research, Data Analysis",AI-ML,Creative,2,3,No,Math,"Illustrator, Canva",Web Developer
ST0120,10th,General,17,Male,75.46,0.0,0.0,6,4,5,7,3,4,4,5,3,4,4,1,1,1,Technical,"System Admin, Software Engineering",Security,Analytical,1,1,No,Python,"Azure, Python, Keras",Backend Developer
ST0121,BCA,BCA,23,Female,80.64,79.04,64.3,3,5,5,6,7,9,4,8,1,1,5,4,3,5,Management,"Product Owner, Team Lead",Data,Logical,3,5,Yes,Web,"Azure, Statistics, Kubernetes",UI/UX Designer
ST0122,12th,Science,17,Male,60.64,79.27,0.0,5,5,7,6,6,8,9,7,5,1,2,2,1,1,Technical,"Software Engineering, System Admin",Web,Analytical,2,3,No,UI Design,"Figma, Adobe XD, Illustrator",DevOps Engineer
ST0123,Diploma,Diploma_IT,23,Male,67.85,100.0,0.0,5,6,3,5,6,3,10,10,2,4,2,3,4,5,Technical,"App Development, DevOps",Cloud,Creative,1,2,No,Web,"Angular, TensorFlow",Business Analyst
ST0124,10th,General,15,Male,78.27,0.0,0.0,5,5,3,7,4,4,5,7,3,4,3,2,5,3,Analytical,"Risk Assessment, Quality Assurance",AI-ML,Leader,2,4,Yes,Python,"Terraform, Network Security",Cloud Engineer
ST0125,12th,Commerce,18,Male,80.66,100.0,0.0,8,8,5,4,6,8,10,9,4,5,5,2,2,2,Analytical,"Quality Assurance, Risk Assessment",Data,Creative,2,2,No,UI Design,"Communication, Ethical Hacking",Data Scientist
ST0126,Pursuing_Diploma,Diploma_CSE,21,Female,91.97,92.58,0.0,8,10,4,5,8,3,10,8,4,1,2,3,1,5,Technical,"DevOps, App Development",Data,Analytical,2,0,No,Networking,"Azure, Linux, Illustrator",Software Tester
ST0127,BTech,BTech_CSE,22,Male,57.13,69.33,78.44,3,7,4,8,10,8,10,4,3,5,5,3,2,2,Management,"Operations, Product Owner",Web,Creative,2,1,No,Web,"Scikit-Learn, Linux",Web Developer
ST0128,Pursuing_12th,Commerce,17,Female,68.62,0.0,0.0,7,7,10,3,8,7,6,7,2,3,4,4,1,5,Management,"Product Owner, Team Lead",AI-ML,Leader,2,0,No,Web,"JavaScript, CSS, Illustrator",UI/UX Designer
ST0129,Graduate,BTech_IT,25,Female,50.0,67.51,73.73,7,6,4,6,4,8,6,10,1,3,5,2,3,4,Analytical,"Quality Assurance, Market Research",Data,Analytical,1,0,No,Statistics,"Python, Photoshop, Adobe XD, Illustrator",Full Stack Developer
ST0130,Diploma,Diploma_IT,21,Male,72.79,81.28,0.0,8,8,6,6,7,4,5,7,3,5,1,3,4,2,Creative,"Visual Prototyping, UI Design",Web,Logical,2,0,No,UI Design,"Market Research, Azure, Docker",Data Scientist
ST0131,BCA,BCA,23,Female,65.91,68.08,59.98,4,7,7,5,8,3,10,4,1,1,5,1,5,2,Technical,"System Admin, App Development",Cloud,Logical,2,1,No,Networking,"Communication, Linux, Market Research",ML Engineer
ST0132,Pursuing_Diploma,Diploma_IT,24,Male,73.33,93.79,0.0,6,9,8,8,8,8,8,9,1,3,2,4,5,4,Technical,"DevOps, App Development",Security,Leader,0,2,No,Web,"Azure, Angular, Node.js, React",Business Analyst
ST0133,12th,Commerce,18,Female,63.08,79.58,0.0,3,4,5,10,3,5,9,8,2,5,4,4,4,5,Creative,"UI Design, Content Creation",Web,Logical,2,5,Yes,Networking,"Node.js, Illustrator",Software Tester
ST0134,Pursuing_BTech,BTech_IT,24,Male,51.83,67.16,0.0,7,7,7,6,6,5,10,6,1,3,5,2,3,2,Creative,"UI Design, Frontend Design",Web,Logical,0,3,Yes,Math,"Scikit-Learn, CRM",Database Administrator
ST0135,Graduate,BBA,19,Male,66.48,66.83,85.58,4,4,5,8,7,4,6,6,3,2,3,4,3,1,Technical,"System Admin, DevOps",Security,Creative,0,3,No,Statistics,"Communication, Project Management, Figma, CRM",ML Engineer
ST0136,BTech,BTech_Civil,24,Female,71.86,61.25,72.15,7,7,6,3,4,4,5,7,2,2,3,3,2,5,Creative,"Frontend Design, Content Creation",AI-ML,Analytical,0,2,No,Web,"Photoshop, Adobe XD",Web Developer
ST0137,Graduate,BSc_CS,23,Male,72.8,68.37,68.12,6,4,4,4,8,6,7,5,1,5,3,5,4,5,Technical,"DevOps, App Development",Data,Logical,3,1,No,UI Design,"Scikit-Learn, Communication, PyTorch",Backend Developer
ST0138,12th,Arts,18,Male,82.69,82.12,0.0,8,4,6,7,6,8,5,5,5,4,3,1,5,4,Analytical,"Market Research, Quality Assurance",Web,Logical,0,0,No,DBMS,"Python, Tableau, R, PowerBI",Software Tester
ST0139,BCA,BCA,20,Male,100.0,99.11,55.8,9,6,10,6,4,8,10,8,1,3,1,2,1,4,Management,"Scrum Master, Operations",Web,Logical,1,4,Yes,DBMS,"Terraform, Math, Linux, Docker",ML Engineer
ST0140,BTech,BTech_CSE,21,Male,74.35,81.15,69.25,8,3,8,4,6,6,7,7,4,3,2,4,4,5,Creative,"Frontend Design, Visual Prototyping",Security,Leader,3,2,No,Web,"Communication, Excel",Data Scientist
ST0141,Graduate,BCom,25,Female,85.52,72.87,90.66,6,7,8,6,4,5,5,7,5,2,5,1,5,4,Creative,"Content Creation, UI Design",Data,Analytical,2,2,No,Statistics,"Photoshop, PowerBI, Illustrator",Data Scientist
ST0142,Pursuing_Diploma,Diploma_Mech,22,Female,51.26,84.52,0.0,7,9,4,7,8,3,7,7,3,1,2,4,1,1,Technical,"Software Engineering, System Admin",AI-ML,Logical,2,2,No,Python,"WordPress, TensorFlow",UI/UX Designer
ST0143,Graduate,BBA,26,Female,81.94,91.69,79.53,6,5,3,5,5,3,9,3,1,5,4,2,4,4,Creative,"UI Design, Frontend Design",Web,Creative,1,2,No,Web,"Terraform, React",Full Stack Developer
ST0144,Pursuing_12th,Science,19,Male,50.0,0.0,0.0,7,6,7,6,6,7,10,8,1,1,3,2,5,5,Technical,"App Development, Software Engineering",Data,Logical,1,0,No,UI Design,"Math, Ethical Hacking",Backend Developer
ST0145,Graduate,BBA,19,Female,87.94,62.84,62.91,4,6,4,6,6,7,9,5,1,1,1,4,1,4,Technical,"Software Engineering, System Admin",Data,Creative,0,0,No,DBMS,"Figma, Photoshop, SQL",DevOps Engineer
ST0146,Graduate,BSc_CS,26,Female,69.41,59.61,62.65,6,3,4,7,7,6,7,3,5,2,4,1,1,4,Creative,"UI Design, Frontend Design",Web,Creative,3,2,Yes,Networking,"Communication, CRM, Market Research",Database Administrator
ST0147,Pursuing_Diploma,Diploma_CSE,22,Male,50.0,71.04,0.0,3,4,4,5,6,6,9,8,4,2,1,5,1,4,Creative,"Frontend Design, UI Design",Web,Leader,3,2,No,Networking,"PyTorch, Communication",Business Analyst
ST0148,Pursuing_Diploma,Diploma_ECE,19,Female,64.6,73.69,0.0,6,5,5,8,5,4,5,7,3,1,5,4,2,3,Creative,"Content Creation, Frontend Design",Cloud,Analytical,0,2,No,UI Design,"Math, Python, TensorFlow, Kubernetes",Backend Developer
ST0149,Pursuing_12th,Science,18,Male,78.03,0.0,0.0,9,8,8,8,8,4,9,6,2,3,4,5,3,5,Creative,"Visual Prototyping, UI Design",Web,Creative,1,1,No,Math,"Excel, PowerBI, Math",Data Scientist
ST0150,10th,General,16,Female,80.13,0.0,0.0,6,3,8,5,7,7,4,10,1,5,2,4,5,2,Analytical,"Risk Assessment, Data Analysis",Cloud,Analytical,2,0,No,UI Design,"Tableau, Kubernetes",Full Stack Developer
ST0151,Pursuing_Diploma,Diploma_IT,19,Female,64.28,73.01,0.0,9,3,5,6,4,7,7,3,2,2,2,3,4,2,Management,"Product Owner, Team Lead",Cloud,Logical,1,1,No,Networking,"Scikit-Learn, Wireshark",Data Scientist
ST0152,12th,Science,17,Male,69.96,45.0,0.0,8,7,6,8,5,3,4,8,1,1,3,3,3,2,Creative,"Visual Prototyping, UI Design",AI-ML,Creative,1,3,No,Python,"Linux, Wireshark, Ethical Hacking",Business Analyst
ST0153,Pursuing_Diploma,Diploma_Mech,24,Male,50.0,57.47,0.0,8,5,5,7,3,8,8,7,3,2,3,4,1,1,Analytical,"Quality Assurance, Data Analysis",AI-ML,Logical,1,1,No,DBMS,"CSS, WordPress, Photoshop, Node.js",DevOps Engineer
ST0154,BCA,BCA,20,Male,56.41,68.82,76.13,3,6,8,5,6,7,9,4,4,2,4,2,1,1,Management,"Scrum Master, Operations",Data,Logical,2,1,Yes,Math,"Scikit-Learn, Python, Linux",Full Stack Developer
ST0155,12th,Commerce,19,Male,69.0,75.01,0.0,7,7,5,6,9,6,6,6,2,5,2,5,1,2,Analytical,"Risk Assessment, Market Research",AI-ML,Creative,1,0,No,Networking,"Figma, Photoshop, Agile",Database Administrator
ST0156,12th,Arts,19,Other,79.32,88.13,0.0,8,10,5,3,7,6,6,9,5,2,3,2,5,4,Technical,"System Admin, DevOps",Cloud,Leader,0,0,No,Python,"React, Cryptography, Wireshark, Ethical Hacking",Database Administrator
ST0157,Pursuing_BTech,BTech_ECE,19,Female,70.48,72.07,0.0,5,3,4,3,5,6,7,5,2,4,5,4,3,2,Analytical,"Quality Assurance, Market Research",AI-ML,Leader,1,0,No,Networking,"Keras, Wireshark, Ethical Hacking",DevOps Engineer
ST0158,Pursuing_12th,Arts,19,Male,81.0,0.0,0.0,8,8,8,6,3,6,5,8,2,3,4,4,3,3,Technical,"Software Engineering, App Development",Web,Analytical,0,0,Yes,Statistics,"Tableau, Python, Statistics, SQL",Software Tester
ST0159,Pursuing_BTech,BTech_ECE,23,Male,74.92,94.39,0.0,9,6,7,6,9,5,5,10,3,3,4,1,2,3,Technical,"App Development, Software Engineering",Cloud,Creative,0,1,No,Web,"PyTorch, CRM, Keras",Data Scientist
ST0160,Diploma,Diploma_ECE,21,Female,50.0,87.72,0.0,4,4,6,5,7,5,7,5,3,4,4,3,5,4,Analytical,"Data Analysis, Risk Assessment",Security,Leader,1,3,No,Web,"Scikit-Learn, Math, Linux, TensorFlow",Backend Developer
ST0161,Pursuing_BTech,BTech_ECE,24,Female,75.42,71.0,0.0,6,4,7,10,6,8,7,4,1,2,1,1,2,5,Technical,"App Development, System Admin",Security,Logical,0,2,No,Networking,"Scikit-Learn, TensorFlow, Canva, PyTorch",Cloud Engineer
ST0162,BCA,BCA,25,Female,82.12,95.87,66.02,10,5,4,5,6,5,9,8,1,1,3,3,2,3,Technical,"System Admin, Software Engineering",Security,Creative,1,2,No,Statistics,"Terraform, Linux, Wireshark, Network Security",Data Scientist
ST0163,Graduate,BSc_CS,19,Female,85.33,70.91,56.88,5,8,5,8,3,3,6,10,2,5,4,1,5,4,Analytical,"Quality Assurance, Market Research",Data,Leader,5,1,No,DBMS,"HTML, Python, PowerBI, SQL",Web Developer
ST0164,BTech,BTech_CSE,23,Male,74.04,87.69,62.58,3,5,7,3,5,6,4,6,5,5,5,3,2,3,Technical,"App Development, DevOps",Web,Creative,1,2,No,Networking,"JavaScript, Cryptography",Cybersecurity Analyst
ST0165,BCA,BCA,24,Male,56.52,53.94,76.61,5,6,8,9,7,5,5,3,5,5,4,5,5,3,Creative,"Frontend Design, Visual Prototyping",Cloud,Logical,1,2,No,Web,"Terraform, Pandas, R",Business Analyst
ST0166,Pursuing_Diploma,Diploma_IT,23,Female,83.39,71.61,0.0,7,5,4,4,5,4,5,3,4,5,5,4,5,2,Creative,"Visual Prototyping, UI Design",AI-ML,Analytical,0,1,No,Statistics,"PHP, Python",UI/UX Designer
ST0167,10th,General,17,Male,79.44,0.0,0.0,4,8,6,4,4,7,4,9,1,1,4,1,1,5,Technical,"DevOps, Software Engineering",Web,Leader,3,3,No,DBMS,"WordPress, Angular",Software Tester
ST0168,10th,General,15,Male,94.69,0.0,0.0,9,6,8,5,6,4,9,7,4,5,3,3,4,3,Creative,"Content Creation, UI Design",Web,Leader,1,5,Yes,Statistics,"Communication, Tableau",Data Scientist
ST0169,Pursuing_12th,Science,18,Female,84.7,0.0,0.0,7,7,5,3,7,8,5,8,1,4,1,3,1,3,Creative,"UI Design, Content Creation",Security,Creative,0,4,Yes,Web,"Azure, Network Security",Data Scientist
ST0170,12th,Arts,18,Female,78.61,76.16,0.0,4,6,3,6,7,8,5,3,2,4,5,3,2,3,Creative,"UI Design, Visual Prototyping",Web,Creative,2,3,No,Web,"React, Linux, Cryptography, Network Security",Cybersecurity Analyst
ST0171,Diploma,Diploma_CSE,24,Male,87.74,69.26,0.0,6,4,5,7,3,5,4,8,2,1,3,4,1,2,Analytical,"Quality Assurance, Data Analysis",AI-ML,Leader,3,3,No,Python,"PyTorch, Project Management",Backend Developer
ST0172,BCA,BCA,24,Female,97.7,84.87,74.0,3,3,3,4,9,7,10,6,3,1,4,1,1,1,Creative,"UI Design, Visual Prototyping",AI-ML,Creative,4,2,Yes,UI Design,"Excel, Python, Node.js, R",UI/UX Designer
ST0173,Pursuing_Diploma,Diploma_CSE,22,Male,73.62,73.8,0.0,8,5,4,8,7,4,8,7,4,2,4,4,2,5,Technical,"System Admin, Software Engineering",AI-ML,Analytical,1,4,Yes,UI Design,"React, Illustrator",Cloud Engineer
ST0174,Graduate,BBA,24,Male,68.29,57.37,71.23,8,6,8,5,4,10,4,6,2,3,3,1,1,2,Management,"Operations, Team Lead",Cloud,Creative,1,1,No,Math,"PowerBI, Network Security",Cloud Engineer
ST0175,Pursuing_BTech,BTech_IT,22,Other,65.48,73.17,0.0,7,8,7,8,7,4,10,4,4,1,3,4,5,3,Management,"Operations, Product Owner",Data,Leader,1,1,No,Networking,"HTML, CSS, Agile",Data Scientist
ST0176,Pursuing_Diploma,Diploma_ECE,22,Female,65.31,67.3,0.0,8,7,3,4,5,8,5,10,1,3,5,5,3,1,Technical,"App Development, System Admin",Web,Logical,1,0,No,DBMS,"Ethical Hacking, Cryptography, Network Security",Cloud Engineer
ST0177,Graduate,BSc_CS,24,Male,68.9,78.41,92.9,3,5,8,7,6,5,10,5,1,2,1,2,2,2,Management,"Operations, Scrum Master",Data,Analytical,2,3,No,DBMS,"Tableau, R, PowerBI, Kubernetes",DevOps Engineer
ST0178,Pursuing_12th,Commerce,19,Female,68.15,0.0,0.0,8,5,7,7,6,3,4,9,3,4,4,5,3,3,Technical,"Software Engineering, System Admin",Web,Analytical,0,2,No,DBMS,"AWS, PowerBI",Data Scientist
ST0179,Pursuing_BTech,BTech_ECE,24,Female,66.16,95.95,0.0,4,6,7,6,4,4,9,5,4,1,2,5,2,1,Technical,"DevOps, App Development",Web,Analytical,0,2,No,UI Design,"PyTorch, Node.js",Cloud Engineer
ST0180,12th,Commerce,17,Female,72.03,73.57,0.0,10,8,8,9,7,7,8,5,1,2,2,5,2,3,Creative,"Content Creation, UI Design",Cloud,Logical,0,2,No,UI Design,"Photoshop, Illustrator, Canva",Data Scientist
ST0181,12th,Commerce,19,Male,93.96,50.41,0.0,4,8,4,3,5,8,9,3,2,3,4,5,3,3,Management,"Team Lead, Scrum Master",AI-ML,Creative,3,1,No,Python,"Terraform, Pandas, Linux",Full Stack Developer
ST0182,Graduate,BCom,24,Male,79.34,90.83,60.86,3,7,9,7,7,4,9,8,1,1,4,3,3,1,Management,"Team Lead, Product Owner",Data,Logical,2,2,No,UI Design,"Communication, Project Management, Market Research",UI/UX Designer
ST0183,BCA,BCA,24,Male,65.82,56.51,61.86,8,7,6,4,4,3,6,5,5,2,1,1,4,5,Analytical,"Quality Assurance, Market Research",Security,Analytical,0,0,No,Math,"HTML, Azure, Linux, Docker",Software Tester
ST0184,Pursuing_BTech,BTech_Civil,26,Male,63.9,50.46,0.0,3,6,4,8,7,7,8,6,1,3,1,5,5,1,Management,"Product Owner, Operations",Web,Analytical,1,2,No,UI Design,"Excel, Linux",Business Analyst
ST0185,BCA,BCA,22,Male,73.18,75.39,76.72,7,7,10,8,6,8,4,6,5,2,5,4,1,1,Management,"Product Owner, Scrum Master",AI-ML,Logical,0,5,Yes,DBMS,"Tableau, Python, WordPress, SQL",Cloud Engineer
ST0186,Graduate,BCom,26,Female,86.79,86.43,62.12,7,5,9,4,7,5,4,8,4,1,3,5,1,1,Management,"Scrum Master, Team Lead",Security,Leader,0,3,No,UI Design,"Figma, Excel, Photoshop, Canva",Data Scientist
ST0187,Diploma,Diploma_Mech,21,Female,75.52,54.15,0.0,6,5,4,6,5,6,6,5,1,2,1,2,5,3,Technical,"DevOps, Software Engineering",Web,Leader,0,1,No,Math,"Linux, Keras",Cloud Engineer
ST0188,BTech,BTech_IT,26,Male,66.85,57.07,62.27,7,7,8,9,7,3,9,8,4,4,2,3,5,1,Analytical,"Market Research, Risk Assessment",AI-ML,Logical,3,3,No,Statistics,"WordPress, React",Full Stack Developer
ST0189,Pursuing_12th,Arts,19,Female,91.71,0.0,0.0,8,7,5,3,5,6,7,6,4,5,4,3,5,1,Analytical,"Quality Assurance, Market Research",Web,Creative,1,1,No,UI Design,"Market Research, Keras, CRM, Agile",DevOps Engineer
ST0190,12th,Arts,17,Male,65.02,86.87,0.0,7,4,6,5,9,5,5,3,2,2,3,1,4,5,Management,"Scrum Master, Operations",Web,Creative,2,1,No,DBMS,"Linux, Angular, Cryptography",Backend Developer
ST0191,12th,Science,19,Female,71.47,73.64,0.0,9,3,8,4,8,7,4,5,2,5,3,3,3,5,Creative,"Visual Prototyping, UI Design",Data,Creative,1,2,No,Math,"AWS, R, Docker",Data Scientist
ST0192,Graduate,BBA,22,Male,78.84,78.85,57.8,3,5,6,8,5,4,10,7,2,1,5,2,4,5,Management,"Product Owner, Operations",AI-ML,Leader,0,1,Yes,Math,"Market Research, Linux, Wireshark",UI/UX Designer
ST0193,Pursuing_BTech,BTech_Civil,23,Male,89.63,79.17,0.0,7,8,5,5,6,6,7,5,1,1,4,4,2,4,Analytical,"Risk Assessment, Data Analysis",Security,Analytical,1,1,No,Statistics,"CSS, PHP, Linux, Node.js",Full Stack Developer
ST0194,Graduate,BCom,25,Male,60.75,83.78,61.08,6,6,6,5,7,3,7,3,5,5,2,3,1,4,Creative,"UI Design, Visual Prototyping",Cloud,Creative,2,1,No,Web,"Python, Linux, Wireshark",Web Developer
ST0195,Pursuing_BTech,BTech_CSE,25,Male,55.94,67.13,0.0,5,7,7,6,5,3,4,9,1,1,5,5,1,2,Analytical,"Risk Assessment, Market Research",Web,Analytical,1,1,No,Web,"Scikit-Learn, Linux, Ethical Hacking",Cybersecurity Analyst
ST0196,Pursuing_BTech,BTech_ECE,20,Female,80.13,90.15,0.0,3,3,7,3,4,7,4,3,3,2,1,3,5,1,Management,"Scrum Master, Team Lead",Web,Creative,3,1,No,Web,"CSS, Linux, Ethical Hacking, Network Security",Database Administrator
ST0197,Pursuing_12th,Arts,19,Female,73.2,0.0,0.0,4,5,10,8,4,5,4,3,3,2,1,1,5,5,Management,"Scrum Master, Product Owner",Cloud,Creative,0,2,No,Statistics,"HTML, PHP, Communication, React",Full Stack Developer
ST0198,Pursuing_BTech,BTech_ECE,19,Male,72.43,67.06,0.0,6,5,4,6,4,4,5,7,4,1,3,3,5,4,Technical,"System Admin, App Development",Security,Analytical,1,0,No,Web,"Linux, Math, Python, TensorFlow",UI/UX Designer
ST0199,BTech,BTech_CSE,19,Male,85.34,71.64,85.54,8,5,3,6,8,5,6,5,5,4,1,5,5,2,Analytical,"Market Research, Quality Assurance",Cloud,Analytical,3,0,No,DBMS,"CRM, Linux, Wireshark, Cryptography",Full Stack Developer
ST0200,BTech,BTech_CSE,20,Male,71.43,72.77,81.32,3,4,9,6,3,8,10,4,1,4,2,1,1,1,Management,"Team Lead, Operations",Web,Logical,1,2,No,Web,"Canva, Node.js, Illustrator",Cloud Engineer
ST0201,Graduate,BCom,22,Male,82.36,69.41,75.14,7,7,5,7,4,4,10,10,1,3,5,3,2,1,Technical,"Software Engineering, System Admin",Web,Leader,1,1,No,Statistics,"Terraform, PyTorch",UI/UX Designer
ST0202,Pursuing_12th,Science,18,Male,58.44,0.0,0.0,3,5,8,8,7,6,8,6,5,2,4,5,4,5,Technical,"System Admin, Software Engineering",AI-ML,Analytical,4,1,No,Math,"Market Research, Scikit-Learn",Web Developer
ST0203,Diploma,Diploma_Mech,25,Male,55.63,68.96,0.0,4,7,8,5,4,8,4,10,5,2,2,5,3,4,Technical,"Software Engineering, DevOps",Security,Leader,1,3,No,Web,"Market Research, Excel, Tableau, PowerBI",Cloud Engineer
ST0204,10th,General,16,Male,71.28,0.0,0.0,3,4,6,8,9,7,7,7,1,5,1,3,4,1,Management,"Product Owner, Operations",Web,Creative,2,0,Yes,Web,"Keras, Illustrator",Business Analyst
ST0205,10th,General,17,Male,58.4,0.0,0.0,5,6,7,7,7,5,6,5,2,5,1,1,2,5,Creative,"UI Design, Visual Prototyping",Security,Logical,3,2,No,UI Design,"Network Security, Agile",Cloud Engineer
ST0206,Diploma,Diploma_CSE,22,Female,77.62,78.71,0.0,4,6,6,4,3,4,9,5,4,4,5,3,1,4,Technical,"App Development, Software Engineering",Cloud,Analytical,3,0,No,Networking,"Figma, Canva",Database Administrator
ST0207,Pursuing_BTech,BTech_Civil,26,Male,80.5,45.0,0.0,5,3,5,3,8,7,10,3,5,1,2,2,3,1,Management,"Team Lead, Scrum Master",AI-ML,Creative,1,2,No,Networking,"Statistics, Agile",Cloud Engineer
ST0208,Pursuing_Diploma,Diploma_IT,19,Male,50.0,93.14,0.0,7,3,9,6,4,7,4,8,1,1,1,2,5,3,Management,"Product Owner, Team Lead",Security,Creative,3,0,No,Python,"Math, Adobe XD, Illustrator, Canva",DevOps Engineer
ST0209,Pursuing_BTech,BTech_IT,19,Female,80.52,78.21,0.0,6,5,8,7,8,4,7,6,5,5,2,2,5,2,Management,"Operations, Team Lead",Data,Leader,1,1,No,Python,"Terraform, Linux, Docker, Keras",Data Scientist
ST0210,Graduate,BTech_IT,24,Female,91.94,74.8,76.39,4,8,7,8,8,5,4,4,5,1,1,1,2,2,Technical,"DevOps, System Admin",Data,Analytical,0,3,Yes,DBMS,"Communication, Project Management, Figma",UI/UX Designer
ST0211,Pursuing_Diploma,Diploma_CSE,23,Male,50.0,97.73,0.0,4,7,7,5,6,5,4,8,4,5,4,3,2,4,Technical,"DevOps, System Admin",Data,Creative,0,2,No,DBMS,"Photoshop, Canva, TensorFlow, Illustrator",UI/UX Designer
ST0212,Pursuing_BTech,BTech_ECE,25,Male,81.39,79.95,0.0,7,8,5,7,8,7,4,3,5,1,2,2,5,3,Management,"Operations, Scrum Master",Data,Analytical,1,3,No,Python,"Math, Linux, Docker",Backend Developer
ST0213,BTech,BTech_Civil,26,Female,98.82,93.7,76.61,5,8,5,6,5,3,10,8,1,5,5,3,2,3,Technical,"DevOps, System Admin",Web,Logical,0,2,No,Math,"JavaScript, Ethical Hacking",ML Engineer
ST0214,Pursuing_Diploma,Diploma_IT,24,Male,89.54,80.58,0.0,4,4,8,6,6,8,8,5,2,4,5,4,3,5,Analytical,"Risk Assessment, Data Analysis",Cloud,Logical,2,3,No,Networking,"Tableau, R, WordPress, SQL",Cloud Engineer
ST0215,BTech,BTech_CSE,19,Female,92.0,66.08,65.06,8,9,3,6,10,7,7,4,3,1,2,4,4,3,Technical,"Software Engineering, System Admin",Web,Creative,1,1,No,Web,"HTML, Angular, Canva",Database Administrator
ST0216,10th,General,15,Male,55.23,0.0,0.0,9,7,5,5,3,6,7,6,1,3,3,1,3,4,Analytical,"Market Research, Data Analysis",Web,Analytical,0,2,No,Math,"Network Security, Node.js, Ethical Hacking",Data Scientist
ST0217,12th,Science,17,Male,98.69,87.89,0.0,4,5,9,3,7,8,9,7,1,2,2,2,5,2,Management,"Team Lead, Scrum Master",Web,Analytical,1,3,No,Math,"CRM, Linux, Wireshark, Ethical Hacking",Business Analyst
ST0218,Pursuing_BTech,BTech_IT,24,Female,53.7,60.41,0.0,4,5,3,6,7,8,7,9,3,1,5,4,1,1,Analytical,"Quality Assurance, Risk Assessment",Security,Analytical,2,3,No,UI Design,"CSS, Agile",Data Scientist
ST0219,12th,Science,19,Male,58.13,70.63,0.0,7,7,8,9,7,6,6,7,4,5,1,3,2,2,Analytical,"Risk Assessment, Quality Assurance",Cloud,Logical,1,2,No,Networking,"HTML, AWS, WordPress, React",Software Tester
ST0220,BCA,BCA,22,Male,80.43,48.77,76.98,6,8,5,4,4,6,7,8,5,2,2,1,5,4,Analytical,"Data Analysis, Quality Assurance",Web,Leader,3,3,No,Networking,"Communication, CRM, Market Research, PyTorch",Cloud Engineer
ST0221,BTech,BTech_ECE,21,Female,73.78,53.05,79.0,8,9,3,7,9,3,6,8,5,5,2,4,3,1,Technical,"System Admin, App Development",Data,Creative,0,0,No,Web,"AWS, Docker, React",Database Administrator
ST0222,BCA,BCA,21,Male,77.46,45.0,68.87,8,8,7,3,6,7,8,7,2,5,3,3,1,4,Technical,"App Development, System Admin",Data,Leader,0,2,Yes,Statistics,"Terraform, Photoshop, Linux, Kubernetes",Full Stack Developer
ST0223,12th,Science,18,Female,78.72,51.62,0.0,3,4,6,8,7,5,8,5,4,1,2,5,3,3,Analytical,"Data Analysis, Risk Assessment",Cloud,Leader,0,2,No,Web,"PyTorch, Linux, Kubernetes",DevOps Engineer
ST0224,Graduate,BTech_IT,19,Other,60.38,86.59,70.73,5,4,7,9,5,4,7,8,4,5,1,3,4,2,Creative,"Frontend Design, UI Design",Cloud,Logical,0,1,Yes,DBMS,"CSS, Linux, Wireshark, Cryptography",UI/UX Designer
ST0225,BCA,BCA,26,Other,61.35,66.09,79.38,5,7,8,6,5,9,5,8,2,5,4,3,4,1,Management,"Product Owner, Scrum Master",Security,Leader,1,3,No,Math,"R, Wireshark, SQL",Full Stack Developer
ST0226,10th,General,17,Male,62.12,0.0,0.0,7,6,3,5,8,6,5,8,2,4,3,2,4,4,Technical,"DevOps, Software Engineering",Data,Leader,2,4,Yes,UI Design,"JavaScript, SQL",DevOps Engineer
ST0227,Pursuing_12th,Science,17,Male,78.8,0.0,0.0,8,9,7,6,7,6,9,8,4,2,1,2,2,5,Technical,"App Development, Software Engineering",Security,Analytical,1,3,No,Web,"AWS, Azure, Ethical Hacking",Data Scientist
ST0228,Graduate,BCom,22,Female,96.94,91.86,78.34,4,6,8,6,5,4,5,7,3,5,1,5,4,5,Technical,"Software Engineering, App Development",Cloud,Analytical,4,2,No,Math,"PyTorch, Angular",Web Developer
ST0229,Diploma,Diploma_Mech,24,Male,98.36,65.92,0.0,8,3,7,5,7,5,10,8,4,2,2,3,3,2,Management,"Scrum Master, Team Lead",Web,Logical,1,5,Yes,Web,"Tableau, PowerBI, Statistics",Cybersecurity Analyst
ST0230,BCA,BCA,24,Male,80.72,69.01,90.36,7,5,6,6,5,6,6,6,5,2,2,3,5,4,Analytical,"Quality Assurance, Data Analysis",AI-ML,Creative,0,1,No,Web,"TensorFlow, Illustrator, Canva",Full Stack Developer
ST0231,Pursuing_12th,Science,17,Female,56.64,0.0,0.0,5,6,7,7,8,3,4,9,1,1,4,3,4,1,Analytical,"Quality Assurance, Risk Assessment",Security,Leader,0,2,No,Statistics,"HTML, Scikit-Learn, TensorFlow",Data Scientist
ST0232,BTech,BTech_ECE,19,Male,95.17,94.24,64.0,5,3,4,7,3,4,4,4,5,3,2,4,4,4,Management,"Scrum Master, Product Owner",Web,Logical,1,4,Yes,Web,"R, PowerBI, Statistics, Agile",Web Developer
ST0233,10th,General,17,Male,91.18,0.0,0.0,5,5,3,7,6,5,10,6,4,4,2,3,1,1,Creative,"Visual Prototyping, Content Creation",Security,Creative,1,0,No,Statistics,"Market Research, Tableau, Agile",Database Administrator
ST0234,Pursuing_Diploma,Diploma_Mech,20,Female,59.56,65.39,0.0,8,5,6,8,7,6,5,9,5,4,1,3,5,1,Technical,"DevOps, App Development",AI-ML,Logical,3,1,Yes,Python,"Terraform, Market Research, Azure",Cybersecurity Analyst
ST0235,Pursuing_12th,Science,18,Female,81.75,0.0,0.0,4,8,7,6,5,7,8,5,4,2,5,5,5,4,Management,"Product Owner, Operations",Security,Creative,1,0,No,DBMS,"Node.js, React",ML Engineer
ST0236,Pursuing_Diploma,Diploma_CSE,23,Female,92.06,59.22,0.0,5,3,8,3,7,3,4,9,2,4,5,2,2,3,Analytical,"Quality Assurance, Risk Assessment",Cloud,Leader,0,2,No,DBMS,"Market Research, Math",ML Engineer
ST0237,10th,General,16,Male,87.23,0.0,0.0,5,4,6,4,7,5,10,5,2,5,2,4,5,1,Technical,"System Admin, DevOps",Cloud,Analytical,3,2,No,Networking,"AWS, CRM",Software Tester
ST0238,Pursuing_12th,Commerce,19,Female,61.97,0.0,0.0,8,7,9,8,5,9,9,6,2,4,2,2,4,4,Management,"Scrum Master, Product Owner",AI-ML,Leader,0,0,No,Web,"Excel, Tableau, Photoshop",Web Developer
ST0239,BTech,BTech_ECE,25,Male,50.0,69.18,62.78,8,5,5,5,7,4,9,3,5,3,4,1,2,3,Creative,"Content Creation, Frontend Design",Data,Creative,1,0,No,UI Design,"Terraform, AWS, Linux, Ethical Hacking",Database Administrator
ST0240,Graduate,BCom,20,Female,71.7,62.8,77.99,7,3,7,6,4,7,6,6,2,5,4,4,2,3,Analytical,"Risk Assessment, Data Analysis",Security,Leader,2,0,No,Networking,"Network Security, Wireshark, Cryptography, Ethical Hacking",Business Analyst
ST0241,Graduate,BCA,21,Male,76.2,85.04,71.24,4,3,7,4,8,5,10,3,5,1,1,3,3,4,Management,"Operations, Product Owner",Web,Logical,0,1,No,Web,"Azure, Node.js",Database Administrator
ST0242,BCA,BCA,19,Male,58.33,91.1,63.88,3,4,9,6,10,4,6,6,3,1,3,2,3,3,Management,"Product Owner, Operations",Cloud,Creative,2,5,Yes,UI Design,"Python, Photoshop, Adobe XD, Illustrator",Full Stack Developer
ST0243,10th,General,15,Female,84.02,0.0,0.0,8,5,3,5,7,7,4,5,4,5,5,3,4,3,Analytical,"Risk Assessment, Data Analysis",Web,Logical,1,3,No,Networking,"Communication, Wireshark, Agile",Database Administrator
ST0244,BCA,BCA,22,Male,86.98,83.05,81.19,8,8,7,4,5,7,10,6,4,5,1,1,2,3,Creative,"UI Design, Content Creation",Cloud,Leader,1,4,Yes,UI Design,"AWS, Python",Cybersecurity Analyst
ST0245,12th,Science,19,Male,78.82,54.81,0.0,8,5,5,9,3,7,8,7,1,3,2,4,2,3,Analytical,"Market Research, Risk Assessment",Data,Logical,1,1,No,DBMS,"Python, TensorFlow, Agile",Cloud Engineer
ST0246,Graduate,BTech_IT,22,Other,77.72,90.04,63.42,8,3,5,8,3,6,7,5,5,5,3,1,2,5,Management,"Product Owner, Scrum Master",Cloud,Logical,2,0,No,Python,"Python, Network Security",Database Administrator
ST0247,BCA,BCA,26,Other,98.47,70.68,82.79,6,6,4,5,5,9,9,6,5,2,2,1,5,3,Management,"Scrum Master, Product Owner",AI-ML,Leader,2,2,No,Networking,"Azure, Linux, Docker, Cryptography",Full Stack Developer
ST0248,10th,General,17,Male,82.06,0.0,0.0,6,4,7,7,7,4,5,6,5,4,4,3,1,3,Analytical,"Market Research, Quality Assurance",AI-ML,Logical,3,0,No,Networking,"Scikit-Learn, Python, TensorFlow",Software Tester
ST0249,Graduate,BTech_IT,25,Male,85.78,50.52,69.35,6,5,9,7,7,7,5,4,3,4,2,3,1,4,Management,"Scrum Master, Team Lead",AI-ML,Analytical,1,0,Yes,DBMS,"PyTorch, Linux, Cryptography, Ethical Hacking",Software Tester
ST0250,Pursuing_BTech,BTech_Civil,25,Male,82.93,78.21,0.0,6,5,5,8,5,7,8,3,3,5,5,1,1,4,Creative,"Frontend Design, Visual Prototyping",AI-ML,Logical,4,1,No,DBMS,"Python, PowerBI",DevOps Engineer
ST0251,Diploma,Diploma_Mech,26,Female,71.67,80.96,0.0,9,5,9,7,9,7,6,6,1,2,5,3,2,1,Management,"Operations, Product Owner",Web,Creative,4,0,Yes,Python,"Docker, SQL",Data Scientist
ST0252,Pursuing_BTech,BTech_IT,21,Male,78.09,58.71,0.0,4,6,4,4,4,3,9,3,4,2,4,4,3,4,Creative,"UI Design, Visual Prototyping",Security,Leader,1,0,Yes,Networking,"JavaScript, WordPress, Angular, Network Security",Data Scientist
ST0253,Diploma,Diploma_IT,19,Male,60.82,62.62,0.0,7,6,7,8,7,5,4,10,5,1,3,3,3,2,Technical,"App Development, DevOps",Data,Logical,0,1,No,DBMS,"Terraform, Keras",DevOps Engineer
ST0254,BCA,BCA,19,Male,74.15,62.68,56.06,5,7,6,5,4,5,8,7,1,4,1,4,4,5,Analytical,"Data Analysis, Quality Assurance",Security,Leader,2,2,No,Math,Communication,Data Scientist
ST0255,12th,Commerce,17,Female,71.92,87.08,0.0,7,3,4,4,5,7,8,7,1,1,4,1,1,2,Creative,"UI Design, Content Creation",AI-ML,Leader,2,1,No,Python,"Terraform, Azure, SQL",Full Stack Developer
ST0256,BTech,BTech_CSE,25,Male,71.97,86.57,79.88,8,4,5,7,4,8,8,9,2,5,3,4,3,3,Technical,"System Admin, App Development",Security,Leader,3,3,No,Networking,"Figma, WordPress",Data Scientist
ST0257,12th,Science,17,Female,72.25,100.0,0.0,6,7,6,6,3,3,6,8,3,5,4,4,4,3,Creative,"Content Creation, UI Design",Web,Logical,0,3,No,Statistics,"Excel, Python, PowerBI, Ethical Hacking",Web Developer
ST0258,10th,General,16,Male,79.85,0.0,0.0,4,4,7,8,6,8,7,6,4,5,3,1,3,2,Management,"Team Lead, Product Owner",Security,Analytical,1,2,No,UI Design,"Math, Network Security, Linux, Ethical Hacking",Business Analyst
ST0259,Diploma,Diploma_CSE,19,Female,81.16,70.97,0.0,4,6,6,8,5,5,6,6,2,1,3,5,1,3,Technical,"App Development, System Admin",Web,Analytical,1,2,No,Statistics,"Project Management, Python",Database Administrator
ST0260,Pursuing_12th,Science,17,Male,91.59,0.0,0.0,6,7,5,8,6,8,6,8,3,1,5,1,5,2,Technical,"App Development, DevOps",Data,Analytical,2,2,No,Math,"CSS, AWS",ML Engineer
ST0261,Diploma,Diploma_ECE,24,Female,100.0,67.28,0.0,8,4,10,7,7,5,8,4,3,4,3,1,5,5,Management,"Team Lead, Scrum Master",Cloud,Leader,1,0,No,Web,"PyTorch, JavaScript, PHP, Angular",Cloud Engineer
ST0262,BTech,BTech_ECE,21,Male,92.25,54.2,68.99,8,6,5,7,9,3,5,4,2,5,1,5,4,4,Creative,"Visual Prototyping, UI Design",Security,Creative,2,1,No,UI Design,"CRM, SQL",Cloud Engineer
ST0263,Pursuing_Diploma,Diploma_Mech,26,Female,76.12,90.94,0.0,3,7,7,3,6,8,5,4,2,2,4,5,2,2,Management,"Operations, Scrum Master",Data,Creative,1,2,No,UI Design,"Terraform, Linux, Kubernetes, React",Database Administrator
ST0264,BCA,BCA,21,Male,71.58,53.77,79.18,4,7,7,8,5,4,7,6,4,5,5,5,1,5,Analytical,"Risk Assessment, Quality Assurance",Web,Logical,0,2,No,Web,"HTML, PHP, Node.js",Data Scientist
ST0265,BCA,BCA,23,Male,100.0,73.21,59.84,3,9,5,9,5,8,6,8,3,3,1,5,3,1,Technical,"Software Engineering, DevOps",AI-ML,Logical,0,1,No,Python,"Photoshop, Linux, Cryptography, Ethical Hacking",DevOps Engineer
ST0266,10th,General,17,Male,62.3,0.0,0.0,5,7,6,6,4,8,8,7,1,5,5,5,5,1,Analytical,"Data Analysis, Risk Assessment",Data,Leader,1,3,No,Web,"Market Research, CRM, TensorFlow",Cloud Engineer
ST0267,Pursuing_12th,Science,18,Female,94.11,0.0,0.0,4,5,8,9,8,5,6,6,5,5,4,3,1,1,Analytical,"Risk Assessment, Quality Assurance",Cloud,Logical,1,3,Yes,Math,"PyTorch, Python",Cybersecurity Analyst
ST0268,10th,General,17,Male,64.95,0.0,0.0,5,7,8,6,5,3,5,5,5,3,4,1,2,2,Technical,"App Development, DevOps",Cloud,Creative,1,1,No,DBMS,"Excel, CRM",Cloud Engineer
ST0269,Pursuing_Diploma,Diploma_Mech,26,Male,67.49,61.5,0.0,3,5,6,7,7,6,4,5,2,3,5,1,5,5,Creative,"Visual Prototyping, Content Creation",Security,Analytical,2,1,No,UI Design,"AWS, Linux, Kubernetes",Cybersecurity Analyst
ST0270,Graduate,BTech_IT,21,Male,90.83,69.56,61.0,4,6,5,8,7,8,7,4,2,5,3,3,4,4,Creative,"Frontend Design, UI Design",Data,Creative,1,1,No,UI Design,"Figma, Photoshop, Canva",DevOps Engineer
ST0271,BTech,BTech_Civil,19,Male,75.65,91.1,68.8,9,9,7,7,5,8,6,9,4,4,3,1,1,2,Technical,"Software Engineering, App Development",Web,Analytical,1,3,No,Python,"JavaScript, PHP, Adobe XD",Data Scientist
ST0272,Pursuing_12th,Commerce,17,Female,76.11,0.0,0.0,4,7,4,4,5,5,5,8,1,1,4,5,2,1,Creative,"Content Creation, Frontend Design",Cloud,Creative,1,0,No,Python,"Figma, Python, Canva",UI/UX Designer
ST0273,Pursuing_BTech,BTech_Civil,23,Female,67.06,78.05,0.0,5,9,6,8,6,5,8,5,4,1,1,5,3,2,Technical,"App Development, System Admin",Web,Logical,0,0,No,Networking,"Math, PowerBI",Web Developer
ST0274,Pursuing_BTech,BTech_IT,22,Male,70.95,98.3,0.0,10,6,8,6,4,8,7,4,5,4,5,1,3,2,Management,"Product Owner, Operations",AI-ML,Creative,0,1,No,Python,"Adobe XD, Cryptography, Canva",ML Engineer
ST0275,Diploma,Diploma_IT,22,Male,78.33,50.77,0.0,8,7,7,3,9,4,7,9,2,1,3,2,3,2,Technical,"App Development, System Admin",Data,Creative,0,5,Yes,Statistics,"Scikit-Learn, TensorFlow, Node.js, Keras",Business Analyst
ST0276,Pursuing_Diploma,Diploma_ECE,19,Female,50.0,75.49,0.0,7,5,5,9,3,4,10,6,2,3,2,3,1,5,Analytical,"Risk Assessment, Market Research",Cloud,Logical,2,1,No,Python,"Scikit-Learn, Canva, Keras",Data Scientist
ST0277,Diploma,Diploma_Mech,25,Female,86.26,72.79,0.0,4,3,9,8,3,10,5,5,1,5,3,4,1,2,Management,"Product Owner, Scrum Master",Web,Leader,4,2,No,Web,"Communication, AWS, CRM, Agile",Web Developer
ST0278,Pursuing_12th,Science,17,Female,83.5,0.0,0.0,7,4,4,7,5,8,4,6,4,2,3,1,1,2,Creative,"Visual Prototyping, Frontend Design",Web,Analytical,1,2,No,DBMS,"Linux, Ethical Hacking",Cybersecurity Analyst
ST0279,BTech,BTech_IT,22,Female,76.12,58.67,79.14,3,10,6,5,8,4,5,5,1,1,2,2,1,2,Technical,"DevOps, System Admin",Cloud,Leader,2,3,No,Statistics,"Pandas, Canva",Business Analyst
ST0280,Pursuing_BTech,BTech_IT,23,Female,53.47,55.87,0.0,4,7,5,9,8,8,10,7,2,4,4,2,3,1,Creative,"Frontend Design, Content Creation",Cloud,Logical,0,0,No,Web,"Market Research, CRM, Communication",Cybersecurity Analyst
ST0281,12th,Arts,17,Male,78.55,74.38,0.0,5,5,6,9,6,7,4,8,4,1,2,1,1,4,Creative,"UI Design, Frontend Design",AI-ML,Logical,1,2,No,UI Design,"HTML, SQL",ML Engineer
ST0282,BTech,BTech_CSE,21,Male,67.58,61.41,62.54,3,6,6,7,4,4,9,9,3,3,2,4,2,1,Analytical,"Quality Assurance, Data Analysis",Web,Creative,1,0,No,Math,"Math, Python, TensorFlow, Agile",Cybersecurity Analyst
ST0283,Diploma,Diploma_CSE,21,Female,98.41,72.02,0.0,4,8,6,7,5,8,7,8,3,3,1,4,3,4,Creative,"Frontend Design, Visual Prototyping",Data,Logical,1,3,No,Math,"Wireshark, Kubernetes",Cybersecurity Analyst
ST0284,BTech,BTech_IT,21,Female,70.4,54.53,76.53,7,8,5,7,9,6,4,6,1,4,4,4,2,4,Creative,"UI Design, Content Creation",AI-ML,Creative,1,4,Yes,DBMS,"HTML, Communication, CRM",Software Tester
ST0285,Pursuing_BTech,BTech_IT,23,Female,69.75,70.51,0.0,3,3,8,5,5,7,7,3,4,3,1,5,2,3,Management,"Operations, Product Owner",Data,Analytical,1,1,No,Networking,"Market Research, CRM, Linux",UI/UX Designer
ST0286,Pursuing_Diploma,Diploma_ECE,19,Male,68.23,99.2,0.0,8,4,7,7,3,3,6,9,5,1,2,4,5,5,Technical,"App Development, System Admin",AI-ML,Leader,2,1,No,Networking,"Docker, Network Security",Backend Developer
ST0287,BTech,BTech_Civil,26,Female,66.43,51.68,73.0,6,5,8,8,3,4,8,10,3,2,5,2,2,2,Analytical,"Risk Assessment, Market Research",AI-ML,Logical,0,1,No,Math,"PHP, Linux",ML Engineer
ST0288,10th,General,16,Female,68.4,0.0,0.0,4,8,3,8,6,6,9,5,2,1,5,2,3,3,Technical,"Software Engineering, App Development",Web,Analytical,4,2,No,DBMS,"Scikit-Learn, Math",Full Stack Developer
ST0289,12th,Arts,19,Male,73.41,49.6,0.0,5,5,6,3,8,7,10,6,4,3,1,1,1,3,Analytical,"Market Research, Quality Assurance",Data,Leader,2,2,Yes,Statistics,"Excel, Adobe XD",UI/UX Designer
ST0290,BTech,BTech_IT,24,Male,65.76,79.09,61.99,6,6,5,5,4,7,9,4,2,1,4,2,1,3,Management,"Scrum Master, Team Lead",Data,Creative,3,3,Yes,DBMS,"Market Research, Linux",Cloud Engineer
ST0291,Pursuing_Diploma,Diploma_CSE,19,Male,62.54,67.35,0.0,5,4,8,8,7,8,8,3,3,2,2,5,4,5,Creative,"UI Design, Content Creation",Cloud,Logical,0,0,No,Python,"React, Linux, Wireshark, Network Security",Cloud Engineer
ST0292,Diploma,Diploma_CSE,26,Female,78.88,100.0,0.0,8,7,8,7,9,6,5,6,1,2,4,3,1,3,Creative,"UI Design, Frontend Design",Security,Creative,2,0,No,Web,"HTML, JavaScript, Node.js, Keras",Cloud Engineer
ST0293,Diploma,Diploma_IT,19,Female,74.58,65.54,0.0,5,3,5,5,7,7,7,7,3,2,1,4,1,5,Creative,"Visual Prototyping, Content Creation",Data,Leader,0,5,Yes,Math,"WordPress, PHP, Angular, SQL",Backend Developer
ST0294,Diploma,Diploma_Mech,25,Male,93.51,57.6,0.0,3,8,5,7,9,3,7,8,2,3,3,5,2,4,Creative,"Visual Prototyping, Content Creation",Cloud,Creative,1,2,Yes,DBMS,"CSS, Python, PHP, Node.js",DevOps Engineer
ST0295,Graduate,BCom,26,Female,61.38,81.0,68.0,8,9,3,4,7,7,4,8,2,5,1,2,3,2,Technical,"Software Engineering, App Development",AI-ML,Leader,0,2,No,Networking,"Photoshop, R",Database Administrator
ST0296,Pursuing_12th,Science,19,Female,61.91,0.0,0.0,7,8,5,3,5,8,7,6,1,3,5,1,4,4,Technical,"DevOps, System Admin",Data,Analytical,0,1,Yes,Python,"Market Research, PyTorch",Data Scientist
ST0297,Pursuing_BTech,BTech_ECE,20,Male,72.55,59.74,0.0,3,8,3,7,7,8,8,6,4,5,2,1,4,1,Analytical,"Risk Assessment, Quality Assurance",AI-ML,Analytical,1,3,Yes,Math,"PyTorch, Math, PHP",Business Analyst
ST0298,Diploma,Diploma_Mech,26,Other,51.13,85.58,0.0,6,5,6,6,5,10,9,3,2,2,5,4,5,3,Management,"Operations, Product Owner",Data,Leader,2,1,No,Statistics,"Terraform, Network Security, Cryptography, Ethical Hacking",Software Tester
ST0299,BTech,BTech_ECE,23,Female,78.88,84.67,64.56,7,5,5,7,8,9,5,4,5,1,3,4,5,5,Management,"Team Lead, Operations",Web,Leader,0,1,No,Web,"Angular, Keras",ML Engineer
ST0300,BCA,BCA,22,Female,67.73,78.71,69.91,6,5,8,6,7,6,9,10,1,3,3,1,3,5,Technical,"Software Engineering, App Development",Web,Logical,1,0,No,DBMS,"Python, TensorFlow, Adobe XD, Keras",Database Administrator
ST0301,Pursuing_Diploma,Diploma_ECE,22,Female,67.78,90.15,0.0,8,8,6,6,5,5,10,5,3,5,2,5,5,3,Technical,"DevOps, System Admin",AI-ML,Logical,1,3,No,Math,"Communication, Angular, React",Data Scientist
ST0302,Pursuing_12th,Science,19,Male,72.94,0.0,0.0,6,8,5,8,7,4,9,5,5,2,1,1,3,2,Management,"Scrum Master, Product Owner",Web,Logical,2,4,Yes,Statistics,"Scikit-Learn, Illustrator",UI/UX Designer
ST0303,BTech,BTech_IT,23,Male,72.85,85.73,52.97,4,8,4,5,10,4,8,4,3,2,2,4,3,1,Technical,"App Development, Software Engineering",Security,Creative,1,3,No,Web,"Terraform, AWS, Azure, CRM",Database Administrator
ST0304,Pursuing_Diploma,Diploma_ECE,22,Male,70.21,55.26,0.0,8,10,8,3,3,5,8,8,1,4,1,2,2,1,Technical,"System Admin, App Development",Security,Leader,1,2,Yes,Networking,"Terraform, Kubernetes",Web Developer
ST0305,BTech,BTech_CSE,26,Male,83.45,71.3,73.75,5,4,3,9,7,8,9,5,2,4,3,4,4,1,Technical,"DevOps, Software Engineering",Cloud,Logical,1,3,No,Statistics,"Keras, PHP, Angular, React",ML Engineer
ST0306,Graduate,BCom,20,Female,100.0,51.61,62.87,7,4,8,6,8,5,7,9,4,1,1,2,4,4,Analytical,"Risk Assessment, Market Research",Data,Logical,2,0,No,Math,"Scikit-Learn, React",Full Stack Developer
ST0307,Graduate,BCA,19,Female,90.48,50.46,87.08,5,4,8,5,8,9,4,5,2,3,3,5,5,2,Management,"Team Lead, Product Owner",Web,Analytical,0,0,Yes,DBMS,"Azure, CRM",DevOps Engineer
ST0308,Pursuing_12th,Arts,17,Female,100.0,0.0,0.0,7,6,6,3,8,3,7,8,2,1,4,3,2,2,Creative,"UI Design, Visual Prototyping",AI-ML,Analytical,0,3,No,Networking,"Scikit-Learn, Math, Keras",UI/UX Designer
ST0309,Pursuing_Diploma,Diploma_ECE,26,Male,61.93,77.5,0.0,5,7,4,6,4,6,5,7,3,5,3,2,2,2,Analytical,"Risk Assessment, Quality Assurance",AI-ML,Creative,1,1,No,Statistics,"Statistics, WordPress, PHP, Node.js",Full Stack Developer
ST0310,Diploma,Diploma_CSE,24,Female,81.63,52.46,0.0,8,4,8,6,4,9,8,7,3,1,5,4,2,1,Management,"Team Lead, Product Owner",AI-ML,Analytical,1,3,No,Math,"PowerBI, Network Security",Backend Developer
ST0311,Graduate,BCA,23,Male,79.68,64.97,73.15,6,5,4,6,8,3,4,9,1,5,4,2,3,1,Technical,"Software Engineering, DevOps",Cloud,Leader,0,0,No,Math,"Project Management, CRM, Ethical Hacking, Agile",Cybersecurity Analyst
ST0312,Pursuing_Diploma,Diploma_IT,21,Other,61.61,71.88,0.0,7,6,4,5,4,8,7,9,5,1,3,5,1,1,Technical,"Software Engineering, System Admin",Web,Creative,1,1,No,Networking,"PyTorch, TensorFlow, Keras",Web Developer
ST0313,12th,Commerce,19,Other,80.31,72.57,0.0,6,8,4,8,7,6,10,3,4,5,5,4,1,1,Creative,"Visual Prototyping, UI Design",Cloud,Creative,2,2,Yes,Web,"Agile, Math, TensorFlow, Keras",Cybersecurity Analyst
ST0314,Graduate,BCA,23,Male,75.81,73.26,49.92,5,4,8,8,4,7,5,6,5,2,2,1,5,2,Analytical,"Data Analysis, Risk Assessment",Cloud,Creative,0,4,Yes,DBMS,"R, Cryptography",Cloud Engineer
ST0315,BTech,BTech_Civil,25,Female,77.11,87.66,72.74,7,5,7,8,5,8,7,7,5,4,4,4,4,5,Analytical,"Risk Assessment, Quality Assurance",Cloud,Analytical,1,2,No,Web,"Scikit-Learn, Python, Keras",DevOps Engineer
ST0316,Pursuing_12th,Science,17,Female,78.93,0.0,0.0,8,5,3,5,7,3,10,4,3,4,1,2,4,4,Technical,"System Admin, Software Engineering",Data,Logical,1,2,No,Math,"PyTorch, Python",DevOps Engineer
ST0317,Diploma,Diploma_CSE,19,Male,100.0,62.95,0.0,8,4,10,8,3,9,10,3,3,2,1,3,3,4,Management,"Team Lead, Product Owner",Data,Analytical,0,0,No,DBMS,"Communication, WordPress",DevOps Engineer
ST0318,Pursuing_12th,Science,17,Female,83.76,0.0,0.0,5,8,4,5,8,6,8,9,3,4,3,4,5,5,Technical,"Software Engineering, App Development",Data,Creative,2,2,No,UI Design,"Math, Agile",ML Engineer
ST0319,Pursuing_12th,Arts,17,Female,89.11,0.0,0.0,8,10,4,9,3,7,10,8,2,1,4,2,4,2,Technical,"System Admin, DevOps",Security,Logical,0,1,No,Math,"Project Management, Cryptography",Cybersecurity Analyst
ST0320,Graduate,BBA,23,Male,77.73,56.11,80.66,8,7,5,8,3,8,10,9,1,5,3,3,1,2,Analytical,"Data Analysis, Quality Assurance",Web,Leader,1,4,Yes,DBMS,"Linux, Adobe XD, Network Security",Web Developer
ST0321,Pursuing_12th,Commerce,19,Male,71.92,0.0,0.0,8,8,3,7,5,5,7,9,1,4,4,1,3,2,Analytical,"Market Research, Data Analysis",Web,Analytical,0,2,No,Math,"Market Research, CSS",Cybersecurity Analyst
ST0322,10th,General,15,Male,77.82,0.0,0.0,7,5,8,8,3,6,8,6,2,1,2,1,3,2,Creative,"Frontend Design, Visual Prototyping",Security,Logical,2,3,No,DBMS,"Math, AWS",UI/UX Designer
ST0323,Graduate,BBA,24,Male,62.74,77.24,82.19,6,5,7,5,4,3,8,5,3,4,3,3,3,3,Creative,"UI Design, Content Creation",Web,Leader,1,1,No,Web,"HTML, JavaScript, TensorFlow",Web Developer
ST0324,Pursuing_Diploma,Diploma_IT,24,Male,68.68,63.36,0.0,5,5,8,6,8,7,9,7,4,1,4,4,4,4,Creative,"Content Creation, Frontend Design",AI-ML,Creative,0,0,No,UI Design,"PyTorch, Figma, TensorFlow",Cloud Engineer
ST0325,12th,Arts,19,Female,94.04,45.0,0.0,6,8,3,4,6,7,6,7,1,5,2,5,4,1,Creative,"Visual Prototyping, UI Design",AI-ML,Analytical,1,0,No,Networking,"Terraform, Figma, Docker",Software Tester
ST0326,12th,Commerce,18,Other,76.06,77.41,0.0,4,8,8,4,4,8,7,5,4,1,1,2,3,4,Technical,"App Development, System Admin",Cloud,Analytical,1,2,No,Web,"Photoshop, Node.js",Cloud Engineer
ST0327,BCA,BCA,25,Female,68.31,100.0,72.75,5,4,8,6,4,6,6,7,3,3,5,1,3,4,Creative,"UI Design, Content Creation",Security,Analytical,0,2,No,UI Design,"JavaScript, WordPress",Web Developer
ST0328,Pursuing_Diploma,Diploma_IT,23,Female,57.93,94.48,0.0,6,3,5,8,3,3,4,4,4,5,4,3,5,2,Creative,"Content Creation, Frontend Design",Data,Analytical,2,3,No,Networking,"Photoshop, Illustrator",Backend Developer
ST0329,Diploma,Diploma_CSE,24,Female,82.47,63.49,0.0,5,4,5,8,10,9,9,8,2,3,5,2,5,1,Management,"Team Lead, Operations",Cloud,Creative,0,0,Yes,Web,"Excel, R, Ethical Hacking",Database Administrator
ST0330,BTech,BTech_CSE,26,Male,89.46,71.42,85.58,5,5,8,5,5,8,5,7,2,2,2,3,4,5,Analytical,"Market Research, Risk Assessment",Web,Analytical,2,4,Yes,Python,"Figma, Project Management, Photoshop, Canva",UI/UX Designer
ST0331,Pursuing_BTech,BTech_Civil,20,Male,78.25,74.65,0.0,4,6,3,8,6,7,9,9,3,4,3,3,5,3,Technical,"DevOps, Software Engineering",AI-ML,Logical,2,0,No,Web,"Tableau, Pandas, Agile, SQL",Database Administrator
ST0332,Pursuing_12th,Commerce,18,Female,84.82,0.0,0.0,8,3,6,7,3,7,8,4,5,5,4,5,2,3,Analytical,"Data Analysis, Quality Assurance",AI-ML,Logical,0,3,No,DBMS,"Linux, Ethical Hacking",Backend Developer
ST0333,BCA,BCA,20,Female,56.58,86.68,74.16,8,6,4,7,4,3,10,6,2,4,4,4,4,2,Technical,"App Development, DevOps",AI-ML,Creative,0,0,No,Statistics,"HTML, WordPress, Python, Angular",ML Engineer
ST0334,Pursuing_12th,Commerce,18,Male,69.51,0.0,0.0,4,7,8,4,4,3,6,4,2,5,1,2,1,5,Creative,"Visual Prototyping, Content Creation",AI-ML,Analytical,2,0,No,UI Design,"PHP, Linux, Wireshark",Full Stack Developer
ST0335,10th,General,15,Male,80.65,0.0,0.0,6,7,7,7,4,5,7,8,2,3,4,1,4,1,Analytical,"Risk Assessment, Market Research",Web,Leader,2,3,No,Web,"Linux, Angular",Database Administrator
ST0336,12th,Commerce,18,Female,67.47,78.66,0.0,6,4,5,6,4,6,4,3,3,2,2,5,4,2,Management,"Product Owner, Team Lead",AI-ML,Leader,1,0,No,Python,"Communication, PowerBI",Data Scientist
ST0337,BCA,BCA,21,Female,68.82,72.37,58.9,5,7,6,3,5,4,9,6,4,5,1,4,4,5,Analytical,"Market Research, Risk Assessment",Web,Creative,1,1,No,Web,"Communication, CRM, Cryptography",DevOps Engineer
ST0338,Pursuing_BTech,BTech_Civil,24,Male,71.97,76.62,0.0,3,7,4,4,4,4,8,4,1,2,2,3,1,5,Creative,"Content Creation, Frontend Design",Data,Creative,1,2,No,Math,"Linux, Keras",Business Analyst
ST0339,12th,Science,19,Female,70.83,79.25,0.0,5,4,9,4,4,9,7,3,2,3,1,5,1,1,Management,"Operations, Team Lead",Cloud,Logical,5,2,No,Python,"PyTorch, Math, Linux, Keras",Data Scientist
ST0340,BCA,BCA,23,Female,99.8,78.9,67.61,5,7,5,7,6,4,10,4,1,2,5,5,5,1,Creative,"Visual Prototyping, Content Creation",Data,Logical,1,1,No,DBMS,"Communication, AWS, CRM, Agile",Cybersecurity Analyst
ST0341,Pursuing_12th,Arts,19,Other,94.79,0.0,0.0,3,10,4,3,4,5,7,8,3,3,4,3,2,2,Technical,"Software Engineering, System Admin",Data,Leader,0,1,No,Networking,"Excel, Python, SQL",Database Administrator
ST0342,Pursuing_BTech,BTech_CSE,25,Other,84.38,51.48,0.0,3,3,8,3,7,3,9,7,3,1,5,2,4,2,Creative,"Frontend Design, Visual Prototyping",Cloud,Creative,1,2,No,Networking,Linux,Full Stack Developer
ST0343,Pursuing_BTech,BTech_ECE,23,Male,82.26,51.7,0.0,8,5,4,6,8,6,10,6,3,3,2,2,1,1,Management,"Operations, Team Lead",Web,Leader,0,3,Yes,Python,"JavaScript, Python",ML Engineer
ST0344,BCA,BCA,19,Female,95.83,68.55,64.16,4,6,5,3,4,5,10,5,1,5,4,5,5,5,Management,"Product Owner, Scrum Master",Security,Leader,1,0,No,DBMS,"Network Security, SQL, Ethical Hacking",Business Analyst
ST0345,Pursuing_Diploma,Diploma_Mech,26,Male,73.43,90.71,0.0,7,5,5,4,5,7,5,5,4,3,5,1,4,5,Creative,"Visual Prototyping, Frontend Design",Security,Creative,0,1,Yes,Web,"Project Management, CRM, Illustrator",Cloud Engineer
ST0346,Pursuing_BTech,BTech_CSE,19,Male,74.79,67.05,0.0,6,6,7,8,8,6,8,6,3,3,4,3,4,4,Creative,"Visual Prototyping, Frontend Design",Cloud,Logical,1,1,No,DBMS,"PHP, Keras",UI/UX Designer
ST0347,BCA,BCA,22,Other,92.46,65.35,56.73,4,5,8,6,7,8,7,3,1,1,2,2,4,5,Management,"Product Owner, Scrum Master",AI-ML,Creative,0,0,No,Web,"Communication, Project Management, Market Research, Agile",Web Developer
ST0348,12th,Arts,19,Male,55.04,68.26,0.0,4,8,5,6,8,5,4,6,4,3,1,1,3,4,Technical,"System Admin, Software Engineering",Data,Creative,2,3,No,Web,"TensorFlow, Adobe XD",Software Tester
ST0349,Graduate,BSc_CS,23,Female,68.0,58.64,61.06,8,8,8,6,9,6,8,4,1,3,2,1,1,4,Creative,"UI Design, Visual Prototyping",Cloud,Creative,0,2,No,Math,"Scikit-Learn, Photoshop",Business Analyst
ST0350,Graduate,BSc_CS,25,Female,81.37,69.29,76.03,4,9,5,6,7,3,7,4,1,5,4,3,3,2,Technical,"System Admin, DevOps",AI-ML,Logical,1,1,No,UI Design,"R, Canva",DevOps Engineer
ST0351,Pursuing_Diploma,Diploma_CSE,26,Female,100.0,45.0,0.0,6,8,4,10,7,6,5,10,1,1,4,1,4,2,Analytical,"Quality Assurance, Data Analysis",Cloud,Logical,4,3,No,UI Design,"AWS, Linux, Kubernetes, Ethical Hacking",Business Analyst
ST0352,Pursuing_BTech,BTech_ECE,24,Male,72.22,90.6,0.0,5,5,7,9,4,7,10,5,3,2,3,4,3,3,Analytical,"Quality Assurance, Market Research",Data,Logical,0,2,No,UI Design,"Figma, JavaScript, Photoshop",Cloud Engineer
ST0353,12th,Commerce,17,Female,73.08,77.14,0.0,7,9,8,7,5,4,7,5,5,3,2,4,1,2,Technical,"DevOps, App Development",Security,Leader,3,0,No,Python,"Scikit-Learn, TensorFlow, Cryptography, PyTorch",Business Analyst
ST0354,BTech,BTech_IT,24,Female,78.08,56.25,72.85,5,6,4,5,4,8,7,10,2,3,1,5,4,4,Analytical,"Data Analysis, Quality Assurance",Cloud,Analytical,0,1,No,UI Design,"Figma, React, Illustrator",Software Tester
ST0355,Diploma,Diploma_ECE,23,Female,62.02,78.08,0.0,5,7,5,8,8,8,7,5,2,1,1,4,5,4,Management,"Team Lead, Scrum Master",Data,Analytical,1,1,Yes,Python,"Communication, Azure",DevOps Engineer
ST0356,12th,Commerce,17,Female,72.56,99.67,0.0,7,5,4,4,4,3,4,8,2,5,2,3,5,2,Technical,"App Development, DevOps",Web,Analytical,2,3,No,UI Design,"Illustrator, React",Software Tester
ST0357,Diploma,Diploma_Mech,25,Male,70.02,79.4,0.0,10,7,7,8,6,8,8,6,5,2,4,4,4,3,Management,"Product Owner, Team Lead",Cloud,Analytical,0,2,No,Python,"AWS, Python, Docker, Kubernetes",Data Scientist
ST0358,Pursuing_Diploma,Diploma_Mech,26,Female,74.16,61.63,0.0,7,6,4,9,6,7,9,7,4,5,5,4,4,3,Technical,"Software Engineering, App Development",Cloud,Logical,2,2,No,DBMS,"Tableau, R, Linux, SQL",DevOps Engineer
ST0359,Pursuing_BTech,BTech_ECE,26,Female,74.62,56.4,0.0,7,7,7,3,5,5,8,9,4,3,4,4,2,3,Analytical,"Market Research, Quality Assurance",Security,Leader,2,5,Yes,Web,"Tableau, Pandas",Business Analyst
ST0360,Diploma,Diploma_ECE,21,Female,79.44,81.07,0.0,4,8,4,5,5,6,4,4,3,5,3,5,1,4,Management,"Team Lead, Scrum Master",Data,Creative,2,1,No,Web,"Linux, Agile, Cryptography, Ethical Hacking",Full Stack Developer
ST0361,BTech,BTech_Civil,23,Male,75.96,78.85,61.61,6,7,8,7,6,4,5,7,5,4,4,3,5,1,Creative,"UI Design, Visual Prototyping",Security,Logical,0,5,Yes,Math,"Angular, Node.js, React",Web Developer
ST0362,BTech,BTech_Civil,23,Female,87.64,81.3,75.2,5,5,6,7,5,5,8,9,5,4,4,2,2,2,Analytical,"Quality Assurance, Risk Assessment",Cloud,Creative,1,2,No,Statistics,"TensorFlow, Agile",Data Scientist
ST0363,Pursuing_12th,Commerce,19,Male,80.36,0.0,0.0,4,5,5,6,8,6,6,4,1,1,3,3,2,5,Creative,"Content Creation, UI Design",Web,Leader,0,3,No,Python,"JavaScript, React",Full Stack Developer
ST0364,BCA,BCA,24,Male,100.0,100.0,69.37,7,6,4,8,8,7,10,7,3,5,5,3,4,5,Technical,"App Development, System Admin",AI-ML,Creative,3,1,No,Statistics,"Figma, Illustrator, Canva",DevOps Engineer
ST0365,Pursuing_Diploma,Diploma_CSE,21,Male,73.46,65.64,0.0,10,7,6,5,4,5,8,6,4,2,4,3,2,2,Analytical,"Market Research, Quality Assurance",Security,Logical,2,3,No,Web,"Network Security, Illustrator",Data Scientist
ST0366,Pursuing_12th,Commerce,19,Male,91.38,0.0,0.0,5,3,8,7,4,8,5,3,3,4,3,2,5,5,Management,"Team Lead, Operations",Web,Creative,0,1,No,Web,"CSS, WordPress, PHP, Node.js",Cloud Engineer
ST0367,BCA,BCA,24,Female,70.15,73.18,85.04,8,3,7,8,3,6,10,5,5,3,4,1,4,2,Creative,"UI Design, Content Creation",Security,Analytical,3,0,Yes,DBMS,"AWS, Linux, Docker, Ethical Hacking",DevOps Engineer
ST0368,Pursuing_BTech,BTech_Civil,25,Female,82.01,69.62,0.0,9,7,6,4,6,3,10,3,5,5,1,1,3,1,Creative,"Content Creation, UI Design",Security,Analytical,1,1,No,UI Design,"CSS, PHP, Angular, React",Data Scientist
ST0369,Pursuing_Diploma,Diploma_IT,25,Female,96.76,95.82,0.0,5,5,4,9,4,8,8,7,5,2,4,1,4,5,Technical,"Software Engineering, DevOps",Web,Logical,1,4,Yes,Networking,"Math, Python, PowerBI, SQL",Backend Developer
ST0370,BCA,BCA,22,Female,71.05,67.54,70.74,3,5,7,5,6,7,9,4,4,3,4,3,4,4,Creative,"Frontend Design, UI Design",AI-ML,Creative,0,4,Yes,Math,"Keras, Tableau, Python, R",UI/UX Designer
ST0371,Pursuing_BTech,BTech_CSE,23,Male,71.24,78.49,0.0,7,7,6,6,8,9,5,8,5,3,4,4,1,2,Management,"Product Owner, Operations",Data,Creative,4,2,No,Networking,"Figma, Excel, PowerBI",Business Analyst
ST0372,Pursuing_BTech,BTech_Civil,26,Female,62.93,61.31,0.0,3,4,7,7,8,4,10,5,4,1,4,4,2,3,Technical,"App Development, DevOps",Security,Leader,1,5,Yes,DBMS,"R, Wireshark, Cryptography, Network Security",Full Stack Developer
ST0373,BCA,BCA,24,Male,87.89,87.27,72.0,8,7,5,3,10,5,6,6,3,4,5,3,4,3,Management,"Operations, Product Owner",Web,Creative,2,1,Yes,Python,"Figma, CSS, Illustrator",UI/UX Designer
ST0374,Graduate,BCom,25,Male,75.07,72.48,66.41,6,7,6,5,6,5,5,3,1,3,2,4,2,4,Creative,"Visual Prototyping, Frontend Design",Cloud,Creative,1,7,Yes,Web,"PyTorch, Python, Keras",Full Stack Developer
ST0375,Diploma,Diploma_ECE,25,Male,58.98,64.04,0.0,7,4,3,5,5,4,4,6,4,5,1,5,3,3,Analytical,"Data Analysis, Quality Assurance",Web,Analytical,1,1,Yes,Math,"Ethical Hacking, Adobe XD, Network Security",Backend Developer
ST0376,Pursuing_12th,Science,17,Female,50.0,0.0,0.0,5,10,6,4,7,6,4,7,4,1,2,5,4,5,Technical,"Software Engineering, System Admin",AI-ML,Leader,2,2,No,Networking,"Terraform, Linux, Cryptography, Network Security",Business Analyst
ST0377,Graduate,BCA,22,Male,97.44,52.87,81.86,8,3,8,7,3,4,4,6,2,2,1,1,1,3,Analytical,"Risk Assessment, Market Research",Security,Logical,2,1,No,Python,"Scikit-Learn, Excel, PyTorch, Keras",Software Tester
ST0378,12th,Arts,17,Female,74.18,93.44,0.0,8,5,6,6,6,5,9,6,4,3,1,4,4,3,Management,"Product Owner, Scrum Master",AI-ML,Leader,4,1,Yes,DBMS,"Pandas, Adobe XD, Illustrator",Data Scientist
ST0379,Pursuing_12th,Science,17,Male,77.34,0.0,0.0,6,4,6,8,5,7,10,8,2,3,5,5,3,5,Analytical,"Quality Assurance, Market Research",Security,Leader,0,3,No,UI Design,"AWS, WordPress, Docker",Business Analyst
ST0380,Diploma,Diploma_Mech,21,Other,74.25,71.9,0.0,6,7,6,8,5,10,4,4,5,4,2,1,5,2,Management,"Team Lead, Product Owner",Cloud,Analytical,1,0,No,UI Design,"Excel, Tableau, R, Python",Business Analyst
ST0381,10th,General,17,Female,86.05,0.0,0.0,8,5,4,3,5,3,4,7,3,3,5,5,2,1,Technical,"DevOps, System Admin",Data,Creative,1,1,No,DBMS,"PyTorch, Network Security, Wireshark, Cryptography",Cloud Engineer
ST0382,BTech,BTech_ECE,26,Male,64.9,81.28,62.98,8,4,8,5,3,8,8,3,4,1,3,1,5,1,Creative,"Visual Prototyping, UI Design",Data,Logical,1,1,Yes,Python,"PyTorch, Math, Adobe XD",Cloud Engineer
ST0383,BTech,BTech_CSE,22,Male,64.44,79.1,74.97,8,5,5,3,3,8,4,5,2,4,3,1,4,5,Management,"Team Lead, Operations",AI-ML,Analytical,1,1,No,Python,"PowerBI, Scikit-Learn, TensorFlow",Database Administrator
ST0384,BTech,BTech_IT,24,Male,81.0,64.03,66.98,7,4,9,8,3,7,4,4,2,5,2,2,5,5,Management,"Operations, Product Owner",Web,Leader,1,0,No,Networking,"Math, Azure, Kubernetes",UI/UX Designer
ST0385,12th,Commerce,19,Female,75.94,57.75,0.0,6,5,4,7,4,7,8,9,2,5,3,4,5,1,Analytical,"Quality Assurance, Data Analysis",Security,Logical,2,0,No,Math,"Communication, Project Management, Adobe XD",Full Stack Developer
ST0386,Pursuing_BTech,BTech_Civil,25,Female,76.91,66.59,0.0,5,6,7,5,6,4,8,5,2,5,4,1,4,5,Creative,"Content Creation, UI Design",Cloud,Creative,1,1,No,Python,"Docker, Canva",ML Engineer
ST0387,BCA,BCA,20,Other,83.3,45.0,68.52,6,4,4,8,4,6,6,5,4,1,1,1,4,4,Analytical,"Quality Assurance, Risk Assessment",Cloud,Analytical,1,2,No,Web,"Market Research, Project Management, Communication, PyTorch",Software Tester
ST0388,BCA,BCA,19,Male,60.72,61.65,67.69,5,3,5,3,6,4,10,8,2,5,3,3,3,1,Creative,"Visual Prototyping, UI Design",Security,Creative,1,1,No,Networking,"Excel, Pandas, Keras",Business Analyst
ST0389,BTech,BTech_IT,25,Female,78.94,99.02,68.88,6,5,6,4,6,7,10,3,1,4,5,5,4,5,Management,"Team Lead, Product Owner",AI-ML,Leader,0,0,No,DBMS,"Python, Photoshop",Cloud Engineer
ST0390,Pursuing_Diploma,Diploma_ECE,19,Female,75.96,78.89,0.0,4,4,8,5,7,8,9,3,4,5,5,4,5,3,Management,"Team Lead, Operations",Security,Leader,2,2,No,Statistics,"HTML, Market Research, Communication, Agile",Web Developer
ST0391,Pursuing_12th,Science,18,Male,62.61,0.0,0.0,4,7,3,8,5,3,5,8,4,1,2,3,5,1,Creative,"Content Creation, Frontend Design",AI-ML,Creative,2,2,No,UI Design,"Market Research, Figma",Backend Developer
ST0392,Pursuing_12th,Commerce,19,Other,79.02,0.0,0.0,3,8,6,3,5,3,7,10,5,5,1,1,2,3,Technical,"System Admin, DevOps",AI-ML,Leader,0,1,No,Networking,"Figma, Tableau, Statistics, SQL",UI/UX Designer
ST0393,Pursuing_Diploma,Diploma_IT,21,Male,81.91,75.11,0.0,3,6,7,6,3,7,9,3,5,4,2,3,5,4,Management,"Team Lead, Scrum Master",Cloud,Analytical,0,1,No,Networking,"HTML, Communication, CRM",Database Administrator
ST0394,BTech,BTech_ECE,25,Male,99.7,58.4,61.91,3,4,8,5,4,4,6,4,1,3,2,4,4,4,Creative,"UI Design, Frontend Design",Data,Logical,0,1,No,Networking,"Scikit-Learn, Excel, Tableau, PowerBI",Full Stack Developer
ST0395,BTech,BTech_Civil,19,Male,97.38,63.03,77.05,7,3,8,5,4,4,7,3,3,3,5,2,4,4,Management,"Scrum Master, Operations",Data,Analytical,0,2,No,Math,"Project Management, Linux",Software Tester
ST0396,Pursuing_Diploma,Diploma_CSE,20,Male,74.75,74.23,0.0,6,8,9,7,5,10,5,4,1,3,1,4,3,3,Management,"Team Lead, Product Owner",Web,Analytical,0,2,No,Web,"Figma, Linux, Wireshark, Network Security",Full Stack Developer
ST0397,Pursuing_Diploma,Diploma_Mech,20,Female,51.29,68.62,0.0,6,6,5,8,6,6,8,7,5,3,2,1,2,1,Analytical,"Market Research, Risk Assessment",Data,Logical,2,2,No,Python,"Excel, Linux",DevOps Engineer
ST0398,Graduate,BCA,22,Female,65.5,55.9,84.65,8,3,6,7,8,5,4,5,4,1,4,2,2,5,Analytical,"Market Research, Risk Assessment",Web,Analytical,0,0,Yes,Web,"Project Management, Wireshark",Backend Developer
ST0399,12th,Arts,18,Male,79.26,85.24,0.0,7,4,5,8,7,9,6,7,2,5,1,5,4,3,Management,"Team Lead, Scrum Master",Security,Leader,0,0,No,UI Design,"Terraform, AWS, Linux, Agile",Backend Developer
ST0400,BTech,BTech_IT,25,Female,71.8,49.75,68.66,7,9,6,3,8,4,5,7,1,5,3,3,3,5,Technical,"System Admin, Software Engineering",Cloud,Leader,1,0,No,Python,"Python, Linux, Cryptography, Ethical Hacking",Software Tester
ST0401,Pursuing_Diploma,Diploma_ECE,19,Female,90.24,69.89,0.0,4,5,8,5,6,6,7,5,3,3,3,5,2,3,Creative,"UI Design, Content Creation",Web,Leader,1,0,No,Web,"AWS, Linux",Full Stack Developer
ST0402,Pursuing_BTech,BTech_IT,19,Male,73.4,63.26,0.0,8,5,4,4,6,7,9,9,4,1,3,3,2,4,Technical,"Software Engineering, System Admin",Web,Leader,3,1,No,Math,"Terraform, HTML, Azure, Kubernetes",Database Administrator
ST0403,Diploma,Diploma_ECE,20,Female,52.56,68.1,0.0,7,5,3,6,3,6,6,10,2,3,3,3,4,4,Analytical,"Quality Assurance, Data Analysis",Security,Analytical,2,5,Yes,Math,"Excel, R, Statistics, React",Cybersecurity Analyst
ST0404,Pursuing_12th,Science,18,Female,68.09,0.0,0.0,4,4,8,7,7,4,9,10,1,5,2,4,4,4,Analytical,"Data Analysis, Quality Assurance",AI-ML,Creative,2,1,No,Python,"Tableau, React",Full Stack Developer
ST0405,BTech,BTech_CSE,24,Female,79.96,81.45,66.3,6,8,5,8,5,6,8,8,2,2,5,3,1,3,Analytical,"Risk Assessment, Data Analysis",AI-ML,Analytical,2,1,No,Networking,"HTML, Math, WordPress, PHP",Cybersecurity Analyst
ST0406,Pursuing_BTech,BTech_Civil,24,Male,71.23,67.87,0.0,3,3,4,4,7,3,8,8,4,3,2,5,4,2,Analytical,"Market Research, Quality Assurance",AI-ML,Leader,3,2,No,Networking,"Tableau, Python, Angular",Web Developer
ST0407,Graduate,BTech_IT,23,Female,81.3,75.22,70.37,8,8,7,7,5,5,4,8,2,3,4,4,3,1,Analytical,"Risk Assessment, Market Research",Security,Leader,0,1,No,DBMS,"Project Management, Photoshop, Canva, Illustrator",Database Administrator
ST0408,Pursuing_12th,Science,17,Female,80.89,0.0,0.0,8,3,6,5,6,6,8,8,3,4,4,4,4,2,Creative,"Frontend Design, Visual Prototyping",Data,Leader,2,0,No,Math,"Tableau, CRM, Statistics, SQL",Business Analyst
ST0409,BTech,BTech_CSE,26,Female,74.37,63.86,70.96,8,6,7,7,7,4,9,5,1,2,3,1,2,1,Technical,"System Admin, DevOps",Data,Analytical,0,0,No,Math,"Terraform, Linux, Ethical Hacking",Web Developer
ST0410,12th,Science,17,Female,88.83,77.69,0.0,7,7,5,6,9,5,4,5,4,2,4,4,3,3,Technical,"Software Engineering, DevOps",Web,Creative,2,3,No,DBMS,"Angular, Ethical Hacking",Software Tester
ST0411,Pursuing_BTech,BTech_IT,26,Male,76.71,78.97,0.0,5,6,8,4,3,3,9,6,3,3,5,5,4,4,Analytical,"Quality Assurance, Market Research",Data,Analytical,0,1,No,Networking,"WordPress, Agile",Data Scientist
ST0412,Pursuing_12th,Commerce,17,Female,62.63,0.0,0.0,7,4,5,7,6,5,7,5,3,5,2,3,3,5,Analytical,"Market Research, Risk Assessment",Data,Analytical,1,2,No,Networking,"Market Research, Azure, Linux, Kubernetes",UI/UX Designer
ST0413,Pursuing_12th,Arts,19,Male,66.81,0.0,0.0,8,6,7,10,5,6,6,10,1,3,3,4,2,2,Analytical,"Risk Assessment, Quality Assurance",Security,Logical,3,1,Yes,Web,"Azure, Pandas",Web Developer
ST0414,12th,Commerce,17,Male,66.82,84.12,0.0,5,8,9,3,6,7,8,6,3,1,4,2,1,3,Management,"Operations, Scrum Master",Web,Leader,0,3,No,Networking,"Communication, AWS",Cybersecurity Analyst
ST0415,10th,General,16,Female,91.36,0.0,0.0,8,9,6,3,4,8,4,6,1,5,2,5,4,4,Technical,"Software Engineering, App Development",Data,Creative,2,1,No,Web,"Math, Tableau, PowerBI",Full Stack Developer
ST0416,12th,Science,18,Female,83.78,62.21,0.0,4,10,3,4,6,7,4,7,2,5,5,5,5,2,Technical,"System Admin, DevOps",Web,Leader,1,1,No,Statistics,"Communication, Project Management, Adobe XD",Full Stack Developer
ST0417,BCA,BCA,24,Female,72.78,98.23,80.15,5,7,8,4,3,6,9,9,3,2,2,5,2,2,Analytical,"Market Research, Risk Assessment",Web,Logical,0,3,No,Web,"Tableau, SQL",Web Developer
ST0418,Pursuing_12th,Arts,18,Male,100.0,0.0,0.0,6,7,4,4,7,4,6,7,3,5,2,3,5,1,Creative,"Frontend Design, Visual Prototyping",AI-ML,Analytical,3,2,No,UI Design,"Scikit-Learn, Pandas, Keras",Database Administrator
ST0419,Graduate,BCom,23,Female,68.57,53.95,57.03,7,8,6,5,3,6,7,3,1,3,1,5,1,1,Creative,"Frontend Design, Visual Prototyping",Web,Analytical,0,1,No,Python,"Python, Linux, Wireshark, Cryptography",Backend Developer
ST0420,Pursuing_12th,Science,17,Male,71.25,0.0,0.0,3,6,5,9,8,8,4,9,1,4,2,5,3,4,Analytical,"Data Analysis, Risk Assessment",Data,Logical,0,0,No,Statistics,"Illustrator, Wireshark, Network Security",Cybersecurity Analyst
ST0421,Graduate,BSc_CS,20,Female,85.86,82.09,59.49,6,3,4,8,5,5,10,6,2,2,2,1,3,1,Creative,"Content Creation, UI Design",Web,Analytical,2,0,No,Statistics,"Market Research, CRM, Kubernetes, Agile",ML Engineer
ST0422,BCA,BCA,19,Female,89.1,50.15,63.87,6,7,6,3,5,4,9,7,2,1,4,1,2,5,Analytical,"Data Analysis, Risk Assessment",Security,Leader,1,1,Yes,Statistics,"Market Research, CRM, Agile",ML Engineer
ST0423,12th,Commerce,19,Female,52.16,82.25,0.0,7,3,8,8,8,7,5,6,5,2,2,1,3,3,Management,"Product Owner, Operations",Cloud,Leader,0,6,Yes,Statistics,"Math, Photoshop, Illustrator",Backend Developer
ST0424,10th,General,16,Female,83.54,0.0,0.0,4,7,4,5,3,6,4,4,4,3,1,4,1,5,Management,"Operations, Team Lead",Security,Leader,4,1,Yes,Web,"Terraform, Market Research, Azure",Backend Developer
ST0425,Pursuing_Diploma,Diploma_CSE,23,Male,85.26,80.79,0.0,6,8,6,8,6,10,8,6,2,1,4,4,4,1,Management,"Team Lead, Operations",AI-ML,Analytical,1,1,No,Networking,"JavaScript, PHP, Wireshark",Web Developer
ST0426,12th,Commerce,17,Male,79.92,68.46,0.0,8,3,8,3,7,8,6,7,1,2,1,1,3,3,Creative,"Content Creation, Frontend Design",AI-ML,Creative,1,1,No,Web,"Figma, PHP, Adobe XD, Canva",Software Tester
ST0427,Diploma,Diploma_ECE,21,Male,71.26,70.01,0.0,3,4,6,3,7,3,7,5,5,4,1,2,4,5,Technical,"System Admin, Software Engineering",Data,Creative,0,1,No,Python,"Azure, WordPress, Kubernetes",Business Analyst
ST0428,Graduate,BCA,19,Male,82.63,75.98,80.03,8,5,8,5,7,5,8,5,5,3,1,1,1,1,Analytical,"Market Research, Quality Assurance",Security,Leader,0,4,Yes,UI Design,"AWS, Ethical Hacking",ML Engineer
ST0429,BCA,BCA,23,Male,82.61,66.81,45.0,4,3,8,4,5,6,10,8,5,3,1,3,4,4,Analytical,"Risk Assessment, Quality Assurance",Data,Creative,1,2,Yes,UI Design,"Math, CRM",Software Tester
ST0430,Pursuing_BTech,BTech_Civil,20,Other,84.53,76.08,0.0,4,6,6,4,5,6,7,10,1,5,4,4,1,5,Technical,"System Admin, Software Engineering",Web,Creative,0,1,Yes,Web,"Photoshop, Canva",Cloud Engineer
ST0431,BTech,BTech_IT,25,Male,72.55,82.72,47.76,4,5,5,6,6,8,7,3,4,4,2,4,3,5,Creative,"Frontend Design, Content Creation",AI-ML,Logical,0,2,No,DBMS,"Figma, Photoshop, SQL, Illustrator",Cloud Engineer
ST0432,Pursuing_12th,Commerce,19,Male,75.36,0.0,0.0,7,5,4,4,5,3,10,7,5,4,4,3,5,3,Creative,"Visual Prototyping, Frontend Design",AI-ML,Analytical,5,3,No,DBMS,"Excel, Tableau, Linux, Pandas",Full Stack Developer
ST0433,Pursuing_Diploma,Diploma_IT,24,Female,94.5,94.83,0.0,4,9,4,5,9,3,5,8,5,3,2,1,1,1,Technical,"Software Engineering, DevOps",Security,Creative,1,4,Yes,DBMS,"Linux, Statistics",UI/UX Designer
ST0434,Pursuing_Diploma,Diploma_Mech,22,Male,83.9,76.95,0.0,9,5,8,5,6,4,9,10,3,5,3,2,4,5,Analytical,"Risk Assessment, Market Research",AI-ML,Leader,0,3,No,Networking,"Scikit-Learn, Pandas, Python, PowerBI",ML Engineer
ST0435,BCA,BCA,19,Female,76.5,76.27,75.25,5,3,5,7,6,6,4,3,4,2,4,2,2,3,Management,"Team Lead, Operations",AI-ML,Leader,1,1,No,Web,"Excel, Ethical Hacking",Full Stack Developer
ST0436,Pursuing_BTech,BTech_Civil,26,Male,67.46,72.31,0.0,3,4,4,4,8,5,7,6,4,3,4,5,3,1,Creative,"Content Creation, Visual Prototyping",Data,Leader,0,4,Yes,UI Design,"R, Photoshop",Full Stack Developer
ST0437,Pursuing_Diploma,Diploma_ECE,25,Female,94.67,75.91,0.0,7,6,5,3,4,8,9,8,2,5,3,5,1,3,Technical,"System Admin, DevOps",Security,Creative,1,1,No,DBMS,"Cryptography, Ethical Hacking",Full Stack Developer
ST0438,Diploma,Diploma_IT,24,Male,76.65,63.26,0.0,5,6,7,4,5,8,8,4,3,5,1,1,5,4,Creative,"Visual Prototyping, Content Creation",Data,Leader,3,1,No,UI Design,"Azure, React",Full Stack Developer
ST0439,10th,General,16,Other,72.6,0.0,0.0,4,6,8,7,6,4,8,6,3,1,5,1,2,3,Management,"Team Lead, Product Owner",AI-ML,Leader,2,1,No,DBMS,"Excel, SQL",Web Developer
ST0440,Diploma,Diploma_ECE,26,Male,62.58,45.0,0.0,4,7,3,5,8,4,4,7,3,3,4,1,1,1,Analytical,"Data Analysis, Risk Assessment",Cloud,Creative,1,2,No,Networking,Agile,Data Scientist
ST0441,12th,Arts,17,Female,70.21,63.36,0.0,5,7,7,7,5,4,5,4,1,3,1,4,2,1,Creative,"Content Creation, Frontend Design",Web,Logical,0,4,Yes,Math,"PyTorch, AWS",UI/UX Designer
ST0442,Pursuing_12th,Science,19,Female,74.56,0.0,0.0,7,6,3,4,8,8,4,3,4,4,2,3,5,1,Creative,"Frontend Design, Content Creation",AI-ML,Logical,3,2,Yes,Networking,"Figma, Photoshop, Adobe XD, Illustrator",Business Analyst
ST0443,BTech,BTech_Civil,26,Female,64.98,48.14,88.78,5,3,6,4,10,6,5,8,4,1,1,2,3,3,Management,"Product Owner, Scrum Master",Security,Creative,2,3,No,Statistics,"Figma, Photoshop, Adobe XD, Illustrator",Cybersecurity Analyst
ST0444,BCA,BCA,23,Male,72.93,69.35,66.62,7,6,6,6,6,6,8,9,5,1,3,5,5,1,Technical,"System Admin, Software Engineering",AI-ML,Leader,2,0,No,Networking,"Azure, Linux, Network Security",Web Developer
ST0445,Diploma,Diploma_Mech,19,Male,72.36,61.47,0.0,4,7,10,5,6,4,8,8,3,2,4,4,1,5,Management,"Team Lead, Product Owner",Security,Creative,2,2,No,Math,"React, Linux, Wireshark, Cryptography",Software Tester
ST0446,10th,General,16,Male,68.9,0.0,0.0,6,4,5,7,3,5,9,6,5,1,3,4,2,3,Technical,"DevOps, Software Engineering",Web,Logical,0,2,No,Math,"Adobe XD, Wireshark, Cryptography",Backend Developer
ST0447,BTech,BTech_Civil,24,Female,78.1,56.73,63.43,6,5,7,7,5,7,9,5,3,5,1,3,3,5,Technical,"Software Engineering, System Admin",Security,Analytical,0,0,Yes,Python,"Linux, Cryptography, R",Software Tester
ST0448,Pursuing_12th,Commerce,18,Male,83.38,0.0,0.0,6,8,8,5,6,6,9,7,4,2,2,3,2,3,Analytical,"Market Research, Risk Assessment",Data,Creative,1,2,No,Networking,"HTML, PHP, Agile",Cybersecurity Analyst
ST0449,Diploma,Diploma_Mech,21,Male,80.76,52.3,0.0,7,3,6,7,6,4,7,3,3,1,3,5,3,2,Creative,"Visual Prototyping, Content Creation",Web,Logical,0,1,No,Networking,"JavaScript, Angular, React",Software Tester
ST0450,Diploma,Diploma_IT,20,Male,65.64,72.55,0.0,9,3,9,6,3,4,10,3,5,2,4,5,2,1,Management,"Product Owner, Operations",Cloud,Analytical,1,3,No,Math,"Terraform, PyTorch, TensorFlow, Keras",Data Scientist
ST0451,BTech,BTech_Civil,20,Male,83.33,78.45,72.08,4,6,6,5,7,5,5,9,3,4,5,1,3,3,Analytical,"Market Research, Data Analysis",Cloud,Analytical,3,1,Yes,Math,"Linux, Wireshark, Ethical Hacking",Cloud Engineer
ST0452,Pursuing_12th,Arts,17,Female,76.39,0.0,0.0,4,6,5,5,4,6,6,8,4,1,4,2,2,4,Creative,"Frontend Design, Visual Prototyping",Cloud,Creative,3,2,No,UI Design,"WordPress, Linux, Angular, React",Software Tester
ST0453,12th,Arts,17,Female,91.91,87.92,0.0,7,7,8,3,8,6,7,8,4,5,2,4,4,1,Technical,"Software Engineering, App Development",Data,Creative,0,2,No,UI Design,Pandas,Database Administrator
ST0454,Pursuing_Diploma,Diploma_CSE,20,Male,62.41,91.01,0.0,7,3,3,4,5,6,10,7,3,1,3,5,1,4,Analytical,"Market Research, Risk Assessment",AI-ML,Creative,1,2,No,Math,"Project Management, CRM, SQL",Backend Developer
ST0455,10th,General,17,Male,70.2,0.0,0.0,8,8,7,8,8,6,9,5,2,2,2,1,5,2,Management,"Product Owner, Operations",Cloud,Logical,1,1,No,Math,"CSS, WordPress, Python",Database Administrator
ST0456,BCA,BCA,26,Female,67.51,60.68,60.96,4,10,3,4,7,5,9,9,3,1,1,4,3,1,Technical,"System Admin, Software Engineering",Web,Leader,1,4,Yes,Math,"Figma, JavaScript, Adobe XD",Backend Developer
ST0457,12th,Arts,17,Female,89.64,52.43,0.0,8,7,6,7,4,4,6,7,2,5,1,3,1,2,Creative,"UI Design, Frontend Design",Security,Analytical,1,2,No,UI Design,"Figma, Network Security",Software Tester
ST0458,Pursuing_12th,Arts,17,Female,77.29,0.0,0.0,6,6,5,6,7,5,8,6,2,1,4,5,4,4,Analytical,"Quality Assurance, Data Analysis",Cloud,Logical,4,1,No,Math,"Communication, Photoshop, Canva",Cloud Engineer
ST0459,10th,General,17,Female,81.18,0.0,0.0,7,5,4,6,9,6,6,9,3,5,1,5,1,3,Technical,"App Development, DevOps",AI-ML,Creative,1,0,No,Statistics,"Scikit-Learn, Pandas, SQL",Backend Developer
ST0460,12th,Science,18,Female,70.24,70.93,0.0,6,8,3,7,8,4,5,5,3,2,3,1,4,1,Analytical,"Quality Assurance, Data Analysis",Data,Leader,1,1,No,Statistics,"Scikit-Learn, Statistics, Keras",DevOps Engineer
ST0461,Graduate,BCA,24,Female,68.09,60.58,70.56,4,6,4,5,6,3,4,7,1,4,3,5,5,4,Analytical,"Data Analysis, Risk Assessment",Data,Logical,1,3,No,Python,"Linux, Figma, Photoshop, Adobe XD",Database Administrator
ST0462,Pursuing_BTech,BTech_CSE,23,Female,74.16,54.3,0.0,8,8,7,6,7,5,4,5,3,1,5,2,5,4,Analytical,"Quality Assurance, Market Research",Web,Leader,1,2,No,DBMS,"Photoshop, Adobe XD, Canva",ML Engineer
ST0463,Pursuing_12th,Commerce,17,Female,74.07,0.0,0.0,6,6,8,5,3,3,4,9,5,5,4,1,4,2,Technical,"Software Engineering, System Admin",Cloud,Leader,1,3,No,Web,"Docker, Photoshop, Adobe XD, Canva",Software Tester
ST0464,Pursuing_12th,Commerce,19,Male,80.89,0.0,0.0,3,9,8,6,8,5,6,9,1,4,1,3,5,3,Technical,"Software Engineering, System Admin",Web,Logical,1,3,No,Statistics,"CSS, TensorFlow",Cybersecurity Analyst
ST0465,Pursuing_BTech,BTech_CSE,20,Female,80.03,66.26,0.0,6,7,6,8,7,8,8,7,4,3,5,4,2,3,Creative,"UI Design, Visual Prototyping",Cloud,Analytical,1,1,No,DBMS,"Adobe XD, Wireshark",Business Analyst
ST0466,Pursuing_BTech,BTech_ECE,21,Other,52.61,78.29,0.0,4,7,4,3,3,7,6,4,2,3,4,2,1,1,Creative,"UI Design, Visual Prototyping",Data,Leader,2,1,No,DBMS,"WordPress, PowerBI",Web Developer
ST0467,12th,Science,18,Male,74.46,92.48,0.0,4,6,3,3,9,7,8,10,3,5,2,3,3,1,Analytical,"Risk Assessment, Quality Assurance",Data,Creative,1,0,No,Python,"Scikit-Learn, Math, Python, PyTorch",Full Stack Developer
ST0468,12th,Science,18,Female,50.0,86.81,0.0,6,3,7,6,3,4,8,4,5,2,5,1,4,4,Analytical,"Risk Assessment, Data Analysis",Security,Logical,1,4,Yes,Networking,"Python, Wireshark",ML Engineer
ST0469,Pursuing_12th,Commerce,19,Male,64.82,0.0,0.0,5,6,7,9,7,7,8,4,1,1,4,5,4,5,Management,"Operations, Scrum Master",Cloud,Logical,1,2,Yes,Math,"Figma, Adobe XD",Data Scientist
ST0470,Diploma,Diploma_CSE,24,Female,85.02,64.39,0.0,5,3,8,7,7,7,5,5,4,4,2,3,2,4,Creative,"UI Design, Content Creation",Web,Creative,2,1,No,Web,"Wireshark, Cryptography",Business Analyst
ST0471,Pursuing_12th,Commerce,19,Male,81.36,0.0,0.0,6,3,6,6,4,9,8,7,4,3,3,2,4,3,Management,"Operations, Product Owner",Security,Analytical,2,2,No,Networking,"Excel, WordPress, Statistics, SQL",Database Administrator
ST0472,Diploma,Diploma_ECE,19,Female,86.97,77.98,0.0,6,8,7,6,7,3,8,4,3,2,2,4,5,4,Creative,"Content Creation, Visual Prototyping",Cloud,Leader,2,2,No,Python,"Kubernetes, Cryptography",Software Tester
ST0473,10th,General,17,Male,72.23,0.0,0.0,4,3,6,8,4,3,10,7,2,3,3,4,1,4,Creative,"Frontend Design, Content Creation",Cloud,Leader,0,2,No,Math,"Terraform, Agile",Cybersecurity Analyst
ST0474,Pursuing_12th,Science,18,Female,58.36,0.0,0.0,7,5,4,9,6,3,4,5,4,2,3,2,2,2,Technical,"System Admin, DevOps",Data,Logical,3,2,No,UI Design,"Photoshop, SQL",ML Engineer
ST0475,Pursuing_Diploma,Diploma_IT,20,Male,82.1,59.1,0.0,6,7,5,5,6,7,5,5,2,1,5,5,4,1,Creative,"Content Creation, Frontend Design",Data,Leader,3,3,No,Networking,"Scikit-Learn, Math, TensorFlow, Project Management",Business Analyst
ST0476,Pursuing_12th,Science,19,Female,79.1,0.0,0.0,7,9,3,7,6,6,10,4,1,2,1,3,2,1,Technical,"DevOps, System Admin",Data,Creative,0,0,No,UI Design,"Keras, Photoshop, Canva, Illustrator",ML Engineer
ST0477,BTech,BTech_ECE,26,Male,73.4,71.33,74.75,6,8,8,7,8,7,7,7,1,1,3,5,2,3,Technical,"Software Engineering, System Admin",Web,Creative,2,4,Yes,DBMS,"Pandas, Python, Ethical Hacking, SQL",Full Stack Developer
ST0478,BCA,BCA,20,Female,79.08,69.68,68.55,8,8,3,6,3,8,5,3,2,4,3,2,1,5,Creative,"Visual Prototyping, Frontend Design",Security,Analytical,2,0,No,Networking,"Figma, Project Management, Canva",Database Administrator
ST0479,10th,General,16,Female,85.86,0.0,0.0,7,9,4,3,9,3,5,8,3,3,4,5,4,1,Technical,"App Development, DevOps",Web,Creative,0,0,No,Networking,"Math, PHP, React",Business Analyst
ST0480,Graduate,BTech_IT,19,Male,82.99,63.07,63.86,6,9,6,5,4,6,5,6,3,4,3,2,5,1,Technical,"System Admin, DevOps",Data,Logical,1,3,Yes,DBMS,"Kubernetes, Statistics, SQL",Data Scientist
ST0481,Graduate,BSc_CS,23,Male,76.3,50.65,81.05,10,4,6,7,7,4,9,6,2,4,1,2,3,1,Technical,"Software Engineering, App Development",AI-ML,Leader,2,0,No,Python,"Scikit-Learn, Photoshop, Adobe XD",Data Scientist
ST0482,Graduate,BBA,21,Female,66.85,65.85,77.7,7,7,6,9,3,6,6,8,4,4,3,4,1,3,Creative,"Visual Prototyping, Content Creation",Web,Logical,1,0,No,Python,"Communication, Docker, Agile",Data Scientist
ST0483,BCA,BCA,23,Male,80.42,80.68,80.6,5,3,3,5,8,6,8,7,3,2,2,5,1,1,Analytical,"Risk Assessment, Data Analysis",Cloud,Analytical,2,4,Yes,Python,"Excel, Agile",Web Developer
ST0484,Pursuing_Diploma,Diploma_CSE,24,Female,81.29,68.95,0.0,4,4,8,5,7,7,9,8,1,2,1,4,2,1,Creative,"Visual Prototyping, Frontend Design",Data,Analytical,1,1,No,Networking,"WordPress, Photoshop",Backend Developer
ST0485,Diploma,Diploma_IT,21,Male,66.58,72.76,0.0,6,7,5,4,3,3,9,8,2,2,5,3,3,2,Technical,"DevOps, System Admin",Web,Analytical,1,2,No,Networking,"Communication, Project Management, Network Security",ML Engineer
ST0486,Pursuing_12th,Science,19,Female,85.97,0.0,0.0,5,4,4,6,8,4,7,6,3,2,1,1,1,1,Management,"Product Owner, Team Lead",Data,Analytical,0,1,Yes,Web,"Terraform, Docker, Kubernetes",Software Tester
ST0487,Pursuing_Diploma,Diploma_CSE,21,Male,90.98,65.46,0.0,3,5,5,7,6,6,4,5,2,2,4,4,5,3,Analytical,"Data Analysis, Market Research",Web,Analytical,1,0,Yes,UI Design,"Ethical Hacking, Agile, Cryptography, Network Security",Full Stack Developer
ST0488,Graduate,BCom,20,Male,59.26,83.79,45.0,6,8,5,3,7,5,8,7,2,3,3,5,1,3,Technical,"Software Engineering, DevOps",Data,Analytical,1,3,No,UI Design,"Canva, CSS, Adobe XD, Illustrator",Backend Developer
ST0489,Diploma,Diploma_Mech,26,Female,74.73,58.45,0.0,7,8,4,8,3,3,9,5,1,1,4,1,2,1,Technical,"App Development, Software Engineering",Web,Logical,1,1,No,Math,"Figma, Photoshop, Wireshark",Data Scientist
ST0490,BTech,BTech_IT,26,Female,76.63,74.32,60.73,8,6,5,3,6,7,9,9,3,5,4,3,3,5,Technical,"System Admin, Software Engineering",Security,Creative,1,3,No,UI Design,"Figma, JavaScript, WordPress",Cybersecurity Analyst
ST0491,10th,General,16,Female,80.38,0.0,0.0,5,6,4,5,3,5,10,4,5,4,4,5,4,3,Creative,"UI Design, Visual Prototyping",Cloud,Leader,1,0,No,Statistics,"Figma, Project Management, Adobe XD, Illustrator",Cloud Engineer
ST0492,Pursuing_12th,Science,17,Female,59.35,0.0,0.0,3,7,10,3,7,7,7,7,3,4,5,2,4,5,Management,"Team Lead, Product Owner",Security,Creative,0,1,No,DBMS,"CSS, WordPress, React",Cloud Engineer
ST0493,Pursuing_12th,Science,19,Male,80.45,0.0,0.0,8,6,3,8,3,6,4,6,1,2,3,2,2,1,Technical,"App Development, System Admin",AI-ML,Analytical,0,2,No,UI Design,"R, JavaScript, PHP, React",Data Scientist
ST0494,Pursuing_BTech,BTech_Civil,24,Other,54.06,71.38,0.0,7,8,6,7,3,3,9,5,2,2,1,2,5,5,Technical,"App Development, DevOps",Security,Leader,1,4,Yes,Networking,"Figma, Illustrator",Full Stack Developer
ST0495,BTech,BTech_ECE,22,Female,71.01,45.0,77.05,4,5,7,3,8,6,6,5,3,5,1,3,4,3,Creative,"Visual Prototyping, Frontend Design",Security,Analytical,1,5,Yes,DBMS,"Network Security, Node.js, React",Full Stack Developer
ST0496,Pursuing_12th,Science,17,Male,80.07,0.0,0.0,3,7,8,8,5,6,7,5,3,3,4,4,2,3,Analytical,"Risk Assessment, Market Research",Data,Logical,2,3,No,Statistics,"Market Research, Figma, Agile",DevOps Engineer
ST0497,Graduate,BTech_IT,19,Female,59.29,80.25,62.89,8,5,6,8,7,6,8,8,4,4,5,2,4,1,Technical,"Software Engineering, System Admin",Web,Analytical,1,1,No,Networking,"Scikit-Learn, Python, Ethical Hacking",Database Administrator
ST0498,Diploma,Diploma_Mech,22,Male,72.77,69.09,0.0,8,8,8,5,7,6,9,8,5,2,5,2,2,1,Creative,"Content Creation, UI Design",Cloud,Leader,1,4,Yes,Web,"AWS, Azure, Kubernetes, SQL",Database Administrator
ST0499,Pursuing_12th,Science,18,Male,67.31,0.0,0.0,7,3,8,6,5,7,4,5,2,3,5,5,4,4,Management,"Product Owner, Team Lead",Cloud,Analytical,0,0,No,Networking,"Excel, Tableau, R, Keras",Cloud Engineer
ST0500,BCA,BCA,23,Female,78.7,52.12,86.33,5,9,6,5,3,3,6,7,3,5,4,4,2,2,Technical,"DevOps, System Admin",Cloud,Analytical,1,1,No,Statistics,"Scikit-Learn, Wireshark, Network Security",Cloud Engineer
ST0501,Pursuing_Diploma,Diploma_Mech,25,Male,79.55,100.0,0.0,7,4,4,7,5,3,4,7,1,4,1,1,2,3,Creative,"Content Creation, UI Design",Data,Creative,2,3,No,Python,"Python, PHP, Angular, React",Web Developer
ST0502,Graduate,BTech_IT,22,Male,69.69,72.32,72.41,3,5,4,7,8,7,5,8,2,5,1,4,4,1,Analytical,"Data Analysis, Market Research",AI-ML,Leader,0,2,No,Math,"Communication, Tableau",Backend Developer
ST0503,Graduate,BTech_IT,24,Female,81.36,80.46,72.14,8,3,6,7,6,7,6,5,2,1,5,3,1,3,Creative,"UI Design, Visual Prototyping",Web,Analytical,2,1,No,Networking,"Communication, Project Management, Angular",Database Administrator
ST0504,12th,Science,19,Female,67.16,68.06,0.0,8,7,3,6,8,7,5,6,3,2,4,1,5,1,Technical,"Software Engineering, App Development",Data,Creative,2,1,No,UI Design,"HTML, Cryptography",Cybersecurity Analyst
ST0505,Pursuing_BTech,BTech_CSE,24,Male,72.16,47.48,0.0,8,5,4,5,8,7,9,9,1,5,1,4,1,2,Technical,"App Development, System Admin",Security,Analytical,1,2,No,UI Design,"CRM, Wireshark",ML Engineer
ST0506,Graduate,BCA,19,Male,72.69,70.85,74.42,6,3,4,6,5,6,4,9,1,4,1,4,4,5,Analytical,"Risk Assessment, Quality Assurance",Data,Leader,1,2,No,Statistics,"PyTorch, Math, Figma, Python",Web Developer
ST0507,Pursuing_Diploma,Diploma_CSE,20,Female,73.65,51.54,0.0,7,6,8,7,6,6,6,5,1,5,4,5,3,5,Technical,"App Development, Software Engineering",Web,Analytical,2,2,No,Web,"Linux, SQL, Cryptography, Ethical Hacking",Full Stack Developer
ST0508,Pursuing_12th,Science,17,Female,68.69,0.0,0.0,6,9,5,5,8,3,6,5,1,3,4,1,3,1,Technical,"System Admin, DevOps",Data,Leader,0,2,No,UI Design,"JavaScript, Tableau",Web Developer
ST0509,10th,General,17,Female,69.47,0.0,0.0,3,5,3,4,8,5,6,10,4,5,2,3,1,5,Technical,"Software Engineering, App Development",AI-ML,Logical,0,5,Yes,Math,"AWS, Azure, Angular",Cloud Engineer
ST0510,Graduate,BCA,19,Male,63.43,99.8,73.76,6,3,4,5,5,7,8,7,3,5,1,5,1,4,Management,"Product Owner, Team Lead",Web,Logical,1,1,No,Statistics,"Angular, Wireshark",Software Tester
ST0511,Graduate,BTech_IT,24,Male,50.0,55.78,69.7,5,4,4,6,3,4,6,7,2,4,5,2,4,2,Management,"Product Owner, Operations",Cloud,Analytical,0,4,Yes,Networking,"Figma, JavaScript, Angular, Node.js",Business Analyst
ST0512,BCA,BCA,22,Male,57.49,51.39,82.19,6,10,5,3,6,3,8,6,5,1,1,5,3,1,Technical,"System Admin, DevOps",Cloud,Creative,0,6,Yes,Statistics,"R, Docker",Web Developer
ST0513,10th,General,17,Female,63.57,0.0,0.0,6,8,8,6,6,4,8,5,3,1,2,5,2,2,Management,"Product Owner, Scrum Master",AI-ML,Creative,1,2,No,Statistics,"CSS, WordPress, Angular, Node.js",Data Scientist
ST0514,12th,Arts,19,Other,68.55,66.72,0.0,5,9,4,3,6,7,9,10,4,3,3,2,3,3,Technical,"DevOps, App Development",Data,Creative,2,2,No,DBMS,"Terraform, Azure, Linux, TensorFlow",Web Developer
ST0515,Pursuing_BTech,BTech_CSE,21,Female,97.93,45.0,0.0,6,6,7,8,9,7,7,6,5,5,1,3,3,3,Analytical,"Quality Assurance, Data Analysis",Security,Creative,1,2,Yes,Python,"JavaScript, Network Security",Backend Developer
ST0516,Pursuing_BTech,BTech_ECE,23,Male,70.07,83.76,0.0,6,5,8,5,8,6,6,7,1,4,3,4,4,3,Technical,"DevOps, App Development",Cloud,Creative,2,3,No,Statistics,"Excel, Statistics, SQL",Database Administrator
ST0517,BCA,BCA,21,Male,68.36,45.22,71.06,7,7,5,7,7,4,9,3,5,3,5,5,1,4,Management,"Product Owner, Team Lead",AI-ML,Logical,0,2,No,DBMS,"PyTorch, Math",UI/UX Designer
ST0518,Pursuing_12th,Arts,19,Male,72.28,0.0,0.0,6,4,8,4,8,6,9,6,3,2,5,2,2,2,Creative,"Content Creation, Frontend Design",AI-ML,Leader,0,2,No,Web,"AWS, Azure, Docker, Node.js",Backend Developer
ST0519,Pursuing_Diploma,Diploma_ECE,22,Other,73.51,99.1,0.0,7,7,3,9,7,4,7,5,3,1,5,2,1,5,Technical,"App Development, System Admin",Web,Logical,2,2,Yes,UI Design,"Python, Ethical Hacking, Cryptography, Network Security",Software Tester
ST0520,Pursuing_12th,Science,18,Male,60.64,0.0,0.0,5,6,8,6,4,7,9,7,5,3,4,4,2,5,Technical,"Software Engineering, DevOps",AI-ML,Leader,1,2,No,Web,"Scikit-Learn, Linux, Wireshark",Backend Developer
ST0521,Pursuing_Diploma,Diploma_IT,20,Female,74.38,55.85,0.0,7,7,6,8,8,7,4,5,5,5,4,3,4,3,Creative,"Frontend Design, Visual Prototyping",Cloud,Creative,0,4,Yes,Web,"PowerBI, Scikit-Learn, TensorFlow",Cloud Engineer
ST0522,Graduate,BCA,25,Female,83.1,90.2,65.98,7,7,4,3,5,8,9,4,4,1,1,1,2,5,Management,"Scrum Master, Operations",Security,Leader,1,0,No,Python,"CSS, Angular, React",Full Stack Developer
ST0523,BCA,BCA,19,Male,84.42,74.06,77.03,7,6,4,8,8,3,6,4,3,2,4,2,1,2,Technical,"DevOps, System Admin",Cloud,Leader,1,2,No,Statistics,"Excel, Adobe XD, Illustrator",Full Stack Developer
ST0524,Pursuing_Diploma,Diploma_IT,20,Female,69.69,63.94,0.0,7,8,7,7,7,3,4,6,2,4,4,5,4,4,Analytical,"Market Research, Data Analysis",Cloud,Leader,5,1,No,Math,"PyTorch, Math, React",Backend Developer
ST0525,12th,Arts,17,Female,82.21,80.16,0.0,6,8,6,8,5,6,4,5,3,2,3,2,3,5,Analytical,"Risk Assessment, Data Analysis",Cloud,Logical,1,1,No,Networking,"Python, Ethical Hacking",Data Scientist
ST0526,10th,General,17,Male,83.02,0.0,0.0,3,5,5,4,7,5,9,7,5,1,3,5,5,2,Management,"Product Owner, Scrum Master",Cloud,Analytical,1,2,No,Math,"HTML, WordPress",Cybersecurity Analyst
ST0527,Diploma,Diploma_IT,19,Male,81.18,82.95,0.0,3,3,3,8,4,5,6,4,5,4,1,4,5,5,Analytical,"Risk Assessment, Quality Assurance",Web,Analytical,0,0,No,Networking,"Docker, Angular",Backend Developer
ST0528,Pursuing_Diploma,Diploma_CSE,25,Male,97.56,92.33,0.0,8,4,7,7,5,6,8,10,5,2,4,1,5,2,Technical,"System Admin, DevOps",Cloud,Creative,1,3,No,Statistics,"Excel, CRM, Agile",Web Developer
ST0529,Diploma,Diploma_IT,25,Other,62.72,89.95,0.0,6,3,3,7,5,5,5,8,4,2,5,5,4,1,Analytical,"Data Analysis, Risk Assessment",AI-ML,Analytical,0,0,No,Networking,"AWS, Ethical Hacking, Wireshark, Cryptography",Full Stack Developer
ST0530,Diploma,Diploma_CSE,22,Female,59.97,64.38,0.0,3,7,5,4,7,9,7,3,4,5,1,3,3,5,Management,"Team Lead, Operations",AI-ML,Analytical,1,2,No,Python,"Excel, Python, PowerBI",DevOps Engineer
ST0531,12th,Commerce,18,Female,93.33,58.34,0.0,3,7,6,6,7,5,10,6,2,3,5,2,3,2,Analytical,"Data Analysis, Risk Assessment",AI-ML,Leader,2,2,No,Web,"Photoshop, Kubernetes",Software Tester
ST0532,BCA,BCA,22,Male,86.13,58.94,48.22,5,10,3,3,3,5,8,7,2,5,3,3,4,4,Technical,"DevOps, System Admin",Cloud,Leader,2,4,Yes,Networking,"Figma, Photoshop, Statistics",Software Tester
ST0533,Pursuing_12th,Science,19,Male,50.0,0.0,0.0,3,10,5,9,6,3,6,9,4,5,2,5,1,2,Technical,"Software Engineering, App Development",Web,Logical,1,0,No,Web,"TensorFlow, Wireshark, Network Security",Web Developer
ST0534,Graduate,BCA,21,Male,79.31,77.6,64.67,6,8,5,8,8,4,8,8,2,4,2,5,2,3,Management,"Team Lead, Scrum Master",Web,Analytical,2,1,No,DBMS,"Scikit-Learn, TensorFlow, Statistics",Web Developer
ST0535,Pursuing_Diploma,Diploma_Mech,19,Female,72.41,64.76,0.0,6,7,6,7,8,5,8,7,4,3,1,3,5,5,Creative,"Content Creation, Visual Prototyping",Cloud,Logical,0,0,Yes,Networking,"Figma, Adobe XD, Kubernetes",Software Tester
ST0536,Pursuing_BTech,BTech_CSE,26,Male,73.35,63.56,0.0,6,6,5,8,5,8,4,9,1,1,2,5,1,2,Technical,"App Development, System Admin",Cloud,Leader,3,2,No,Math,"Market Research, Project Management, Azure, CRM",DevOps Engineer
ST0537,12th,Arts,17,Female,50.08,58.78,0.0,6,8,6,7,8,7,5,8,2,5,1,5,2,4,Management,"Team Lead, Scrum Master",Data,Leader,0,1,No,UI Design,"PyTorch, Math, Network Security, Keras",Database Administrator
ST0538,10th,General,15,Female,85.67,0.0,0.0,3,7,3,4,8,3,4,9,4,3,3,1,2,5,Analytical,"Risk Assessment, Data Analysis",Cloud,Leader,1,3,No,UI Design,"Figma, Linux, Illustrator, Canva",Business Analyst
ST0539,Pursuing_Diploma,Diploma_Mech,26,Male,100.0,63.63,0.0,8,4,7,4,8,9,9,6,1,1,2,1,2,2,Management,"Operations, Team Lead",Security,Creative,1,2,No,DBMS,"AWS, Azure, Linux, Docker",Full Stack Developer
ST0540,Pursuing_12th,Commerce,18,Male,70.02,0.0,0.0,4,7,8,6,5,6,6,4,2,2,2,2,1,4,Management,"Product Owner, Scrum Master",AI-ML,Creative,1,1,No,Statistics,"Adobe XD, SQL",Business Analyst
ST0541,10th,General,15,Female,78.99,0.0,0.0,6,8,3,4,8,5,5,9,1,2,5,4,3,4,Technical,"App Development, System Admin",Cloud,Logical,2,2,No,Networking,"Scikit-Learn, Math, Statistics, PyTorch",DevOps Engineer
ST0542,Diploma,Diploma_IT,22,Other,67.02,84.18,0.0,7,3,6,5,10,6,4,4,4,1,4,1,2,1,Management,"Product Owner, Operations",Data,Creative,1,3,No,DBMS,"Communication, Node.js",Data Scientist
ST0543,Diploma,Diploma_ECE,24,Female,72.06,56.34,0.0,4,7,6,4,7,3,10,5,1,1,1,5,2,2,Technical,"Software Engineering, System Admin",Web,Leader,3,2,No,Python,"Communication, Canva, Market Research, Agile",Cloud Engineer
ST0544,Pursuing_BTech,BTech_Civil,19,Female,74.24,70.84,0.0,6,8,3,5,5,6,9,7,4,4,4,4,4,1,Creative,"Visual Prototyping, UI Design",Security,Logical,0,0,No,Networking,"Market Research, CRM, Agile",DevOps Engineer
ST0545,Diploma,Diploma_Mech,19,Female,89.07,67.8,0.0,4,4,6,5,3,5,7,8,5,5,3,2,2,5,Management,"Operations, Product Owner",Security,Leader,2,1,No,Math,"Math, Python, Angular, Keras",Backend Developer
ST0546,Pursuing_BTech,BTech_Civil,19,Female,68.88,81.78,0.0,7,6,5,7,8,3,5,6,5,4,3,3,3,4,Technical,"DevOps, App Development",Data,Leader,2,2,No,Statistics,"Excel, Pandas, Wireshark",DevOps Engineer
ST0547,Pursuing_12th,Science,18,Female,79.2,0.0,0.0,5,5,4,7,5,5,5,7,4,5,2,3,3,3,Management,"Product Owner, Scrum Master",Security,Logical,1,0,No,UI Design,"AWS, Python",Web Developer
ST0548,BTech,BTech_ECE,24,Male,66.08,53.96,73.88,3,6,3,7,4,6,4,9,3,2,2,1,2,2,Analytical,"Risk Assessment, Quality Assurance",Data,Logical,2,3,No,Networking,"Tableau, Pandas, Project Management",Cybersecurity Analyst
ST0549,Pursuing_BTech,BTech_IT,22,Male,60.7,68.07,0.0,4,6,8,4,8,7,7,8,4,4,1,3,2,5,Analytical,"Market Research, Risk Assessment",Cloud,Analytical,3,1,Yes,Math,"R, Linux, Cryptography, Network Security",UI/UX Designer
ST0550,Pursuing_Diploma,Diploma_ECE,23,Male,62.81,72.74,0.0,4,4,5,5,8,3,8,6,4,3,4,5,3,5,Creative,"UI Design, Content Creation",Security,Creative,1,1,No,DBMS,"Python, Linux, Statistics",Business Analyst
ST0551,10th,General,16,Male,68.06,0.0,0.0,7,5,8,8,5,5,10,7,4,3,3,4,3,3,Technical,"System Admin, App Development",Data,Creative,0,1,Yes,Python,"PyTorch, TensorFlow",ML Engineer
ST0552,BCA,BCA,26,Female,81.56,85.82,76.9,6,4,3,3,8,7,6,4,1,2,3,1,4,4,Creative,"UI Design, Frontend Design",AI-ML,Creative,1,1,No,Networking,"Market Research, Communication, Network Security",UI/UX Designer
ST0553,10th,General,17,Male,70.06,0.0,0.0,4,4,5,9,4,4,4,6,2,1,4,4,3,1,Management,"Scrum Master, Team Lead",Cloud,Logical,0,3,No,Statistics,"Figma, Tableau, PowerBI, SQL",Database Administrator
ST0554,Diploma,Diploma_ECE,23,Male,81.88,77.46,0.0,8,6,8,8,8,3,4,5,5,2,1,4,5,1,Technical,"System Admin, DevOps",Web,Logical,0,2,No,Statistics,"Keras, Network Security",ML Engineer
ST0555,Pursuing_12th,Commerce,19,Female,81.67,0.0,0.0,10,8,3,8,6,5,9,4,2,5,3,3,2,4,Analytical,"Data Analysis, Risk Assessment",Cloud,Creative,3,4,Yes,Web,"PyTorch, AWS, Linux",Data Scientist
ST0556,Diploma,Diploma_Mech,23,Female,90.59,69.91,0.0,8,5,5,7,4,4,5,5,4,5,4,1,5,4,Creative,"Content Creation, Frontend Design",Cloud,Creative,0,0,No,Math,"JavaScript, Angular",Database Administrator
ST0557,BTech,BTech_IT,21,Male,73.16,78.06,65.39,6,4,7,9,7,6,5,10,2,2,1,2,1,4,Analytical,"Risk Assessment, Data Analysis",Security,Logical,0,2,No,DBMS,"Communication, AWS, Linux, Kubernetes",UI/UX Designer
ST0558,Pursuing_BTech,BTech_CSE,21,Female,72.76,45.0,0.0,3,8,3,6,5,6,9,7,1,4,2,3,3,3,Technical,"App Development, System Admin",AI-ML,Analytical,1,1,No,UI Design,"Linux, Illustrator, Wireshark, Cryptography",Full Stack Developer
ST0559,10th,General,15,Male,90.41,0.0,0.0,3,5,7,7,8,6,10,9,2,1,5,4,2,1,Analytical,"Risk Assessment, Quality Assurance",AI-ML,Logical,1,2,No,DBMS,"Scikit-Learn, Photoshop",Software Tester
ST0560,BTech,BTech_ECE,23,Male,58.87,91.21,64.35,6,7,8,4,5,5,4,8,2,3,1,2,5,2,Creative,"Visual Prototyping, UI Design",Data,Leader,1,2,No,Statistics,"Terraform, TensorFlow, Keras",Database Administrator
ST0561,Pursuing_12th,Arts,17,Other,71.58,0.0,0.0,4,3,4,6,6,4,5,4,2,3,1,5,5,3,Creative,"Visual Prototyping, Frontend Design",Data,Analytical,1,1,No,UI Design,"Market Research, Project Management, Agile",Cybersecurity Analyst
ST0562,Diploma,Diploma_ECE,19,Female,70.7,78.5,0.0,8,4,3,7,7,7,7,7,3,5,1,5,1,1,Analytical,"Quality Assurance, Data Analysis",Data,Analytical,2,1,No,Math,"Market Research, Tableau",Backend Developer
ST0563,BTech,BTech_ECE,23,Male,72.86,93.7,62.6,8,6,7,7,7,5,8,4,1,3,5,4,3,1,Technical,"System Admin, Software Engineering",Security,Analytical,2,1,No,Statistics,"Communication, CRM, Scikit-Learn",Backend Developer
ST0564,BTech,BTech_Civil,22,Male,68.48,85.58,69.69,3,5,5,3,3,4,9,7,2,4,3,2,1,5,Technical,"Software Engineering, System Admin",Data,Leader,2,0,No,Web,"Communication, Project Management, Market Research, Network Security",Cybersecurity Analyst
ST0565,Pursuing_BTech,BTech_Civil,23,Female,95.72,99.3,0.0,3,8,6,8,5,8,7,5,4,3,1,4,3,1,Analytical,"Market Research, Data Analysis",Web,Leader,2,6,Yes,UI Design,"Adobe XD, SQL",Business Analyst
ST0566,Pursuing_Diploma,Diploma_IT,22,Male,65.03,78.47,0.0,3,5,7,5,8,6,8,6,1,1,3,2,5,5,Analytical,"Risk Assessment, Market Research",Security,Logical,1,1,No,Python,"HTML, Agile",Cloud Engineer
ST0567,BTech,BTech_Civil,26,Other,69.42,64.54,57.54,10,6,5,5,5,8,9,10,5,2,2,3,5,4,Analytical,"Data Analysis, Risk Assessment",Web,Leader,1,6,Yes,Statistics,"Linux, Cryptography",Data Scientist
ST0568,10th,General,16,Other,73.73,0.0,0.0,9,7,4,7,7,7,8,7,2,5,5,3,3,4,Creative,"UI Design, Visual Prototyping",Web,Creative,0,1,No,Networking,"Project Management, TensorFlow",ML Engineer
ST0569,10th,General,17,Female,80.92,0.0,0.0,6,3,4,7,7,8,4,6,4,1,5,4,2,5,Analytical,"Data Analysis, Market Research",AI-ML,Leader,1,4,Yes,Math,"Scikit-Learn, Python, TensorFlow, Keras",Full Stack Developer
ST0570,Pursuing_BTech,BTech_IT,26,Female,94.44,65.84,0.0,6,5,3,8,8,5,8,9,3,5,2,3,3,1,Technical,"App Development, Software Engineering",Security,Creative,0,1,No,Networking,"WordPress, Linux, Node.js",Cloud Engineer
ST0571,BTech,BTech_Civil,21,Male,77.58,59.02,79.15,5,5,6,5,3,7,6,9,1,5,1,2,1,5,Technical,"App Development, System Admin",Security,Analytical,3,3,No,DBMS,"Project Management, CRM, SQL",Backend Developer
ST0572,BTech,BTech_CSE,24,Male,76.31,83.85,84.75,5,7,6,8,3,4,5,6,3,3,2,3,3,1,Analytical,"Market Research, Risk Assessment",Security,Logical,2,2,No,DBMS,"SQL, Network Security",Database Administrator
ST0573,Pursuing_Diploma,Diploma_IT,23,Female,96.02,80.52,0.0,7,5,3,5,6,3,6,6,5,1,3,5,2,1,Creative,"Visual Prototyping, Content Creation",Web,Creative,1,3,No,DBMS,"PyTorch, Scikit-Learn, TensorFlow, Keras",Data Scientist
ST0574,Pursuing_Diploma,Diploma_ECE,19,Female,73.95,70.65,0.0,5,7,5,3,5,6,7,4,5,4,4,4,1,2,Creative,"UI Design, Frontend Design",Data,Analytical,0,1,No,DBMS,"Math, Python, Wireshark",Full Stack Developer
ST0575,Diploma,Diploma_Mech,26,Female,100.0,62.01,0.0,7,7,8,5,8,3,5,3,1,2,3,1,2,5,Creative,"Frontend Design, UI Design",Security,Logical,0,1,No,UI Design,"Adobe XD, Network Security",Cybersecurity Analyst
ST0576,BTech,BTech_ECE,20,Male,50.0,64.35,66.68,3,7,5,7,8,3,4,8,3,4,5,3,2,2,Technical,"DevOps, System Admin",Data,Leader,2,0,No,Statistics,"Excel, R, Keras",Web Developer
ST0577,Pursuing_12th,Science,19,Female,91.27,0.0,0.0,4,9,6,9,7,5,9,4,3,1,5,1,4,3,Technical,"App Development, Software Engineering",Security,Logical,1,6,Yes,DBMS,"CRM, PHP",DevOps Engineer
ST0578,BCA,BCA,26,Male,99.38,74.71,59.46,6,5,9,5,10,7,7,5,2,3,3,1,4,5,Management,"Product Owner, Scrum Master",AI-ML,Creative,0,0,No,Math,"Node.js, Linux, Cryptography, Ethical Hacking",Database Administrator
ST0579,10th,General,15,Male,92.52,0.0,0.0,9,7,5,8,7,8,7,7,3,5,4,3,5,2,Technical,"Software Engineering, DevOps",Security,Logical,2,5,Yes,Networking,"Math, Pandas, PowerBI",Data Scientist
ST0580,Pursuing_BTech,BTech_IT,26,Other,67.82,100.0,0.0,8,6,7,8,4,7,10,7,5,3,5,1,1,3,Creative,"Frontend Design, Visual Prototyping",Security,Leader,2,2,Yes,Python,"Canva, Figma, Adobe XD, Illustrator",Database Administrator
ST0581,10th,General,17,Male,85.84,0.0,0.0,8,3,8,4,7,4,4,3,3,4,4,3,1,3,Creative,"UI Design, Frontend Design",AI-ML,Creative,2,2,Yes,Math,"Figma, Photoshop, Adobe XD",Data Scientist
ST0582,12th,Science,19,Male,71.14,77.1,0.0,6,7,3,8,4,6,9,4,3,1,4,1,4,5,Creative,"Visual Prototyping, Content Creation",Security,Creative,2,6,Yes,UI Design,"PHP, Angular, Network Security",Data Scientist
ST0583,Pursuing_BTech,BTech_IT,21,Female,53.34,83.89,0.0,5,6,5,6,5,4,5,5,5,3,2,5,2,1,Creative,"Content Creation, Frontend Design",Data,Leader,2,3,No,UI Design,"Figma, Tableau, R, Statistics",Full Stack Developer
ST0584,12th,Arts,19,Female,82.37,67.01,0.0,6,6,6,7,7,8,8,7,2,3,1,3,4,4,Technical,"DevOps, App Development",Security,Leader,1,4,Yes,Networking,"R, Statistics, SQL",Cloud Engineer
ST0585,Pursuing_BTech,BTech_IT,22,Male,98.6,61.4,0.0,8,5,4,5,4,5,5,8,5,2,4,4,2,4,Management,"Product Owner, Scrum Master",AI-ML,Logical,1,3,No,Statistics,"Math, Photoshop",Business Analyst
ST0586,Pursuing_BTech,BTech_IT,25,Female,56.47,84.46,0.0,10,4,7,5,6,7,7,4,4,4,3,5,5,3,Management,"Team Lead, Product Owner",Data,Logical,0,2,No,Networking,"Math, Pandas, PowerBI",Data Scientist
ST0587,Pursuing_BTech,BTech_IT,23,Male,75.16,69.78,0.0,7,6,4,4,5,6,4,6,3,3,3,5,3,4,Creative,"Frontend Design, Content Creation",Cloud,Logical,2,3,No,UI Design,"CRM, Kubernetes",Web Developer
ST0588,10th,General,17,Male,77.27,0.0,0.0,6,3,3,8,8,3,5,10,5,5,3,3,2,4,Analytical,"Market Research, Data Analysis",Web,Leader,0,1,No,DBMS,"HTML, CRM",Database Administrator
ST0589,Graduate,BCA,26,Male,74.04,77.9,83.1,6,7,3,3,9,4,8,3,5,3,4,3,1,5,Creative,"UI Design, Frontend Design",Web,Creative,0,3,No,Web,"CRM, Python",Database Administrator
ST0590,BCA,BCA,26,Female,73.34,65.21,75.71,5,5,8,5,3,7,4,8,5,5,2,5,1,5,Management,"Operations, Team Lead",Cloud,Logical,1,3,No,Statistics,"Agile, Wireshark, Ethical Hacking",Data Scientist
ST0591,BTech,BTech_CSE,20,Male,78.94,79.74,69.59,5,10,6,3,8,4,4,4,3,4,2,3,3,3,Technical,"Software Engineering, App Development",Cloud,Leader,0,2,No,Statistics,"CRM, Photoshop",UI/UX Designer
ST0592,Diploma,Diploma_IT,23,Female,80.2,87.39,0.0,8,8,6,7,5,5,9,6,4,1,3,2,5,2,Analytical,"Risk Assessment, Data Analysis",Web,Creative,0,1,No,DBMS,"AWS, Docker, Kubernetes, Keras",Software Tester
ST0593,10th,General,16,Male,71.45,0.0,0.0,10,5,4,6,10,3,6,5,4,2,5,5,2,1,Technical,"Software Engineering, App Development",Web,Creative,1,1,No,DBMS,"AWS, Azure, Linux, Adobe XD",ML Engineer
ST0594,Pursuing_BTech,BTech_ECE,19,Male,75.09,59.4,0.0,6,6,8,8,6,7,8,3,2,1,3,4,4,4,Management,"Team Lead, Product Owner",Data,Leader,1,1,No,Networking,"Terraform, Scikit-Learn",Full Stack Developer
ST0595,Pursuing_12th,Commerce,19,Female,72.61,0.0,0.0,3,6,4,5,9,5,4,6,2,3,2,3,4,3,Creative,"UI Design, Content Creation",AI-ML,Creative,2,2,No,Python,"Terraform, Linux, R",Backend Developer
ST0596,Graduate,BBA,20,Female,71.57,45.0,74.85,6,4,5,8,3,5,10,5,3,1,1,4,5,4,Technical,"DevOps, System Admin",Web,Logical,0,2,No,Statistics,"Math, Tableau, Python, SQL",UI/UX Designer
ST0597,Pursuing_BTech,BTech_Civil,22,Female,88.38,81.33,0.0,7,9,4,8,4,7,8,7,4,5,2,4,2,5,Technical,"System Admin, DevOps",Security,Leader,2,2,No,Networking,"Terraform, CSS",Cloud Engineer
ST0598,10th,General,17,Female,68.67,0.0,0.0,3,5,6,6,3,7,6,4,3,2,2,4,5,2,Technical,"Software Engineering, DevOps",Data,Analytical,0,1,No,UI Design,"Excel, Tableau, CRM, Statistics",Full Stack Developer
ST0599,Pursuing_Diploma,Diploma_IT,25,Male,82.11,87.83,0.0,4,4,7,8,5,6,4,6,3,4,5,3,4,1,Analytical,"Risk Assessment, Quality Assurance",Security,Leader,1,0,No,Python,"Figma, R",Database Administrator
ST0600,12th,Arts,17,Female,92.98,71.9,0.0,8,5,8,4,8,6,6,7,2,4,4,5,4,3,Technical,"DevOps, System Admin",Cloud,Logical,1,3,No,Math,"PyTorch, Math, Figma",ML Engineer
ST0601,Graduate,BTech_IT,23,Female,71.71,64.2,59.5,6,4,7,3,7,6,7,6,4,2,5,5,5,1,Technical,"App Development, System Admin",Web,Leader,1,1,No,Statistics,"Figma, Excel, Tableau, Python",Cybersecurity Analyst
ST0602,Graduate,BSc_CS,23,Female,76.89,87.17,69.51,4,8,6,6,5,7,7,10,4,3,2,5,2,4,Analytical,"Data Analysis, Market Research",Data,Analytical,2,0,No,UI Design,"Azure, Docker, Adobe XD",UI/UX Designer
ST0603,Pursuing_BTech,BTech_ECE,26,Male,72.12,81.63,0.0,8,8,8,5,5,3,4,6,1,1,2,5,4,5,Analytical,"Market Research, Quality Assurance",AI-ML,Analytical,0,1,No,Math,"Communication, Project Management, Figma, CRM",Database Administrator
ST0604,10th,General,16,Male,88.98,0.0,0.0,7,3,5,7,4,5,5,7,2,1,1,1,2,2,Analytical,"Quality Assurance, Data Analysis",AI-ML,Leader,2,4,Yes,Networking,"Tableau, WordPress, PHP, Angular",Cloud Engineer
ST0605,Graduate,BCA,21,Male,71.19,68.21,59.34,3,5,10,7,7,9,8,4,3,3,4,3,3,3,Management,"Scrum Master, Product Owner",Web,Analytical,1,1,No,Networking,"Market Research, Python",Cloud Engineer
ST0606,10th,General,17,Female,65.06,0.0,0.0,5,8,7,3,8,8,7,8,3,3,2,2,1,4,Management,"Team Lead, Product Owner",AI-ML,Creative,0,1,No,Statistics,"CSS, PHP, Angular, Node.js",ML Engineer
ST0607,BCA,BCA,21,Female,83.48,62.2,73.98,6,6,5,6,7,6,7,10,5,1,4,3,1,3,Analytical,"Data Analysis, Risk Assessment",Cloud,Creative,1,1,No,Math,"HTML, PHP, Canva",Cybersecurity Analyst
ST0608,Diploma,Diploma_ECE,26,Female,68.92,100.0,0.0,6,8,4,7,7,4,6,4,4,2,3,2,4,5,Analytical,"Risk Assessment, Data Analysis",Cloud,Creative,1,3,Yes,Networking,"Communication, CRM, Linux, Agile",Software Tester
ST0609,BCA,BCA,20,Male,66.13,68.72,52.11,6,8,4,4,6,3,6,3,3,2,3,2,2,4,Creative,"Frontend Design, Content Creation",Cloud,Analytical,2,2,Yes,Python,"CSS, WordPress, Excel, React",Data Scientist
ST0610,Pursuing_12th,Arts,19,Female,82.26,0.0,0.0,7,5,8,5,5,7,4,7,2,5,4,4,5,2,Management,"Operations, Scrum Master",AI-ML,Logical,2,4,Yes,Networking,"HTML, Azure, Node.js",Backend Developer
ST0611,Pursuing_Diploma,Diploma_IT,19,Male,83.17,63.21,0.0,8,6,7,5,7,6,9,3,3,2,1,3,5,2,Management,"Product Owner, Scrum Master",Security,Logical,1,1,No,Statistics,"AWS, WordPress",Business Analyst
ST0612,BTech,BTech_CSE,20,Male,77.62,80.04,72.1,5,8,7,4,5,7,8,7,1,2,4,4,5,5,Technical,"System Admin, Software Engineering",Web,Analytical,1,2,No,Statistics,"PyTorch, Python, PowerBI",DevOps Engineer
ST0613,Pursuing_Diploma,Diploma_CSE,25,Female,63.28,86.03,0.0,3,6,6,5,3,5,5,7,1,4,1,3,1,4,Analytical,"Market Research, Data Analysis",AI-ML,Analytical,2,1,Yes,DBMS,"Terraform, Market Research, Azure, Linux",Web Developer
ST0614,BTech,BTech_ECE,19,Male,89.45,74.22,77.22,4,4,6,5,6,7,4,5,5,4,4,5,5,5,Creative,"Content Creation, Visual Prototyping",Data,Leader,0,0,No,Statistics,"Photoshop, Adobe XD, Canva",ML Engineer
ST0615,10th,General,17,Female,80.4,0.0,0.0,8,6,8,5,5,8,10,6,4,2,4,4,1,4,Analytical,"Quality Assurance, Risk Assessment",Cloud,Logical,0,3,No,Web,"Figma, Statistics, Illustrator",Software Tester
ST0616,Pursuing_12th,Science,17,Male,74.47,0.0,0.0,5,9,3,8,6,4,8,7,5,3,4,2,4,4,Technical,"Software Engineering, App Development",Web,Leader,1,4,Yes,Networking,"Market Research, Project Management, CRM, Angular",Data Scientist
ST0617,12th,Arts,18,Male,54.71,59.48,0.0,5,5,8,3,4,3,6,8,3,2,1,2,4,3,Technical,"Software Engineering, DevOps",Data,Leader,1,0,No,Web,"Scikit-Learn, AWS, Python, TensorFlow",ML Engineer
ST0618,Graduate,BCA,22,Male,69.35,92.81,86.63,5,5,4,8,5,8,9,8,1,3,4,5,5,1,Creative,"Visual Prototyping, UI Design",AI-ML,Creative,1,2,No,Networking,"Market Research, CRM, Scikit-Learn",Web Developer
ST0619,BTech,BTech_IT,24,Male,70.59,91.64,71.55,9,3,5,5,8,3,6,7,4,5,2,5,2,4,Creative,"Content Creation, Frontend Design",Security,Logical,2,1,No,Statistics,"Market Research, Network Security",ML Engineer
ST0620,Graduate,BSc_CS,20,Other,74.68,53.31,61.84,3,6,3,6,7,4,6,7,2,2,4,2,1,4,Analytical,"Market Research, Quality Assurance",Cloud,Leader,1,0,No,UI Design,"Keras, SQL",DevOps Engineer
ST0621,Pursuing_12th,Arts,17,Male,82.77,0.0,0.0,3,4,6,9,3,3,8,5,2,5,3,5,2,4,Technical,"DevOps, System Admin",Cloud,Logical,2,2,No,Networking,"Scikit-Learn, Keras",Software Tester
ST0622,Diploma,Diploma_ECE,23,Female,64.01,58.58,0.0,5,8,8,8,5,3,10,7,4,1,5,1,4,5,Analytical,"Risk Assessment, Data Analysis",Cloud,Creative,1,1,No,Python,"TensorFlow, PowerBI, Statistics",Software Tester
ST0623,Pursuing_12th,Science,17,Male,79.74,0.0,0.0,6,7,8,3,5,3,5,4,4,1,1,4,1,5,Creative,"Content Creation, Frontend Design",Security,Creative,1,3,No,Statistics,"Math, Linux, Wireshark, Ethical Hacking",Full Stack Developer
ST0624,10th,General,15,Female,65.24,0.0,0.0,6,7,5,8,5,5,4,8,2,2,2,1,3,2,Technical,"System Admin, App Development",AI-ML,Leader,0,1,No,Web,"Market Research, CRM, Linux, Communication",Database Administrator
ST0625,BTech,BTech_ECE,21,Female,79.91,67.48,73.0,9,8,3,5,7,5,9,10,3,2,4,4,3,5,Technical,"App Development, System Admin",Data,Logical,3,5,Yes,Statistics,"AWS, Azure, CRM",ML Engineer
ST0626,12th,Science,18,Female,73.73,73.18,0.0,6,4,5,9,4,5,10,6,4,5,2,5,2,1,Analytical,"Market Research, Quality Assurance",AI-ML,Logical,0,2,No,Math,"Azure, Pandas",Business Analyst
ST0627,Graduate,BCA,19,Other,52.31,76.71,73.19,3,7,3,5,8,3,7,6,4,2,4,4,1,4,Technical,"App Development, System Admin",AI-ML,Analytical,0,6,Yes,Python,"HTML, Scikit-Learn, TensorFlow",Backend Developer
ST0628,BTech,BTech_ECE,24,Male,69.4,79.31,74.86,8,7,6,4,7,4,5,8,2,5,4,5,5,3,Technical,"App Development, System Admin",Cloud,Leader,3,1,No,Statistics,"Communication, Project Management, Illustrator",ML Engineer
ST0629,Pursuing_12th,Commerce,18,Female,63.62,0.0,0.0,9,6,5,8,3,4,10,5,4,1,1,4,3,5,Technical,"System Admin, App Development",Security,Analytical,1,1,No,Networking,"JavaScript, WordPress, Project Management",Data Scientist
ST0630,10th,General,16,Female,77.33,0.0,0.0,6,8,6,5,3,8,7,6,3,4,2,2,1,1,Creative,"Frontend Design, Content Creation",Data,Leader,1,2,Yes,Web,"AWS, TensorFlow",Cybersecurity Analyst
ST0631,Pursuing_Diploma,Diploma_CSE,23,Female,67.05,81.11,0.0,6,7,6,3,7,4,10,8,2,4,1,5,4,5,Technical,"Software Engineering, App Development",Security,Creative,4,0,No,Networking,"Adobe XD, Kubernetes",DevOps Engineer
ST0632,Diploma,Diploma_ECE,21,Female,92.35,73.92,0.0,9,5,7,7,5,5,8,7,4,3,2,3,5,4,Analytical,"Risk Assessment, Quality Assurance",Web,Leader,1,4,Yes,Web,"Python, Adobe XD, Illustrator",ML Engineer
ST0633,Graduate,BTech_IT,21,Other,70.34,92.62,70.25,6,10,8,5,5,8,8,9,1,5,2,3,4,1,Technical,"System Admin, DevOps",Data,Leader,2,1,No,Python,"AWS, Angular",DevOps Engineer
ST0634,Diploma,Diploma_ECE,19,Female,78.02,63.54,0.0,8,6,6,3,3,4,6,4,4,2,2,1,5,4,Technical,"Software Engineering, App Development",AI-ML,Leader,1,4,Yes,Python,"Pandas, Python",DevOps Engineer
ST0635,Pursuing_Diploma,Diploma_CSE,22,Female,96.19,63.41,0.0,5,8,7,6,8,4,4,10,3,4,1,5,2,1,Technical,"DevOps, System Admin",Security,Creative,1,3,No,Networking,"PHP, Figma, Photoshop, Adobe XD",Business Analyst
ST0636,BTech,BTech_ECE,23,Female,68.78,51.45,66.94,3,5,3,7,8,5,6,6,2,3,2,2,2,4,Analytical,"Market Research, Data Analysis",Data,Analytical,0,1,Yes,Networking,"Python, R, Canva",Software Tester
ST0637,Pursuing_12th,Arts,18,Female,69.0,0.0,0.0,3,4,5,5,9,8,9,5,5,1,5,3,2,3,Creative,"Frontend Design, UI Design",Web,Creative,3,1,No,Math,"Photoshop, Linux",Web Developer
ST0638,12th,Arts,17,Female,88.18,59.01,0.0,8,6,5,4,3,4,9,10,2,5,5,1,1,2,Technical,"DevOps, Software Engineering",Security,Leader,2,2,No,Python,"Excel, Pandas, Statistics, SQL",UI/UX Designer
ST0639,12th,Science,19,Female,82.71,74.57,0.0,5,6,6,4,5,8,5,7,1,3,2,4,5,1,Creative,"UI Design, Frontend Design",Cloud,Analytical,1,1,No,DBMS,"PyTorch, Math, Scikit-Learn, TensorFlow",Data Scientist
ST0640,BTech,BTech_ECE,20,Female,56.51,70.3,53.29,9,3,6,8,7,9,7,5,3,3,2,5,1,4,Management,"Scrum Master, Operations",Web,Creative,1,3,No,UI Design,"Photoshop, Network Security",ML Engineer
ST0641,12th,Science,18,Female,88.29,63.37,0.0,6,4,7,7,6,5,9,7,4,2,3,4,3,4,Management,"Team Lead, Operations",Security,Analytical,0,1,No,DBMS,"Scikit-Learn, Python, Kubernetes, PyTorch",UI/UX Designer
ST0642,Pursuing_12th,Science,18,Male,79.08,0.0,0.0,8,7,6,10,5,4,5,7,5,5,1,2,4,4,Management,"Scrum Master, Product Owner",AI-ML,Logical,0,7,Yes,Web,"Adobe XD, TensorFlow, Illustrator",Database Administrator
ST0643,10th,General,15,Other,70.7,0.0,0.0,8,4,4,6,8,8,4,8,4,3,1,1,4,4,Creative,"Visual Prototyping, Content Creation",Data,Logical,1,2,No,Math,"HTML, Photoshop, Adobe XD, Illustrator",Web Developer
ST0644,10th,General,15,Male,65.49,0.0,0.0,4,10,6,4,7,3,9,8,5,5,2,5,1,1,Technical,"App Development, Software Engineering",Cloud,Creative,0,1,Yes,Web,"Market Research, SQL",Web Developer
ST0645,12th,Commerce,18,Male,75.53,83.65,0.0,7,6,8,5,5,8,5,8,3,1,1,1,3,5,Analytical,"Quality Assurance, Data Analysis",Cloud,Analytical,1,1,No,Web,"AWS, Docker, SQL",DevOps Engineer
ST0646,Graduate,BTech_IT,21,Male,80.36,60.48,64.66,6,3,7,6,5,3,8,6,5,4,3,2,3,1,Analytical,"Risk Assessment, Quality Assurance",Cloud,Analytical,1,2,Yes,Math,"Ethical Hacking, SQL",Software Tester
ST0647,BCA,BCA,26,Female,61.84,96.67,59.17,7,8,3,7,3,5,6,5,1,1,4,4,4,4,Creative,"Visual Prototyping, Content Creation",Security,Analytical,1,3,No,DBMS,"Market Research, Project Management, Network Security, Agile",Software Tester
ST0648,Diploma,Diploma_ECE,21,Male,82.16,75.45,0.0,8,7,3,6,4,5,6,6,2,1,5,3,1,4,Technical,"Software Engineering, System Admin",AI-ML,Logical,2,3,Yes,Web,"R, Canva",Business Analyst
ST0649,10th,General,15,Male,87.46,0.0,0.0,7,9,7,8,5,7,4,8,2,4,1,4,4,4,Technical,"DevOps, System Admin",Security,Analytical,1,2,Yes,Python,"PyTorch, Network Security, TensorFlow, Keras",Data Scientist
ST0650,Diploma,Diploma_CSE,19,Male,70.18,53.65,0.0,7,7,6,4,6,5,9,6,1,5,5,4,2,4,Creative,"Frontend Design, UI Design",AI-ML,Creative,1,4,Yes,UI Design,"Canva, Agile, Adobe XD, Illustrator",Cloud Engineer
ST0651,12th,Arts,18,Female,75.8,70.18,0.0,4,8,6,5,5,5,4,10,4,3,4,4,5,5,Analytical,"Quality Assurance, Data Analysis",Cloud,Leader,3,3,No,Statistics,"Kubernetes, Cryptography",ML Engineer
ST0652,10th,General,16,Female,72.09,0.0,0.0,7,5,4,5,6,8,8,6,1,4,4,1,4,1,Technical,"DevOps, Software Engineering",Security,Analytical,3,1,Yes,Web,"Terraform, AWS, Docker",Business Analyst
ST0653,Pursuing_Diploma,Diploma_Mech,20,Male,92.73,53.59,0.0,4,6,8,3,7,7,10,5,4,3,3,4,2,2,Creative,"Content Creation, Visual Prototyping",Data,Leader,1,1,No,DBMS,"CRM, Wireshark",Cybersecurity Analyst
ST0654,Pursuing_Diploma,Diploma_IT,22,Other,76.0,88.4,0.0,5,6,10,8,6,6,4,8,5,3,5,4,1,4,Management,"Team Lead, Operations",Web,Creative,1,0,No,UI Design,"Figma, AWS, Photoshop, Illustrator",Full Stack Developer
ST0655,Diploma,Diploma_CSE,25,Female,69.6,68.02,0.0,3,7,6,7,5,4,9,10,4,5,5,1,3,1,Analytical,"Quality Assurance, Data Analysis",AI-ML,Analytical,1,1,No,Networking,"CSS, CRM, Angular, React",Backend Developer
ST0656,Pursuing_BTech,BTech_Civil,24,Male,72.9,64.13,0.0,8,7,4,5,6,5,8,7,2,1,3,5,4,4,Technical,"Software Engineering, System Admin",Web,Analytical,2,0,No,UI Design,"Tableau, Angular, React",Cybersecurity Analyst
ST0657,Pursuing_Diploma,Diploma_ECE,25,Female,61.08,67.61,0.0,6,9,5,6,4,4,7,10,4,3,3,3,1,2,Technical,"Software Engineering, App Development",AI-ML,Creative,1,1,No,Networking,"Figma, Photoshop, Adobe XD, Canva",Backend Developer
ST0658,Pursuing_Diploma,Diploma_ECE,21,Female,68.64,60.83,0.0,5,7,8,6,6,3,9,5,3,3,3,5,4,1,Technical,"Software Engineering, App Development",Web,Analytical,1,2,No,Statistics,"WordPress, Docker",Cybersecurity Analyst
ST0659,BTech,BTech_CSE,19,Female,89.03,45.0,71.8,5,7,3,8,7,6,8,6,1,5,5,5,4,1,Analytical,"Data Analysis, Quality Assurance",Cloud,Analytical,0,3,No,Math,"HTML, CSS, PHP, Communication",Software Tester
ST0660,Diploma,Diploma_IT,20,Male,64.48,63.41,0.0,3,4,7,9,4,5,8,8,2,3,5,5,1,4,Analytical,"Risk Assessment, Market Research",AI-ML,Logical,1,0,No,DBMS,"Terraform, Azure, CRM, Kubernetes",Backend Developer
ST0661,Pursuing_BTech,BTech_IT,26,Female,84.18,82.69,0.0,7,4,7,4,8,7,8,4,4,5,5,2,5,4,Analytical,"Risk Assessment, Market Research",Cloud,Creative,2,4,Yes,Networking,"Photoshop, Wireshark, Ethical Hacking",Web Developer
ST0662,Pursuing_12th,Commerce,18,Male,80.11,0.0,0.0,3,4,4,5,3,5,5,9,2,5,3,2,3,2,Analytical,"Risk Assessment, Data Analysis",Cloud,Logical,2,2,No,Math,"Market Research, WordPress",DevOps Engineer
ST0663,Pursuing_BTech,BTech_CSE,22,Male,85.14,58.15,0.0,7,3,6,8,6,8,5,10,1,3,1,2,3,5,Analytical,"Risk Assessment, Quality Assurance",Data,Leader,0,1,Yes,Web,"Project Management, Excel",Data Scientist
ST0664,BCA,BCA,20,Male,67.63,80.23,65.32,10,7,5,7,3,8,4,7,4,5,1,3,5,5,Analytical,"Data Analysis, Risk Assessment",Web,Leader,3,2,No,Math,"Communication, Python, CRM",ML Engineer
ST0665,BTech,BTech_CSE,21,Female,63.28,66.51,64.3,4,8,6,5,5,7,8,5,2,2,3,4,4,4,Technical,"System Admin, App Development",Security,Logical,3,2,Yes,Math,"Excel, Docker, SQL",Business Analyst
ST0666,Diploma,Diploma_IT,21,Female,70.93,99.98,0.0,7,5,5,4,7,6,6,6,4,1,4,4,1,5,Management,"Product Owner, Scrum Master",Security,Analytical,0,2,No,Networking,"Python, Linux, Cryptography, Ethical Hacking",DevOps Engineer
ST0667,Graduate,BCom,21,Female,70.29,67.75,59.02,5,10,3,7,7,4,6,7,4,5,4,2,5,1,Technical,"App Development, Software Engineering",Web,Leader,1,2,No,Statistics,"Tableau, Python, PowerBI, SQL",Cloud Engineer
ST0668,Pursuing_12th,Commerce,18,Male,80.75,0.0,0.0,7,5,8,4,9,3,4,9,4,4,2,5,4,3,Analytical,"Risk Assessment, Data Analysis",Data,Creative,0,2,No,Math,"Scikit-Learn, CSS, WordPress, React",Full Stack Developer
ST0669,Diploma,Diploma_CSE,24,Male,79.73,76.64,0.0,3,6,8,8,7,3,8,4,2,5,5,2,5,4,Technical,"DevOps, App Development",Data,Logical,1,1,No,Math,"R, Keras",Backend Developer
ST0670,BCA,BCA,26,Female,55.78,94.6,66.13,7,7,9,8,4,8,5,5,2,5,2,4,2,5,Management,"Team Lead, Scrum Master",AI-ML,Analytical,3,3,No,Math,"Pandas, R, Wireshark, SQL",Web Developer
ST0671,BTech,BTech_ECE,20,Other,62.67,50.96,63.23,7,4,3,8,5,5,8,3,2,1,4,4,1,1,Creative,"Content Creation, Frontend Design",Data,Logical,1,3,No,Statistics,"Excel, Python, R",Data Scientist
ST0672,12th,Science,18,Male,93.52,59.14,0.0,6,8,8,10,5,3,4,10,2,5,3,1,3,5,Technical,"Software Engineering, App Development",Data,Logical,1,3,Yes,DBMS,"PyTorch, Ethical Hacking, Network Security",Data Scientist
ST0673,10th,General,16,Male,75.26,0.0,0.0,8,8,7,4,5,3,8,10,3,4,1,4,2,3,Technical,"DevOps, System Admin",Web,Logical,1,1,No,Python,"HTML, Azure, PHP",DevOps Engineer
ST0674,BTech,BTech_CSE,19,Male,82.32,89.52,52.25,5,7,8,5,3,6,4,5,1,1,1,5,1,1,Technical,"DevOps, System Admin",Cloud,Analytical,0,2,No,DBMS,"Market Research, Agile",Data Scientist
ST0675,BCA,BCA,23,Male,79.71,58.21,64.41,5,7,4,5,5,4,7,8,5,3,1,1,1,5,Creative,"Visual Prototyping, Content Creation",Web,Creative,2,0,No,Statistics,"AWS, R",ML Engineer
ST0676,Pursuing_12th,Commerce,19,Female,72.77,0.0,0.0,7,10,6,7,7,6,5,8,5,1,3,4,2,3,Technical,"Software Engineering, App Development",Data,Analytical,0,3,No,Statistics,"Terraform, CSS, Docker",Web Developer
ST0677,BCA,BCA,22,Male,78.96,60.41,84.22,8,5,5,6,8,10,10,7,3,1,2,1,4,5,Management,"Product Owner, Scrum Master",Security,Leader,4,2,Yes,DBMS,"Excel, Angular",Data Scientist
ST0678,10th,General,17,Female,67.98,0.0,0.0,7,9,5,7,7,4,5,9,4,1,4,4,1,5,Technical,"App Development, System Admin",Security,Leader,1,0,No,Math,"HTML, PyTorch",UI/UX Designer
ST0679,Pursuing_12th,Commerce,18,Male,77.93,0.0,0.0,6,5,6,8,6,5,6,3,2,4,4,2,1,3,Creative,"Content Creation, Frontend Design",Data,Analytical,1,0,No,DBMS,"Figma, Adobe XD, Canva, Illustrator",Data Scientist
ST0680,Pursuing_12th,Arts,19,Male,85.62,0.0,0.0,5,4,7,4,3,6,9,4,5,4,4,1,1,3,Creative,"Visual Prototyping, UI Design",Cloud,Logical,0,6,Yes,DBMS,"React, Wireshark, Cryptography, Ethical Hacking",Cybersecurity Analyst
ST0681,BCA,BCA,20,Female,73.21,96.35,72.22,3,5,7,6,5,4,10,8,2,2,1,3,3,5,Technical,"System Admin, DevOps",Cloud,Analytical,1,2,No,DBMS,"Terraform, Docker, Node.js",Business Analyst
ST0682,Pursuing_12th,Science,18,Female,76.43,0.0,0.0,5,4,7,6,5,8,8,7,3,2,2,1,4,2,Creative,"Visual Prototyping, Frontend Design",Web,Leader,2,2,No,DBMS,"Pandas, Python, PowerBI, Node.js",Business Analyst
ST0683,BCA,BCA,26,Male,57.29,48.17,76.21,4,4,6,5,6,5,10,6,2,1,5,5,1,4,Technical,"App Development, System Admin",Web,Creative,1,3,No,DBMS,"Photoshop, Adobe XD, Canva",Database Administrator
ST0684,Pursuing_Diploma,Diploma_Mech,26,Male,93.64,72.59,0.0,9,8,5,3,8,6,5,6,4,1,5,5,5,1,Management,"Product Owner, Operations",Web,Leader,3,0,No,DBMS,"Figma, Linux",Data Scientist
ST0685,Pursuing_Diploma,Diploma_Mech,21,Female,70.6,78.34,0.0,7,6,6,10,4,5,6,5,1,2,4,1,1,3,Creative,"Content Creation, UI Design",Cloud,Logical,1,4,Yes,UI Design,"Tableau, R, Illustrator",Business Analyst
ST0686,10th,General,17,Female,79.75,0.0,0.0,9,7,4,7,6,8,7,10,1,4,1,2,2,4,Analytical,"Quality Assurance, Risk Assessment",Cloud,Creative,1,3,No,UI Design,"PyTorch, Cryptography",Data Scientist
ST0687,10th,General,15,Female,70.63,0.0,0.0,3,7,6,8,4,3,10,10,5,1,5,1,5,1,Technical,"Software Engineering, System Admin",Data,Logical,0,2,No,Networking,"Math, Azure",Database Administrator
ST0688,10th,General,16,Male,63.61,0.0,0.0,3,7,8,4,7,5,10,5,5,5,3,2,1,3,Analytical,"Data Analysis, Risk Assessment",AI-ML,Creative,5,3,No,Statistics,"WordPress, Keras",Full Stack Developer
ST0689,BTech,BTech_Civil,22,Male,79.26,74.06,84.6,6,4,4,5,6,8,6,3,5,1,4,1,4,3,Creative,"Frontend Design, Visual Prototyping",AI-ML,Analytical,1,0,No,Statistics,"Tableau, Python, Wireshark",Data Scientist
ST0690,Pursuing_12th,Arts,17,Male,85.28,0.0,0.0,3,6,4,8,7,4,9,8,2,3,4,5,2,3,Creative,"Visual Prototyping, UI Design",Data,Leader,1,1,No,Networking,"Figma, Canva",Database Administrator
ST0691,Pursuing_12th,Arts,19,Female,84.8,0.0,0.0,7,4,6,6,8,5,7,5,2,4,2,3,2,2,Analytical,"Data Analysis, Quality Assurance",Data,Logical,3,3,No,Networking,"Adobe XD, Illustrator",Cybersecurity Analyst
ST0692,Pursuing_Diploma,Diploma_ECE,21,Female,78.56,86.33,0.0,8,4,4,3,4,4,10,8,4,4,2,4,1,3,Technical,"Software Engineering, DevOps",Cloud,Analytical,1,2,No,DBMS,"Terraform, Azure, Docker, Canva",Data Scientist
ST0693,Diploma,Diploma_ECE,24,Male,64.14,76.09,0.0,3,8,4,3,4,4,5,3,1,5,5,1,3,5,Creative,"Content Creation, Visual Prototyping",AI-ML,Leader,3,1,No,Networking,"AWS, Adobe XD, Illustrator, Canva",Business Analyst
ST0694,12th,Arts,17,Female,92.39,92.3,0.0,7,6,7,7,3,10,4,6,4,5,4,4,5,4,Management,"Scrum Master, Product Owner",Security,Leader,1,0,No,Networking,"PHP, Angular, Node.js, Network Security",Cybersecurity Analyst
ST0695,Diploma,Diploma_Mech,20,Female,91.61,87.81,0.0,6,6,4,7,7,8,5,8,3,1,1,3,3,2,Analytical,"Market Research, Data Analysis",Security,Creative,3,2,No,Math,"Project Management, CRM",Cloud Engineer
ST0696,Diploma,Diploma_CSE,22,Female,70.05,73.74,0.0,7,5,8,9,4,5,6,7,3,4,4,4,5,3,Technical,"DevOps, System Admin",Data,Logical,1,1,No,DBMS,"Communication, Network Security, Linux, Ethical Hacking",Cloud Engineer
ST0697,Pursuing_BTech,BTech_Civil,23,Male,71.23,61.19,0.0,8,5,3,7,4,7,6,6,1,2,4,4,2,3,Technical,"DevOps, System Admin",Security,Logical,0,2,No,DBMS,"HTML, WordPress, CRM, Node.js",Full Stack Developer
ST0698,Pursuing_BTech,BTech_IT,20,Male,57.24,55.73,0.0,7,8,8,8,7,7,8,6,5,1,5,2,3,5,Analytical,"Data Analysis, Market Research",Data,Logical,0,2,No,Math,"Angular, Adobe XD",DevOps Engineer
ST0699,BTech,BTech_CSE,25,Female,62.52,60.6,76.44,3,5,6,6,6,5,6,7,4,4,1,5,5,4,Analytical,"Quality Assurance, Data Analysis",Security,Creative,1,3,No,UI Design,"AWS, Python",UI/UX Designer
ST0700,Diploma,Diploma_CSE,23,Female,76.29,85.78,0.0,8,8,6,8,8,8,7,6,3,4,4,4,4,4,Creative,"Content Creation, Visual Prototyping",Security,Logical,2,2,No,Math,"Math, TensorFlow, Cryptography",Backend Developer
ST0701,Diploma,Diploma_IT,26,Female,55.78,61.33,0.0,7,8,8,7,8,6,8,7,2,2,5,2,2,3,Management,"Operations, Team Lead",AI-ML,Logical,2,1,No,Web,"Figma, Photoshop, Network Security",Web Developer
ST0702,Pursuing_BTech,BTech_IT,19,Male,57.19,58.36,0.0,4,7,5,4,5,7,10,6,2,5,2,3,3,2,Analytical,"Market Research, Data Analysis",Security,Creative,1,0,No,Networking,"Market Research, Python",ML Engineer
ST0703,10th,General,16,Female,79.01,0.0,0.0,5,5,3,3,5,5,4,9,3,2,4,1,4,5,Technical,"Software Engineering, App Development",Security,Leader,2,3,No,Math,"Photoshop, Adobe XD, Illustrator",Cybersecurity Analyst
ST0704,12th,Arts,17,Male,73.75,100.0,0.0,4,7,3,7,3,6,6,6,4,5,5,2,4,4,Creative,"Visual Prototyping, Content Creation",Web,Analytical,4,4,Yes,Web,"Terraform, AWS, Linux, TensorFlow",Business Analyst
ST0705,Graduate,BTech_IT,26,Male,91.05,100.0,72.18,8,7,7,4,5,8,8,4,1,3,5,1,2,4,Analytical,"Quality Assurance, Risk Assessment",AI-ML,Leader,2,1,No,Math,"Math, Adobe XD",UI/UX Designer
ST0706,Pursuing_BTech,BTech_Civil,22,Male,69.84,80.0,0.0,3,5,5,6,6,4,7,4,5,3,2,1,2,2,Creative,"Visual Prototyping, Frontend Design",Web,Leader,3,0,No,Web,"Photoshop, Canva",Database Administrator
ST0707,BTech,BTech_Civil,20,Male,58.07,81.48,79.27,3,6,5,3,10,8,7,8,1,5,2,4,4,5,Creative,"Content Creation, Visual Prototyping",Web,Creative,0,1,Yes,Python,"Scikit-Learn, Agile, Keras",DevOps Engineer
ST0708,12th,Arts,19,Male,79.0,76.88,0.0,7,7,5,6,3,3,9,4,4,3,1,4,1,3,Creative,"Frontend Design, UI Design",Web,Leader,1,3,No,UI Design,"PyTorch, Python, TensorFlow, Market Research",ML Engineer
ST0709,Pursuing_Diploma,Diploma_Mech,19,Male,56.66,45.0,0.0,5,5,10,4,4,6,6,3,2,3,2,1,3,3,Management,"Team Lead, Product Owner",AI-ML,Logical,0,2,No,UI Design,"PyTorch, Photoshop",UI/UX Designer
ST0710,BTech,BTech_IT,25,Female,69.19,87.32,73.44,5,5,6,7,5,5,10,4,1,1,4,3,3,1,Creative,"Frontend Design, Visual Prototyping",Cloud,Logical,1,2,No,UI Design,"WordPress, Linux, Docker, Kubernetes",Cybersecurity Analyst
ST0711,Pursuing_12th,Arts,19,Female,72.92,0.0,0.0,8,3,3,3,3,5,7,7,3,3,4,3,4,4,Creative,"Frontend Design, Content Creation",Security,Leader,3,0,No,UI Design,"CSS, Azure, PHP",UI/UX Designer
ST0712,Diploma,Diploma_CSE,26,Female,73.48,68.1,0.0,4,9,3,3,8,4,8,7,5,2,1,2,1,1,Technical,"Software Engineering, System Admin",Security,Leader,1,1,No,Statistics,"Node.js, Canva",Web Developer
ST0713,Pursuing_Diploma,Diploma_IT,22,Male,87.56,47.02,0.0,5,9,3,5,5,3,8,5,5,1,2,5,1,3,Technical,"DevOps, App Development",AI-ML,Analytical,2,3,No,Python,"Market Research, TensorFlow, Agile",ML Engineer
ST0714,BTech,BTech_Civil,25,Male,79.53,76.61,65.55,4,3,6,8,3,5,9,6,3,4,5,3,5,4,Creative,"Frontend Design, UI Design",AI-ML,Leader,0,3,No,Math,"Linux, SQL",Backend Developer
ST0715,Graduate,BSc_CS,23,Female,87.74,57.86,72.19,8,8,8,8,3,5,8,8,2,3,4,1,3,1,Technical,"App Development, Software Engineering",Web,Analytical,3,1,Yes,Web,"Communication, Photoshop",Backend Developer
ST0716,10th,General,16,Male,74.04,0.0,0.0,8,9,8,3,8,4,9,9,4,5,4,3,1,3,Technical,"System Admin, App Development",Data,Leader,3,1,No,Web,"Communication, Project Management, CRM, Agile",ML Engineer
ST0717,Pursuing_Diploma,Diploma_ECE,20,Male,76.42,78.6,0.0,7,4,6,9,4,6,4,6,3,2,1,1,2,4,Analytical,"Data Analysis, Risk Assessment",AI-ML,Logical,1,1,No,DBMS,"R, Ethical Hacking, Statistics, SQL",ML Engineer
ST0718,12th,Science,18,Female,84.19,55.1,0.0,4,6,4,10,6,7,9,10,5,4,5,3,5,5,Technical,"DevOps, App Development",Cloud,Logical,1,1,No,Networking,"Kubernetes, Ethical Hacking",Full Stack Developer
ST0719,Graduate,BCA,21,Male,78.32,49.5,60.81,7,6,6,6,9,3,8,8,4,2,1,1,4,1,Analytical,"Market Research, Quality Assurance",AI-ML,Creative,0,2,No,UI Design,"AWS, Math",Web Developer
ST0720,BCA,BCA,22,Male,91.36,70.42,66.73,4,5,4,3,5,5,6,9,3,2,5,4,4,4,Technical,"App Development, System Admin",Cloud,Creative,0,0,No,Python,"Market Research, Keras",ML Engineer
ST0721,Pursuing_Diploma,Diploma_IT,25,Female,96.48,68.4,0.0,7,8,7,5,4,5,10,3,2,2,2,5,3,1,Creative,"UI Design, Frontend Design",AI-ML,Analytical,3,1,No,UI Design,"Excel, Angular",Software Tester
ST0722,Diploma,Diploma_ECE,22,Male,88.94,72.74,0.0,7,8,3,5,6,3,9,3,4,1,4,5,1,1,Creative,"Frontend Design, Visual Prototyping",Security,Creative,1,2,No,Math,"AWS, Linux, Statistics",Business Analyst
ST0723,12th,Arts,18,Male,82.45,64.69,0.0,4,10,7,8,7,5,5,6,2,5,4,1,5,4,Technical,"Software Engineering, System Admin",Web,Logical,1,4,Yes,Python,"Market Research, Linux, Wireshark",Full Stack Developer
ST0724,Pursuing_Diploma,Diploma_CSE,21,Other,75.02,72.03,0.0,8,6,8,4,5,7,5,7,1,3,3,3,2,3,Analytical,"Data Analysis, Market Research",Data,Logical,0,1,No,Math,"JavaScript, PHP, Angular, Agile",ML Engineer
ST0725,BCA,BCA,19,Male,93.73,73.87,70.18,6,4,6,6,6,3,10,6,1,1,1,3,1,5,Analytical,"Risk Assessment, Market Research",Web,Analytical,1,0,No,Statistics,"PyTorch, R",Cybersecurity Analyst
ST0726,Graduate,BSc_CS,25,Male,75.21,58.9,78.53,4,4,7,6,4,5,8,4,2,3,1,4,4,1,Analytical,"Risk Assessment, Quality Assurance",Cloud,Leader,1,1,No,DBMS,"Linux, Canva",ML Engineer
ST0727,BTech,BTech_ECE,21,Male,71.63,53.77,75.14,8,6,3,8,8,7,7,7,4,2,3,5,1,1,Analytical,"Data Analysis, Market Research",AI-ML,Creative,2,3,No,Web,"AWS, Azure, R, Docker",ML Engineer
ST0728,12th,Science,19,Female,79.05,74.57,0.0,6,3,10,7,5,7,6,8,1,5,1,2,1,2,Management,"Team Lead, Product Owner",AI-ML,Analytical,0,0,Yes,Networking,"CRM, Docker",Backend Developer
ST0729,12th,Arts,17,Male,79.29,80.95,0.0,4,3,4,8,8,8,8,8,4,5,5,2,5,5,Analytical,"Risk Assessment, Data Analysis",AI-ML,Creative,2,5,Yes,Math,"PHP, Linux",Web Developer
ST0730,Pursuing_BTech,BTech_CSE,21,Female,88.95,93.61,0.0,3,6,6,8,7,6,6,10,2,1,3,4,4,2,Analytical,"Market Research, Risk Assessment",Security,Creative,0,0,No,Python,"HTML, WordPress, Angular, TensorFlow",UI/UX Designer
ST0731,BTech,BTech_CSE,21,Female,83.19,66.05,59.51,3,7,7,9,3,4,4,4,2,2,1,3,2,3,Analytical,"Data Analysis, Market Research",AI-ML,Logical,1,3,Yes,Web,"Pandas, R",Full Stack Developer
ST0732,Graduate,BCom,19,Female,62.6,90.41,65.99,5,3,6,5,3,8,7,4,2,4,1,4,4,5,Management,"Operations, Scrum Master",Data,Logical,1,2,Yes,DBMS,"Network Security, Photoshop, Canva",Database Administrator
ST0733,Pursuing_Diploma,Diploma_CSE,24,Male,83.49,83.8,0.0,7,5,6,5,6,4,8,8,3,5,4,2,3,2,Analytical,"Data Analysis, Market Research",Cloud,Leader,0,4,Yes,Web,"Excel, Pandas, Statistics",Data Scientist
ST0734,10th,General,16,Male,82.66,0.0,0.0,8,3,8,3,5,6,7,3,2,3,3,4,5,4,Management,"Operations, Team Lead",Data,Leader,0,0,No,Python,"Linux, Docker, Network Security",Cloud Engineer
ST0735,Pursuing_Diploma,Diploma_IT,23,Male,88.2,52.48,0.0,3,9,3,5,6,8,8,9,2,2,2,3,2,4,Technical,"System Admin, App Development",Security,Creative,1,2,Yes,Networking,"PHP, CRM",Web Developer
ST0736,BCA,BCA,21,Female,71.45,63.34,65.45,8,5,6,3,6,8,5,3,5,3,2,4,5,1,Creative,"Frontend Design, Visual Prototyping",AI-ML,Leader,3,4,Yes,DBMS,"JavaScript, CSS, Node.js, SQL",Backend Developer
ST0737,Pursuing_12th,Commerce,17,Female,73.54,0.0,0.0,4,7,4,6,8,5,8,3,5,5,2,1,2,4,Creative,"Frontend Design, Content Creation",AI-ML,Creative,0,3,No,Web,"PHP, Angular",Cloud Engineer
ST0738,Graduate,BTech_IT,22,Male,51.31,63.51,60.99,4,4,8,5,7,5,6,7,2,1,3,2,4,4,Creative,"UI Design, Frontend Design",Data,Analytical,2,4,Yes,Python,"Pandas, Statistics",Backend Developer
ST0739,12th,Commerce,17,Male,81.78,48.29,0.0,5,5,4,7,6,4,8,6,2,1,1,2,2,1,Analytical,"Market Research, Data Analysis",Data,Logical,3,2,No,UI Design,Network Security,Database Administrator
ST0740,Diploma,Diploma_IT,19,Female,75.57,75.59,0.0,9,7,7,4,4,3,6,6,4,1,1,2,3,5,Technical,"App Development, Software Engineering",Cloud,Logical,2,2,No,Statistics,"Figma, TensorFlow, Keras",ML Engineer
ST0741,Graduate,BBA,24,Female,80.09,82.97,81.96,8,5,6,3,6,6,8,3,1,5,5,2,4,1,Management,"Scrum Master, Operations",Web,Analytical,2,0,No,Networking,"Figma, TensorFlow, Canva",Software Tester
ST0742,Graduate,BCom,25,Female,63.51,80.8,75.48,3,7,3,4,5,7,8,7,5,4,5,3,3,5,Analytical,"Quality Assurance, Market Research",Cloud,Creative,3,2,No,Python,"Figma, PHP, Adobe XD, Illustrator",Business Analyst
ST0743,BTech,BTech_CSE,22,Male,80.81,66.88,76.64,7,7,4,5,7,5,4,8,2,1,1,2,1,1,Creative,"Frontend Design, Content Creation",Cloud,Leader,4,1,No,UI Design,"HTML, PyTorch, Math, Scikit-Learn",Web Developer
ST0744,BCA,BCA,22,Male,62.81,62.34,64.82,6,4,4,5,7,7,4,3,3,2,5,3,1,4,Creative,"Content Creation, Visual Prototyping",AI-ML,Logical,1,2,No,Math,"Market Research, Photoshop",Business Analyst
ST0745,Diploma,Diploma_ECE,20,Male,75.84,89.14,0.0,5,6,5,7,6,4,4,7,2,2,3,4,3,2,Technical,"Software Engineering, DevOps",Cloud,Logical,0,2,No,Math,"Photoshop, Canva, Illustrator",Database Administrator
ST0746,12th,Science,18,Female,67.26,78.46,0.0,3,3,3,7,5,5,7,8,4,5,4,5,3,4,Creative,"Visual Prototyping, Content Creation",Data,Leader,2,3,No,Statistics,"Tableau, Pandas, Python, SQL",UI/UX Designer
ST0747,10th,General,15,Male,64.31,0.0,0.0,7,7,6,8,8,7,7,5,1,5,2,5,3,4,Analytical,"Data Analysis, Risk Assessment",Security,Creative,0,5,Yes,UI Design,"Node.js, Adobe XD, Illustrator, Canva",Cybersecurity Analyst
ST0748,BCA,BCA,22,Male,86.32,76.25,66.13,7,5,4,7,6,4,7,4,1,5,4,4,5,4,Creative,"Frontend Design, Visual Prototyping",Cloud,Logical,0,4,Yes,Python,"Scikit-Learn, Python, Communication",Data Scientist
ST0749,BTech,BTech_CSE,21,Male,64.02,76.24,100.0,5,7,5,8,3,7,5,6,2,4,5,4,3,2,Creative,"Frontend Design, Content Creation",Data,Leader,1,2,No,UI Design,"Communication, Market Research, Agile",Business Analyst
ST0750,Pursuing_Diploma,Diploma_ECE,26,Male,87.73,72.8,0.0,8,9,6,7,5,3,7,7,2,4,5,4,2,1,Technical,"App Development, System Admin",Security,Leader,2,1,No,UI Design,"Communication, WordPress",UI/UX Designer
ST0751,10th,General,15,Female,66.72,0.0,0.0,9,3,3,5,8,3,4,7,1,3,5,5,5,5,Analytical,"Data Analysis, Market Research",Data,Leader,1,1,Yes,Statistics,Math,Data Scientist
ST0752,Pursuing_BTech,BTech_IT,19,Female,72.46,89.5,0.0,3,8,8,6,5,4,9,10,4,1,5,5,1,2,Analytical,"Data Analysis, Risk Assessment",Data,Leader,2,3,Yes,Math,"Figma, R",Cybersecurity Analyst
ST0753,Pursuing_12th,Science,18,Male,69.24,0.0,0.0,3,4,4,7,6,4,9,6,1,3,5,2,5,3,Creative,"Content Creation, Frontend Design",Web,Analytical,1,1,No,Networking,"WordPress, Keras",Full Stack Developer
ST0754,Pursuing_BTech,BTech_CSE,19,Female,78.59,50.01,0.0,6,4,6,3,5,4,6,7,4,3,5,3,2,2,Technical,"App Development, DevOps",Security,Analytical,3,6,Yes,Networking,"Scikit-Learn, AWS, Keras",Cybersecurity Analyst
ST0755,Pursuing_12th,Commerce,17,Male,76.42,0.0,0.0,7,6,5,3,5,8,8,9,5,3,1,2,2,2,Analytical,"Quality Assurance, Data Analysis",Cloud,Leader,1,2,No,DBMS,"CRM, Figma, Photoshop, Adobe XD",Software Tester
ST0756,Pursuing_BTech,BTech_IT,25,Male,94.51,71.97,0.0,3,6,7,5,4,4,6,4,3,4,4,2,1,1,Creative,"UI Design, Visual Prototyping",Data,Creative,1,2,No,Web,"PyTorch, PowerBI",Database Administrator
ST0757,Graduate,BTech_IT,23,Female,78.07,60.22,55.62,6,3,6,8,7,6,10,8,2,5,4,3,5,2,Analytical,"Risk Assessment, Quality Assurance",AI-ML,Analytical,4,1,Yes,Networking,"PyTorch, Azure, Python",Data Scientist
ST0758,Graduate,BCom,23,Male,65.97,45.0,89.69,5,9,6,8,7,4,4,6,1,5,3,1,3,4,Technical,"App Development, System Admin",Security,Creative,2,3,Yes,Math,"PyTorch, CRM",Data Scientist
ST0759,10th,General,16,Male,63.81,0.0,0.0,7,5,5,6,5,5,5,5,2,1,5,2,5,1,Analytical,"Data Analysis, Quality Assurance",Data,Creative,0,1,No,UI Design,"Communication, CRM, Photoshop",DevOps Engineer
ST0760,12th,Commerce,17,Female,87.22,75.99,0.0,3,7,5,3,4,3,10,7,5,4,4,1,3,3,Creative,"Frontend Design, Content Creation",Security,Analytical,0,4,Yes,Networking,"Scikit-Learn, Math, Canva",Business Analyst
ST0761,Graduate,BSc_CS,25,Female,50.0,93.54,49.54,5,5,8,3,5,6,8,8,3,3,1,2,5,5,Creative,"Content Creation, Frontend Design",Cloud,Analytical,4,2,No,Networking,"Terraform, Wireshark, Docker, Kubernetes",UI/UX Designer
ST0762,BTech,BTech_IT,22,Male,66.72,86.98,54.26,6,4,4,3,6,9,5,6,5,4,2,2,4,5,Management,"Operations, Product Owner",Web,Creative,2,2,No,Web,"Terraform, PowerBI",Database Administrator
ST0763,10th,General,15,Female,61.67,0.0,0.0,7,9,5,6,10,4,7,4,2,5,4,2,3,1,Technical,"System Admin, Software Engineering",Cloud,Creative,0,5,Yes,Python,"Terraform, CSS, Kubernetes",Software Tester
ST0764,Pursuing_Diploma,Diploma_IT,24,Female,71.06,72.69,0.0,5,6,7,6,7,7,4,10,3,3,5,2,4,2,Analytical,"Market Research, Quality Assurance",Cloud,Logical,2,3,No,DBMS,"Python, Photoshop",ML Engineer
ST0765,Graduate,BBA,20,Female,63.51,90.24,54.37,4,6,6,8,3,8,8,4,1,5,4,3,3,5,Creative,"Content Creation, Frontend Design",Web,Leader,0,1,No,Networking,"Figma, Pandas, Statistics",Business Analyst
ST0766,Pursuing_Diploma,Diploma_IT,20,Male,63.62,81.31,0.0,8,4,5,6,3,7,5,5,4,5,4,1,3,1,Management,"Team Lead, Operations",AI-ML,Logical,2,1,No,UI Design,"WordPress, CRM, React",Web Developer
ST0767,Graduate,BSc_CS,21,Male,64.06,45.0,76.49,6,8,4,6,6,4,10,4,2,4,2,4,4,4,Creative,"Visual Prototyping, UI Design",Security,Leader,1,0,No,Statistics,"Terraform, Linux, Cryptography",Software Tester
ST0768,Pursuing_Diploma,Diploma_ECE,26,Male,76.77,70.2,0.0,6,5,6,7,4,5,10,5,1,3,2,1,4,5,Technical,"Software Engineering, System Admin",AI-ML,Analytical,1,1,Yes,DBMS,"R, Agile",Backend Developer
ST0769,BTech,BTech_CSE,26,Female,82.82,90.08,84.98,6,5,7,6,7,5,6,7,2,2,4,4,1,4,Analytical,"Data Analysis, Market Research",Data,Logical,0,2,No,Networking,"HTML, CSS, Docker, Node.js",Database Administrator
ST0770,Diploma,Diploma_IT,25,Male,78.42,54.49,0.0,8,3,6,4,9,5,9,5,4,4,1,1,5,5,Creative,"Visual Prototyping, UI Design",Data,Creative,0,3,No,DBMS,"Project Management, Adobe XD, Illustrator",Business Analyst
ST0771,Diploma,Diploma_CSE,24,Male,66.31,87.2,0.0,8,6,6,6,7,6,4,4,4,1,3,3,4,5,Management,"Scrum Master, Team Lead",Cloud,Leader,2,1,No,UI Design,"Linux, PowerBI, Ethical Hacking",Web Developer
ST0772,Diploma,Diploma_CSE,22,Male,74.48,77.99,0.0,5,4,6,4,8,3,6,6,4,4,1,3,4,5,Creative,"Frontend Design, UI Design",Cloud,Creative,0,3,No,Statistics,"HTML, Figma, Illustrator",UI/UX Designer
ST0773,Graduate,BCA,20,Male,68.73,77.3,82.19,3,4,6,5,5,4,5,7,2,4,1,4,5,1,Analytical,"Quality Assurance, Risk Assessment",Data,Analytical,2,2,No,Networking,"Communication, Photoshop, Adobe XD, Canva",Cybersecurity Analyst
ST0774,Graduate,BCom,25,Male,73.21,100.0,78.58,10,8,5,3,7,4,8,7,5,1,1,1,1,4,Management,"Product Owner, Operations",Cloud,Creative,1,2,Yes,Math,"CRM, Photoshop, Adobe XD, Illustrator",ML Engineer
ST0775,Diploma,Diploma_ECE,24,Male,76.75,64.27,0.0,3,4,6,4,8,5,10,7,4,3,4,3,5,5,Analytical,"Quality Assurance, Risk Assessment",AI-ML,Creative,0,3,No,UI Design,"Communication, Market Research, Network Security",Full Stack Developer
ST0776,Graduate,BCom,26,Female,76.73,74.67,69.71,6,5,3,7,5,3,7,8,2,1,1,5,5,3,Analytical,"Market Research, Risk Assessment",Cloud,Creative,1,1,No,Math,"CRM, Python, Keras",Software Tester
ST0777,BCA,BCA,24,Female,86.74,68.59,69.43,3,4,7,8,3,5,9,9,3,3,4,5,1,4,Technical,"System Admin, App Development",AI-ML,Logical,2,2,No,Networking,"Terraform, Python",Database Administrator
ST0778,BCA,BCA,20,Female,51.02,85.28,56.17,8,5,8,4,8,4,6,7,3,2,5,3,1,4,Technical,"Software Engineering, DevOps",Web,Analytical,2,0,No,Statistics,"Communication, Figma",ML Engineer
ST0779,Pursuing_Diploma,Diploma_CSE,26,Female,64.82,78.89,0.0,8,6,7,6,6,6,6,8,3,1,2,3,3,4,Technical,"System Admin, App Development",Web,Analytical,1,1,No,Statistics,"Azure, Pandas",Cloud Engineer
ST0780,BTech,BTech_IT,21,Male,54.58,53.51,62.19,8,8,8,9,8,3,5,7,1,4,5,2,4,5,Technical,"App Development, DevOps",AI-ML,Logical,3,0,Yes,UI Design,"Market Research, Pandas, R, Statistics",Data Scientist
ST0781,Pursuing_Diploma,Diploma_IT,26,Male,67.62,67.17,0.0,8,3,7,8,7,6,5,8,2,5,2,1,5,1,Management,"Scrum Master, Operations",Cloud,Logical,0,4,Yes,Python,"Terraform, Python, Azure, Linux",Business Analyst
ST0782,BTech,BTech_CSE,20,Male,75.87,55.13,69.01,3,8,7,6,5,4,9,6,2,1,5,2,5,3,Technical,"System Admin, Software Engineering",AI-ML,Creative,0,3,No,Networking,"Market Research, Excel, CRM",Full Stack Developer
ST0783,BTech,BTech_IT,26,Male,88.81,52.68,63.7,5,7,3,3,9,7,9,4,2,2,4,2,1,1,Analytical,"Quality Assurance, Risk Assessment",Cloud,Creative,1,3,No,Statistics,"Pandas, WordPress, Statistics",DevOps Engineer
ST0784,Pursuing_12th,Arts,18,Other,89.04,0.0,0.0,8,6,7,5,3,10,10,4,3,5,3,1,5,2,Management,"Team Lead, Operations",Security,Logical,1,1,Yes,Math,"HTML, CSS, PHP",Full Stack Developer
ST0785,Graduate,BCom,26,Female,77.83,99.5,78.27,7,5,8,8,8,7,8,9,4,1,2,2,4,1,Analytical,"Risk Assessment, Data Analysis",Web,Creative,0,4,Yes,Python,"Communication, CRM, Scikit-Learn, Market Research",Cloud Engineer
ST0786,10th,General,15,Male,69.92,0.0,0.0,6,4,4,7,8,4,5,8,5,2,4,2,2,3,Analytical,"Market Research, Quality Assurance",Web,Creative,3,2,No,Python,"Photoshop, Wireshark, Illustrator, Canva",Web Developer
ST0787,Pursuing_BTech,BTech_IT,21,Male,100.0,89.82,0.0,7,6,6,5,9,3,9,7,2,2,3,2,1,1,Analytical,"Data Analysis, Risk Assessment",Web,Creative,2,0,No,Web,"Figma, Azure",Software Tester
ST0788,BCA,BCA,24,Male,57.4,63.95,63.66,5,3,8,3,7,5,8,5,5,5,3,5,3,3,Analytical,"Market Research, Quality Assurance",AI-ML,Leader,0,2,No,Math,"Figma, Agile",Backend Developer
ST0789,Pursuing_BTech,BTech_IT,20,Female,100.0,69.59,0.0,3,5,3,4,5,8,6,8,5,3,1,5,4,2,Creative,"Visual Prototyping, Content Creation",Data,Creative,1,5,Yes,Statistics,"Tableau, PowerBI, Statistics",UI/UX Designer
ST0790,Graduate,BSc_CS,19,Male,93.53,92.61,51.51,8,5,6,3,6,4,5,7,5,3,1,3,5,4,Creative,"UI Design, Content Creation",Security,Analytical,1,1,No,Statistics,"PyTorch, Math, Market Research",Cybersecurity Analyst
ST0791,12th,Science,19,Male,67.72,96.43,0.0,7,6,8,6,10,6,7,6,2,1,1,1,5,3,Analytical,"Market Research, Data Analysis",AI-ML,Creative,1,0,No,Math,"Excel, Linux, Cryptography, Network Security",UI/UX Designer
ST0792,Pursuing_BTech,BTech_Civil,23,Female,75.96,69.94,0.0,4,8,10,3,6,7,5,5,2,2,1,2,4,4,Management,"Product Owner, Scrum Master",Security,Leader,1,0,No,UI Design,"PyTorch, Kubernetes",Business Analyst
ST0793,Pursuing_Diploma,Diploma_CSE,19,Male,67.13,52.16,0.0,7,9,3,8,4,4,7,4,5,1,2,3,4,1,Technical,"App Development, Software Engineering",Data,Logical,1,1,No,Python,"PHP, Angular, Agile",Cybersecurity Analyst
ST0794,BTech,BTech_IT,24,Female,79.73,51.32,83.13,7,7,7,7,5,9,7,6,1,3,4,5,1,5,Management,"Team Lead, Scrum Master",AI-ML,Logical,0,3,No,UI Design,"Figma, Photoshop, Ethical Hacking, Canva",Backend Developer
ST0795,Pursuing_Diploma,Diploma_ECE,26,Other,91.89,51.64,0.0,3,4,5,6,7,7,8,5,1,4,2,3,2,3,Creative,"Content Creation, UI Design",Cloud,Creative,2,1,No,UI Design,"JavaScript, Canva",Database Administrator
ST0796,Diploma,Diploma_CSE,22,Male,74.74,56.19,0.0,5,5,8,6,7,6,4,8,5,4,4,5,5,4,Analytical,"Market Research, Risk Assessment",AI-ML,Logical,0,1,No,Math,"HTML, Math",Data Scientist
ST0797,BTech,BTech_ECE,20,Female,72.12,63.54,74.15,4,6,9,6,6,4,7,4,2,5,4,3,3,2,Management,"Scrum Master, Operations",Web,Leader,0,3,Yes,Networking,"Linux, Wireshark",Cloud Engineer
ST0798,Pursuing_BTech,BTech_IT,25,Female,55.27,53.24,0.0,3,8,6,6,7,4,9,8,4,4,4,4,4,3,Creative,"UI Design, Content Creation",Security,Analytical,0,1,No,DBMS,"Terraform, PHP, Docker",Full Stack Developer
ST0799,Graduate,BCA,26,Female,63.01,72.02,72.13,7,4,6,3,8,4,4,8,3,2,4,5,4,1,Analytical,"Market Research, Risk Assessment",AI-ML,Analytical,0,2,No,DBMS,"Scikit-Learn, Linux, Network Security",Cybersecurity Analyst
ST0800,Diploma,Diploma_IT,20,Male,74.2,77.37,0.0,4,4,6,6,7,4,5,10,2,5,4,5,5,4,Technical,"App Development, DevOps",Web,Leader,1,0,No,Math,"Figma, AWS",Backend Developer
ST0801,10th,General,15,Other,82.25,0.0,0.0,6,8,6,3,5,3,10,7,2,5,4,1,5,1,Creative,"Frontend Design, Visual Prototyping",Security,Leader,0,0,No,Web,"Tableau, Ethical Hacking",Full Stack Developer
ST0802,Pursuing_12th,Arts,18,Female,69.93,0.0,0.0,7,10,3,8,6,8,7,8,5,2,2,1,1,5,Technical,"Software Engineering, System Admin",Cloud,Creative,1,1,No,DBMS,"Photoshop, Linux, Kubernetes",Business Analyst
ST0803,BTech,BTech_CSE,23,Male,74.71,64.02,76.04,5,5,8,7,4,6,4,8,2,4,1,4,4,3,Management,"Scrum Master, Team Lead",Security,Analytical,0,0,No,Networking,"HTML, Excel, Tableau, Statistics",Web Developer
ST0804,10th,General,15,Male,72.66,0.0,0.0,3,5,7,3,10,4,4,5,3,5,2,4,5,3,Technical,"DevOps, App Development",Data,Creative,1,2,No,Networking,"Figma, PHP",UI/UX Designer
ST0805,BTech,BTech_ECE,21,Female,75.83,75.49,78.33,8,7,3,4,3,6,10,3,3,5,5,1,3,5,Creative,"Content Creation, Visual Prototyping",Web,Analytical,0,4,Yes,Statistics,"Network Security, Python, Cryptography, Ethical Hacking",Backend Developer
ST0806,BCA,BCA,23,Female,87.1,77.03,48.67,6,4,5,9,8,7,9,3,2,1,2,5,1,3,Creative,"Visual Prototyping, Content Creation",Web,Logical,0,1,No,UI Design,"Keras, Photoshop, Canva",Full Stack Developer
ST0807,Diploma,Diploma_CSE,23,Male,84.9,55.98,0.0,3,8,6,8,7,5,10,3,5,4,3,1,2,3,Creative,"UI Design, Visual Prototyping",Data,Logical,0,0,No,Math,"Terraform, Python, Docker",Business Analyst
ST0808,BTech,BTech_IT,23,Female,59.09,100.0,75.06,3,7,3,6,5,4,4,4,5,3,1,3,3,1,Creative,"Content Creation, Frontend Design",Security,Creative,1,3,No,Web,"PyTorch, Keras",Business Analyst
ST0809,10th,General,17,Female,98.64,0.0,0.0,3,8,5,8,7,6,10,8,5,2,2,5,1,1,Creative,"Visual Prototyping, Frontend Design",Security,Leader,1,2,Yes,Python,"Excel, Canva",Software Tester
ST0810,BTech,BTech_Civil,19,Male,81.83,46.44,65.16,5,5,5,5,5,8,9,6,1,2,3,2,5,2,Analytical,"Data Analysis, Risk Assessment",Security,Leader,2,2,No,Statistics,"Adobe XD, React",Cloud Engineer
ST0811,BCA,BCA,25,Male,80.39,59.47,53.51,8,5,7,7,6,8,8,8,2,1,4,1,2,4,Management,"Scrum Master, Operations",Cloud,Leader,1,0,No,Networking,"Communication, Ethical Hacking",Full Stack Developer
ST0812,Diploma,Diploma_Mech,19,Female,66.87,68.87,0.0,6,7,6,6,3,4,9,6,1,3,5,2,4,1,Technical,"App Development, Software Engineering",Data,Logical,1,1,No,Networking,"Communication, Python, CRM",UI/UX Designer
ST0813,12th,Arts,19,Male,100.0,85.24,0.0,5,5,6,6,8,3,8,5,1,3,1,1,4,4,Creative,"UI Design, Visual Prototyping",Data,Logical,2,3,No,UI Design,"Figma, Linux, Wireshark",UI/UX Designer
ST0814,12th,Science,19,Female,75.97,83.69,0.0,10,10,4,8,6,5,5,8,3,1,2,5,3,4,Technical,"System Admin, Software Engineering",Cloud,Creative,0,1,No,Python,"CSS, Python",Data Scientist
ST0815,Diploma,Diploma_ECE,21,Female,61.31,77.78,0.0,7,5,7,6,6,9,10,5,3,5,3,4,1,2,Management,"Product Owner, Scrum Master",Data,Creative,2,1,No,UI Design,"JavaScript, Keras",Cloud Engineer
ST0816,Graduate,BCom,23,Male,78.48,71.46,59.39,7,3,7,7,4,4,10,8,1,2,1,5,3,5,Analytical,"Market Research, Risk Assessment",Cloud,Analytical,1,3,Yes,Web,"PyTorch, Tableau, Pandas",Web Developer
ST0817,BCA,BCA,19,Female,69.03,71.51,58.07,6,3,8,9,8,7,9,8,1,1,1,2,1,2,Creative,"Content Creation, Visual Prototyping",AI-ML,Logical,2,1,No,DBMS,"Python, Keras",Full Stack Developer
ST0818,Diploma,Diploma_CSE,25,Female,84.68,67.42,0.0,7,8,5,9,5,7,6,8,5,2,1,2,2,3,Analytical,"Quality Assurance, Data Analysis",Web,Logical,1,3,No,UI Design,"Excel, Keras",Business Analyst
ST0819,Diploma,Diploma_CSE,26,Female,73.66,71.68,0.0,8,4,7,7,4,9,6,3,1,3,2,3,2,2,Management,"Scrum Master, Product Owner",Security,Leader,2,1,No,Networking,"PHP, Linux",Cybersecurity Analyst
ST0820,12th,Science,18,Female,83.4,93.84,0.0,5,3,5,5,6,7,7,4,1,1,3,1,2,1,Analytical,"Data Analysis, Market Research",Data,Leader,0,2,No,UI Design,"Scikit-Learn, Photoshop, Illustrator",DevOps Engineer
ST0821,10th,General,17,Male,71.42,0.0,0.0,4,6,5,5,3,5,6,8,3,1,2,2,2,1,Creative,"Frontend Design, Content Creation",Cloud,Leader,2,0,No,Statistics,"Ethical Hacking, Illustrator, Network Security",Cloud Engineer
ST0822,BTech,BTech_CSE,24,Female,58.1,68.06,63.99,7,6,8,6,6,7,5,8,2,2,5,5,5,1,Management,"Product Owner, Team Lead",Web,Leader,2,1,No,DBMS,"Communication, Canva, Illustrator",DevOps Engineer
ST0823,12th,Commerce,17,Female,88.06,77.93,0.0,5,5,5,6,6,4,6,10,2,4,4,4,4,4,Technical,"Software Engineering, System Admin",Data,Analytical,0,2,Yes,Networking,"Communication, PowerBI, Agile",Backend Developer
ST0824,10th,General,17,Male,81.73,0.0,0.0,7,5,5,7,6,7,8,4,1,3,4,2,2,3,Creative,"Visual Prototyping, Content Creation",AI-ML,Creative,1,2,No,Networking,"AWS, R, Docker",DevOps Engineer
ST0825,12th,Commerce,17,Male,79.17,51.58,0.0,7,8,6,7,4,6,4,9,2,1,3,3,1,2,Analytical,"Market Research, Risk Assessment",Cloud,Logical,1,3,Yes,UI Design,"Wireshark, SQL",Data Scientist
ST0826,Diploma,Diploma_CSE,20,Female,85.12,60.9,0.0,7,4,5,6,4,3,8,6,1,5,5,4,1,1,Creative,"Frontend Design, UI Design",Web,Creative,1,1,No,Math,"CRM, SQL",Data Scientist
ST0827,Diploma,Diploma_Mech,20,Male,76.51,78.49,0.0,7,6,7,8,6,7,7,9,2,3,1,3,3,2,Analytical,"Market Research, Risk Assessment",Security,Analytical,1,1,No,Web,"HTML, Network Security, Wireshark, Ethical Hacking",Business Analyst
ST0828,Graduate,BCA,22,Female,72.67,85.75,49.02,4,6,8,5,4,6,4,3,4,4,2,4,4,5,Management,"Scrum Master, Product Owner",Data,Logical,3,0,No,Python,"JavaScript, Photoshop",DevOps Engineer
ST0829,Pursuing_BTech,BTech_ECE,25,Male,82.29,70.45,0.0,6,7,3,7,8,5,9,7,1,5,3,4,4,2,Analytical,"Data Analysis, Risk Assessment",Web,Leader,3,1,Yes,DBMS,"PyTorch, Pandas, Python, SQL",Backend Developer
ST0830,Pursuing_12th,Commerce,17,Female,73.48,0.0,0.0,6,4,5,4,3,7,10,6,2,5,2,4,5,1,Technical,"App Development, Software Engineering",Data,Leader,1,4,Yes,Web,"Linux, Figma, Photoshop, Adobe XD",Backend Developer
ST0831,Pursuing_BTech,BTech_CSE,24,Male,74.49,62.82,0.0,4,4,8,7,3,3,7,5,4,4,3,2,4,2,Technical,"Software Engineering, DevOps",Data,Leader,1,3,Yes,Math,"Linux, Pandas, Python, PowerBI",Cloud Engineer
ST0832,Pursuing_BTech,BTech_CSE,19,Female,50.0,85.25,0.0,4,4,8,9,6,8,4,5,2,5,2,1,4,4,Management,"Product Owner, Operations",Cloud,Logical,2,0,Yes,Python,"Linux, SQL, Wireshark, Network Security",Software Tester
ST0833,12th,Arts,19,Male,66.53,61.08,0.0,6,4,6,3,4,4,5,8,1,3,5,1,5,2,Management,"Operations, Product Owner",Cloud,Analytical,0,1,No,Networking,"Pandas, PowerBI, Agile",Business Analyst
ST0834,Pursuing_12th,Arts,19,Female,62.72,0.0,0.0,6,8,3,6,4,8,8,8,1,1,4,2,4,3,Technical,"App Development, System Admin",Web,Logical,3,0,No,Math,"Project Management, CRM, SQL",Cybersecurity Analyst
ST0835,10th,General,17,Female,77.32,0.0,0.0,4,5,7,4,9,5,8,5,3,1,1,4,1,4,Analytical,"Data Analysis, Risk Assessment",Data,Creative,0,1,No,Networking,"JavaScript, CSS, Python, Angular",Business Analyst
ST0836,12th,Arts,18,Other,68.03,100.0,0.0,3,6,4,4,5,6,10,9,3,1,2,4,5,1,Analytical,"Market Research, Risk Assessment",AI-ML,Creative,4,3,Yes,Statistics,"PyTorch, Cryptography, Network Security",Cybersecurity Analyst
ST0837,Diploma,Diploma_CSE,21,Female,76.41,65.69,0.0,6,7,5,10,4,6,9,8,1,2,1,1,3,2,Technical,"DevOps, Software Engineering",Security,Logical,3,1,No,Statistics,"JavaScript, AWS, Azure, Kubernetes",Backend Developer
ST0838,BTech,BTech_Civil,25,Female,86.72,74.06,62.05,4,5,5,5,8,8,6,3,2,5,4,4,3,3,Management,"Scrum Master, Team Lead",Security,Leader,0,3,No,DBMS,"CSS, Angular, AWS",UI/UX Designer
ST0839,10th,General,17,Female,100.0,0.0,0.0,6,8,3,8,6,8,6,9,2,3,3,4,5,3,Analytical,"Quality Assurance, Data Analysis",Cloud,Leader,2,3,Yes,Math,"AWS, Linux, Cryptography, Ethical Hacking",Software Tester
ST0840,Graduate,BTech_IT,25,Male,65.17,64.93,77.27,6,4,4,6,8,3,8,5,3,5,5,1,4,5,Analytical,"Market Research, Data Analysis",Web,Logical,1,1,No,Python,"Tableau, Pandas, Python, Linux",Full Stack Developer
ST0841,BCA,BCA,23,Female,72.02,70.41,74.98,8,3,4,10,7,8,9,5,5,2,1,2,5,4,Analytical,"Data Analysis, Market Research",AI-ML,Logical,1,2,Yes,Statistics,"WordPress, TensorFlow",Backend Developer
ST0842,Pursuing_Diploma,Diploma_IT,20,Female,80.36,97.18,0.0,3,3,7,6,8,6,7,4,5,1,4,4,4,2,Creative,"Content Creation, Frontend Design",Data,Logical,2,5,Yes,Statistics,"PyTorch, Azure, Python, TensorFlow",Cloud Engineer
ST0843,Pursuing_12th,Arts,19,Female,100.0,0.0,0.0,7,3,5,8,7,6,7,9,3,5,5,3,4,2,Analytical,"Quality Assurance, Risk Assessment",AI-ML,Leader,2,0,No,DBMS,"Pandas, PowerBI, Cryptography",Cybersecurity Analyst
ST0844,Pursuing_BTech,BTech_IT,23,Female,74.69,54.65,0.0,4,7,6,5,5,3,7,7,2,1,5,5,4,4,Creative,"Content Creation, Visual Prototyping",Web,Logical,2,1,No,Python,"Math, Azure, Linux",Cybersecurity Analyst
ST0845,Pursuing_BTech,BTech_IT,25,Female,94.86,54.17,0.0,8,5,7,7,6,7,4,5,4,2,4,2,5,2,Management,"Scrum Master, Operations",Cloud,Creative,1,0,No,UI Design,"Excel, Photoshop, PowerBI",Data Scientist
ST0846,BCA,BCA,20,Female,78.77,74.83,67.18,6,8,8,8,9,7,7,7,4,5,2,5,5,4,Management,"Operations, Scrum Master",Security,Creative,1,2,No,UI Design,"Terraform, Linux, Docker, Wireshark",Business Analyst
ST0847,BCA,BCA,20,Male,75.61,90.84,84.4,5,5,4,6,6,8,4,8,1,5,5,3,5,2,Technical,"System Admin, App Development",AI-ML,Analytical,1,1,No,Statistics,"JavaScript, WordPress, Angular, AWS",Cybersecurity Analyst
ST0848,Pursuing_Diploma,Diploma_Mech,23,Male,88.12,67.85,0.0,3,4,4,8,5,7,9,6,5,3,3,1,3,1,Creative,"Frontend Design, Visual Prototyping",Cloud,Analytical,1,3,No,UI Design,"PyTorch, Scikit-Learn, TensorFlow, Agile",Cloud Engineer
ST0849,BTech,BTech_Civil,22,Female,76.17,75.67,60.71,4,4,3,3,6,3,7,7,2,4,4,1,1,3,Creative,"Visual Prototyping, Content Creation",Web,Creative,1,1,No,Web,"Project Management, Network Security",UI/UX Designer
ST0850,BTech,BTech_ECE,23,Female,80.84,65.14,61.55,8,3,5,6,8,8,6,8,3,5,4,2,3,1,Creative,"UI Design, Frontend Design",Web,Creative,2,2,No,Math,"Project Management, CRM",UI/UX Designer
ST0851,Pursuing_BTech,BTech_Civil,20,Male,72.16,93.9,0.0,3,9,3,4,4,5,8,6,5,3,3,5,1,3,Technical,"App Development, DevOps",Cloud,Logical,0,3,No,UI Design,"Statistics, Kubernetes",DevOps Engineer
ST0852,12th,Arts,19,Female,69.52,70.23,0.0,5,8,6,7,4,7,8,3,1,3,2,3,5,4,Management,"Team Lead, Product Owner",Web,Logical,1,0,No,Python,"Network Security, Adobe XD, Ethical Hacking",Business Analyst
ST0853,10th,General,17,Other,97.9,0.0,0.0,8,4,3,7,4,7,10,3,5,2,1,3,5,1,Creative,"Content Creation, UI Design",Data,Logical,2,4,Yes,Web,"Communication, Project Management, Agile",UI/UX Designer
ST0854,Pursuing_12th,Commerce,17,Male,88.23,0.0,0.0,3,5,5,3,8,3,8,5,3,2,2,2,3,1,Creative,"Frontend Design, UI Design",AI-ML,Analytical,2,0,Yes,Math,"JavaScript, PHP, Docker, Node.js",UI/UX Designer
ST0855,BCA,BCA,24,Male,86.85,86.08,71.66,7,6,8,3,7,7,9,6,4,5,5,4,4,2,Technical,"Software Engineering, System Admin",Cloud,Leader,0,3,Yes,DBMS,"Wireshark, Kubernetes",DevOps Engineer
ST0856,12th,Arts,19,Male,55.45,90.0,0.0,7,9,8,7,7,6,6,6,5,3,2,1,1,5,Technical,"DevOps, App Development",Security,Analytical,0,2,No,DBMS,"CSS, Azure, Docker",Web Developer
ST0857,BTech,BTech_ECE,20,Female,82.71,62.64,60.54,6,4,4,7,4,7,9,7,2,5,2,1,4,3,Creative,"Content Creation, Visual Prototyping",Data,Logical,2,2,No,DBMS,"R, JavaScript, PHP, React",ML Engineer
ST0858,12th,Commerce,19,Female,85.78,74.12,0.0,3,6,7,8,5,8,5,6,4,2,5,4,2,1,Technical,"App Development, DevOps",Data,Logical,2,1,No,Networking,"Terraform, CSS",DevOps Engineer
ST0859,BCA,BCA,26,Male,69.8,83.79,82.39,7,7,6,9,3,7,6,9,3,3,5,4,2,1,Analytical,"Data Analysis, Risk Assessment",Data,Logical,1,2,No,Math,JavaScript,Cloud Engineer
ST0860,Diploma,Diploma_ECE,23,Female,69.78,61.12,0.0,5,4,8,9,6,8,8,6,4,3,3,3,5,1,Creative,"UI Design, Content Creation",Cloud,Logical,4,0,No,Networking,"Communication, Project Management",Data Scientist
ST0861,Pursuing_Diploma,Diploma_Mech,24,Female,67.28,66.68,0.0,5,4,8,5,3,5,7,8,4,4,4,2,2,5,Creative,"Visual Prototyping, UI Design",Cloud,Analytical,2,4,Yes,Math,"AWS, Azure, Docker, Math",ML Engineer
ST0862,BCA,BCA,22,Male,100.0,84.51,62.71,5,8,3,8,6,7,9,8,1,2,5,2,1,5,Creative,"Content Creation, Frontend Design",Web,Leader,1,2,No,Statistics,"Python, Linux",Business Analyst
ST0863,Graduate,BCA,21,Female,81.39,73.85,72.46,6,5,4,9,6,8,4,7,2,2,4,2,4,2,Creative,"Content Creation, UI Design",AI-ML,Logical,0,5,Yes,Web,"Scikit-Learn, Tableau, Python",Data Scientist
ST0864,10th,General,16,Male,91.09,0.0,0.0,4,7,6,6,7,8,8,4,1,1,1,3,1,2,Technical,"System Admin, App Development",Security,Creative,1,4,Yes,Web,"Kubernetes, Cryptography",Database Administrator
ST0865,BCA,BCA,21,Female,79.53,82.67,72.93,8,5,4,5,3,5,7,7,1,5,1,3,1,3,Management,"Product Owner, Scrum Master",Web,Analytical,0,2,No,DBMS,"Project Management, Linux, Wireshark, Network Security",Software Tester
ST0866,Graduate,BTech_IT,24,Female,55.17,57.84,67.03,5,6,7,9,8,7,6,8,4,5,5,4,3,2,Technical,"App Development, Software Engineering",Security,Logical,0,3,No,Math,Wireshark,ML Engineer
ST0867,BCA,BCA,26,Male,73.16,88.22,55.3,3,9,4,6,3,5,7,4,2,5,4,1,1,5,Technical,"DevOps, App Development",Security,Logical,1,0,No,Web,"Linux, Cryptography, Network Security",Backend Developer
ST0868,12th,Arts,19,Male,69.57,85.0,0.0,8,3,6,5,7,6,4,4,2,4,2,5,5,2,Creative,"Frontend Design, Content Creation",AI-ML,Logical,0,3,No,DBMS,"Scikit-Learn, CRM, Keras",Full Stack Developer
ST0869,Graduate,BBA,25,Female,58.07,54.23,65.89,7,3,5,10,8,6,6,5,4,3,5,2,1,2,Management,"Team Lead, Operations",Security,Logical,1,4,Yes,Math,"Linux, Canva, Wireshark, Ethical Hacking",Web Developer
ST0870,12th,Science,18,Female,64.09,83.3,0.0,8,7,4,7,5,8,4,5,4,1,2,1,1,5,Analytical,"Quality Assurance, Data Analysis",AI-ML,Logical,0,1,No,Networking,"Scikit-Learn, Project Management, Python, Keras",Database Administrator
ST0871,Pursuing_Diploma,Diploma_ECE,19,Male,59.07,57.49,0.0,4,5,6,8,6,4,9,5,2,5,4,4,4,3,Creative,"UI Design, Frontend Design",AI-ML,Analytical,1,4,Yes,Web,"Communication, CRM, Angular, Market Research",UI/UX Designer
ST0872,BCA,BCA,23,Male,100.0,93.71,59.05,8,4,8,6,3,5,8,9,4,5,2,4,5,5,Technical,"DevOps, System Admin",Data,Logical,3,2,No,Math,"Scikit-Learn, Python, PowerBI",ML Engineer
ST0873,12th,Commerce,17,Female,95.9,49.97,0.0,7,8,6,4,4,5,7,5,2,1,3,5,2,2,Analytical,"Quality Assurance, Risk Assessment",Cloud,Analytical,1,2,No,DBMS,"Figma, Azure, Photoshop",Backend Developer
ST0874,Pursuing_BTech,BTech_IT,20,Other,71.67,71.48,0.0,5,6,5,6,8,8,6,6,1,1,3,4,3,1,Analytical,"Data Analysis, Market Research",Security,Analytical,0,4,Yes,Statistics,"CRM, Python",Software Tester
ST0875,Pursuing_Diploma,Diploma_CSE,23,Male,92.57,51.56,0.0,8,8,3,4,4,7,9,6,5,2,3,4,5,3,Creative,"UI Design, Content Creation",Data,Creative,2,0,No,Web,"Python, Linux, Ethical Hacking, Network Security",Cybersecurity Analyst
ST0876,Pursuing_BTech,BTech_IT,19,Female,69.74,80.31,0.0,5,7,3,5,7,3,10,8,1,5,2,3,1,5,Analytical,"Market Research, Data Analysis",Security,Leader,1,3,No,Web,"Excel, Python, PowerBI, Keras",Full Stack Developer
ST0877,BCA,BCA,22,Male,79.41,69.85,76.34,4,7,4,8,3,4,5,6,4,5,4,2,4,1,Creative,"Content Creation, Visual Prototyping",Data,Analytical,1,1,No,Statistics,"Figma, R, PowerBI",Software Tester
ST0878,Diploma,Diploma_CSE,25,Male,82.89,75.64,0.0,3,4,5,4,4,6,5,7,2,1,4,1,2,1,Analytical,"Risk Assessment, Data Analysis",Security,Creative,1,3,No,UI Design,"Ethical Hacking, Wireshark, Cryptography",Web Developer
ST0879,Pursuing_12th,Science,18,Female,83.91,0.0,0.0,5,4,4,8,6,8,9,8,1,4,4,4,1,2,Management,"Operations, Team Lead",Web,Analytical,2,2,No,DBMS,"Communication, Kubernetes",Web Developer
ST0880,Pursuing_12th,Commerce,18,Female,81.6,0.0,0.0,8,4,9,8,4,6,7,7,3,2,5,3,4,1,Management,"Operations, Team Lead",Security,Analytical,2,1,No,Web,"Communication, Market Research, PyTorch",Database Administrator
ST0881,Pursuing_12th,Commerce,18,Female,83.56,0.0,0.0,7,7,3,8,8,6,7,3,3,2,3,1,3,3,Creative,"Frontend Design, UI Design",Cloud,Logical,1,2,Yes,UI Design,"Scikit-Learn, AWS",Software Tester
ST0882,10th,General,15,Male,100.0,0.0,0.0,7,3,6,3,3,4,10,8,2,3,5,3,1,3,Analytical,"Data Analysis, Quality Assurance",Web,Analytical,2,3,Yes,Networking,"Terraform, AWS, Docker, Canva",ML Engineer
ST0883,12th,Science,17,Male,84.58,80.53,0.0,7,6,4,7,3,8,10,5,5,2,4,2,4,4,Analytical,"Market Research, Risk Assessment",Cloud,Logical,1,0,No,Web,"Communication, Agile",Web Developer
ST0884,Diploma,Diploma_ECE,21,Female,60.65,61.05,0.0,10,4,8,6,4,6,6,4,2,5,1,3,4,5,Technical,"App Development, System Admin",Data,Logical,4,4,Yes,Math,"Excel, R, PowerBI, Statistics",Data Scientist
ST0885,Diploma,Diploma_ECE,22,Female,69.87,74.14,0.0,5,7,3,7,6,5,6,4,3,2,2,5,4,5,Creative,"UI Design, Frontend Design",AI-ML,Logical,1,2,No,Networking,"WordPress, CRM, Node.js, React",Cloud Engineer
ST0886,BTech,BTech_ECE,22,Male,71.58,73.64,69.95,8,7,8,3,4,7,6,4,2,2,4,5,3,2,Management,"Product Owner, Scrum Master",Cloud,Creative,0,4,Yes,Web,"HTML, Project Management, Node.js, React",ML Engineer
ST0887,BCA,BCA,22,Male,68.31,51.74,69.95,6,9,8,8,4,4,9,4,2,1,5,5,2,3,Technical,"DevOps, Software Engineering",Web,Analytical,0,1,No,Networking,"Scikit-Learn, TensorFlow, PyTorch",Data Scientist
ST0888,Pursuing_BTech,BTech_CSE,26,Male,74.41,61.09,0.0,8,5,6,7,4,9,6,5,4,3,5,5,2,5,Management,"Scrum Master, Team Lead",Data,Logical,1,0,No,Statistics,"WordPress, Linux, Cryptography, Wireshark",Business Analyst
ST0889,BTech,BTech_Civil,24,Female,74.92,86.82,72.41,6,4,10,7,7,6,5,3,1,4,3,5,5,5,Management,"Operations, Scrum Master",Web,Leader,1,2,No,Statistics,"Market Research, Project Management, Scikit-Learn",Web Developer
ST0890,Graduate,BCom,20,Male,83.69,70.55,85.27,3,8,5,5,3,5,7,3,2,2,2,1,5,1,Management,"Operations, Product Owner",Cloud,Logical,1,3,No,Python,"PyTorch, Python, Statistics, Keras",DevOps Engineer
ST0891,10th,General,17,Female,63.04,0.0,0.0,4,5,7,7,3,4,9,9,5,4,5,1,5,5,Technical,"Software Engineering, System Admin",Security,Logical,0,3,No,Web,"Project Management, Agile",ML Engineer
ST0892,Pursuing_BTech,BTech_IT,19,Female,61.8,82.54,0.0,6,7,6,5,5,5,9,6,5,4,5,4,3,3,Analytical,"Market Research, Risk Assessment",Security,Leader,1,2,No,Networking,"WordPress, Node.js",DevOps Engineer
ST0893,Diploma,Diploma_IT,22,Female,67.65,89.15,0.0,7,6,6,5,6,6,5,5,1,2,3,2,4,2,Creative,"Visual Prototyping, Content Creation",Cloud,Leader,1,1,No,UI Design,"Azure, Illustrator",Software Tester
ST0894,BCA,BCA,24,Female,73.18,66.05,68.21,8,8,6,10,4,3,4,5,4,3,2,4,2,2,Technical,"App Development, DevOps",AI-ML,Logical,3,2,No,Python,"Market Research, Linux",Database Administrator
ST0895,12th,Arts,19,Male,50.0,90.17,0.0,8,4,3,5,7,4,9,7,3,1,3,4,1,4,Analytical,"Quality Assurance, Market Research",Data,Logical,1,1,No,DBMS,"Scikit-Learn, Wireshark",Web Developer
ST0896,BCA,BCA,19,Male,79.44,66.04,85.74,5,6,5,8,7,5,7,4,1,1,4,2,1,1,Management,"Operations, Scrum Master",Security,Creative,1,2,No,Math,"HTML, Python, PowerBI, Statistics",Full Stack Developer
ST0897,BCA,BCA,25,Female,73.73,66.87,60.54,4,4,3,6,9,7,10,8,2,1,1,2,5,2,Analytical,"Data Analysis, Risk Assessment",Data,Creative,0,2,No,UI Design,"Excel, Python, PowerBI, AWS",Business Analyst
ST0898,Diploma,Diploma_ECE,20,Female,63.57,71.52,0.0,7,6,5,3,3,3,5,4,4,1,2,1,1,4,Creative,"Content Creation, UI Design",AI-ML,Leader,1,0,No,UI Design,"PHP, Photoshop, Illustrator",Business Analyst
ST0899,10th,General,16,Male,77.06,0.0,0.0,7,5,7,5,5,4,7,8,1,1,4,1,5,3,Creative,"Frontend Design, UI Design",Cloud,Leader,0,2,No,DBMS,"HTML, JavaScript, Angular, PyTorch",Data Scientist
ST0900,Graduate,BCA,23,Male,77.27,94.11,65.55,6,4,5,8,6,7,10,8,1,5,3,1,1,5,Management,"Scrum Master, Product Owner",Security,Logical,0,4,Yes,Networking,"Azure, Canva",Backend Developer
ST0901,BCA,BCA,25,Female,90.26,74.48,51.15,4,9,5,8,3,7,6,10,5,2,3,3,5,3,Technical,"DevOps, Software Engineering",Data,Leader,1,0,No,Math,"Figma, Linux, Adobe XD, Canva",Database Administrator
ST0902,BCA,BCA,19,Female,64.74,70.9,70.36,3,3,4,4,8,8,10,9,4,1,2,2,3,2,Analytical,"Risk Assessment, Data Analysis",AI-ML,Logical,0,0,No,Web,"TensorFlow, Kubernetes",Database Administrator
ST0903,12th,Arts,17,Female,74.37,79.01,0.0,5,8,6,6,8,7,10,6,1,2,5,5,3,2,Management,"Team Lead, Operations",Security,Leader,1,2,No,Python,"Python, Pandas, R, SQL",DevOps Engineer
ST0904,Pursuing_12th,Science,18,Female,78.43,0.0,0.0,5,5,6,6,3,7,4,4,4,1,5,2,3,4,Creative,"Content Creation, Frontend Design",Cloud,Analytical,0,3,No,UI Design,"PHP, Linux, Ethical Hacking",Cloud Engineer
ST0905,Diploma,Diploma_IT,21,Male,77.86,73.98,0.0,3,4,7,5,5,6,6,4,2,4,2,2,1,2,Analytical,"Quality Assurance, Market Research",Web,Analytical,0,3,No,UI Design,"PyTorch, Math, Python, Wireshark",Software Tester
ST0906,12th,Commerce,17,Male,81.52,53.32,0.0,7,9,7,7,4,6,7,7,2,2,1,5,4,2,Technical,"System Admin, App Development",AI-ML,Leader,1,1,No,Statistics,"Scikit-Learn, Excel, TensorFlow",Full Stack Developer
ST0907,Diploma,Diploma_Mech,24,Female,100.0,82.61,0.0,5,5,8,3,8,4,8,5,3,5,3,3,1,4,Management,"Product Owner, Operations",Data,Creative,3,2,No,Statistics,"JavaScript, HTML, CSS, Python",Cybersecurity Analyst
ST0908,Diploma,Diploma_CSE,21,Female,80.03,65.29,0.0,6,6,6,4,7,4,5,6,2,5,2,3,4,4,Creative,"Frontend Design, UI Design",Security,Leader,0,2,No,DBMS,"Communication, Project Management, CRM, Network Security",Full Stack Developer
ST0909,Diploma,Diploma_IT,21,Female,89.64,79.18,0.0,7,5,4,6,6,5,6,6,4,1,4,4,1,2,Technical,"Software Engineering, DevOps",Web,Analytical,3,3,No,Math,"Terraform, Scikit-Learn, Math",Full Stack Developer
ST0910,Diploma,Diploma_Mech,25,Female,80.94,59.09,0.0,6,7,5,8,10,6,10,5,5,5,4,2,1,4,Analytical,"Risk Assessment, Quality Assurance",Cloud,Creative,0,0,No,Python,"Figma, Adobe XD, React, Canva",Cybersecurity Analyst
ST0911,12th,Arts,18,Male,71.43,64.66,0.0,5,8,6,6,5,4,4,4,3,4,3,4,2,2,Creative,"UI Design, Visual Prototyping",Data,Leader,1,0,No,DBMS,"Scikit-Learn, Adobe XD",Business Analyst
ST0912,Pursuing_12th,Science,17,Male,60.68,0.0,0.0,4,5,3,6,6,3,5,9,1,5,4,3,4,4,Technical,"App Development, System Admin",AI-ML,Creative,0,3,No,Math,"HTML, CSS, PHP, Node.js",Backend Developer
ST0913,Pursuing_BTech,BTech_CSE,26,Female,70.09,63.82,0.0,6,3,9,4,6,5,9,6,3,2,5,2,1,2,Management,"Product Owner, Team Lead",Security,Analytical,1,1,No,Python,"PowerBI, Cryptography",ML Engineer
ST0914,12th,Arts,18,Female,79.06,73.89,0.0,8,8,4,5,6,7,9,9,3,1,1,2,5,5,Technical,"Software Engineering, App Development",AI-ML,Creative,1,0,Yes,DBMS,"Math, R, SQL",Business Analyst
ST0915,Pursuing_BTech,BTech_IT,20,Male,84.9,80.07,0.0,4,7,6,7,6,9,4,6,3,3,1,2,4,3,Management,"Operations, Product Owner",AI-ML,Creative,1,4,Yes,UI Design,"Canva, CSS, Angular, React",Full Stack Developer
ST0916,Graduate,BBA,23,Male,99.39,70.62,69.07,4,4,4,5,8,5,8,7,4,2,4,5,1,3,Creative,"Visual Prototyping, Frontend Design",Cloud,Leader,0,1,No,Statistics,"Excel, Python",Web Developer
ST0917,Pursuing_12th,Commerce,17,Male,67.76,0.0,0.0,6,9,3,8,4,7,8,7,3,2,3,5,3,4,Technical,"System Admin, Software Engineering",AI-ML,Logical,0,0,No,DBMS,"CRM, Statistics",DevOps Engineer
ST0918,10th,General,16,Male,53.28,0.0,0.0,4,10,5,4,6,4,6,10,4,1,1,3,3,3,Technical,"Software Engineering, System Admin",Data,Logical,0,2,No,Math,"Communication, Market Research, Network Security",Business Analyst
ST0919,Graduate,BBA,23,Female,92.4,71.35,72.26,4,4,9,6,3,5,6,4,4,5,4,1,1,1,Management,"Product Owner, Operations",Security,Logical,0,1,No,Python,"Project Management, React",Software Tester
ST0920,Pursuing_12th,Arts,18,Female,70.28,0.0,0.0,7,3,3,7,6,3,9,7,4,5,5,4,3,2,Creative,"Content Creation, Visual Prototyping",Web,Logical,1,1,No,DBMS,"Figma, Canva",DevOps Engineer
ST0921,Pursuing_Diploma,Diploma_ECE,24,Female,81.35,60.82,0.0,8,6,6,8,6,5,10,9,5,4,1,1,1,3,Technical,"App Development, DevOps",Cloud,Analytical,0,4,Yes,Statistics,"Communication, Project Management, Kubernetes, Market Research",Business Analyst
ST0922,12th,Arts,17,Male,63.25,80.12,0.0,6,7,9,5,4,7,8,8,5,5,1,1,2,1,Management,"Operations, Product Owner",AI-ML,Leader,2,1,No,DBMS,"PyTorch, Network Security",ML Engineer
ST0923,Pursuing_Diploma,Diploma_Mech,23,Female,76.39,80.85,0.0,8,3,8,4,4,5,9,7,5,4,2,4,1,5,Management,"Operations, Team Lead",Security,Creative,2,0,No,Statistics,"Math, Adobe XD",Cloud Engineer
ST0924,BTech,BTech_CSE,25,Female,68.58,78.99,69.15,3,6,3,7,5,6,7,4,5,2,1,3,1,1,Analytical,"Market Research, Quality Assurance",AI-ML,Logical,1,3,No,Python,"PyTorch, Scikit-Learn, Ethical Hacking",Full Stack Developer
ST0925,Pursuing_BTech,BTech_Civil,22,Female,88.48,61.05,0.0,6,4,8,7,4,4,9,8,4,4,2,1,2,4,Analytical,"Data Analysis, Market Research",Security,Logical,0,2,No,DBMS,"Scikit-Learn, Math, Adobe XD",Data Scientist
ST0926,12th,Science,17,Male,80.8,84.98,0.0,4,9,6,4,3,6,10,4,5,5,4,4,1,4,Technical,"DevOps, System Admin",Data,Analytical,3,0,No,Math,"Figma, Keras, Illustrator, Canva",Backend Developer
ST0927,12th,Arts,17,Female,79.92,75.99,0.0,7,5,4,8,8,7,10,3,2,4,1,5,1,1,Management,"Product Owner, Operations",AI-ML,Leader,2,2,No,Networking,"PyTorch, Math, Communication",UI/UX Designer
ST0928,Graduate,BCom,26,Female,100.0,89.54,72.81,9,10,8,5,7,7,10,6,3,5,4,1,2,3,Technical,"System Admin, Software Engineering",Cloud,Logical,2,1,No,Python,"Terraform, Excel, Azure",Data Scientist
ST0929,12th,Commerce,18,Other,82.75,93.15,0.0,7,8,9,4,7,4,10,8,3,4,5,5,1,3,Management,"Scrum Master, Operations",Security,Analytical,2,3,No,Networking,"Python, Agile, SQL",Web Developer
ST0930,Pursuing_BTech,BTech_Civil,26,Male,56.36,75.02,0.0,10,5,7,4,3,4,5,3,1,1,2,1,2,4,Creative,"Content Creation, Frontend Design",AI-ML,Analytical,1,3,Yes,Web,"PyTorch, CSS, Python, TensorFlow",Data Scientist
ST0931,Diploma,Diploma_Mech,25,Male,86.3,48.39,0.0,6,6,6,5,5,5,9,7,4,3,1,3,5,5,Analytical,"Market Research, Data Analysis",Security,Analytical,2,6,Yes,DBMS,"Linux, Angular, Ethical Hacking",Cybersecurity Analyst
ST0932,Pursuing_12th,Arts,19,Female,67.6,0.0,0.0,4,3,4,7,5,3,10,4,1,4,1,5,3,5,Creative,"UI Design, Visual Prototyping",Security,Analytical,0,3,No,Statistics,"Market Research, Python, Communication, Agile",Backend Developer
ST0933,Graduate,BTech_IT,21,Male,85.01,53.02,72.28,7,6,4,5,5,6,6,6,3,3,2,2,5,2,Analytical,"Risk Assessment, Quality Assurance",Security,Creative,2,0,No,UI Design,"Market Research, Project Management, Kubernetes, Agile",Backend Developer
ST0934,BTech,BTech_ECE,26,Male,66.18,73.58,63.65,3,6,5,7,5,8,5,5,5,4,3,2,1,1,Analytical,"Quality Assurance, Risk Assessment",Cloud,Logical,0,1,No,Networking,"Azure, Linux, Illustrator",Full Stack Developer
ST0935,BTech,BTech_Civil,20,Male,71.34,70.38,61.56,6,5,3,4,8,8,6,7,2,4,4,1,4,5,Technical,"DevOps, System Admin",Data,Logical,1,3,No,Python,"Scikit-Learn, AWS, Linux",Business Analyst
ST0936,Diploma,Diploma_CSE,24,Male,77.74,64.2,0.0,5,3,8,8,4,5,5,7,5,3,3,4,3,5,Management,"Product Owner, Team Lead",Cloud,Logical,2,1,No,Statistics,"Figma, Photoshop, Adobe XD",ML Engineer
ST0937,Pursuing_BTech,BTech_IT,22,Female,70.87,55.65,0.0,7,7,5,8,3,8,7,4,2,2,5,5,5,2,Analytical,"Quality Assurance, Data Analysis",Data,Logical,1,2,No,Python,"Communication, Project Management, Linux, Market Research",Cybersecurity Analyst
ST0938,Diploma,Diploma_Mech,19,Female,71.6,61.98,0.0,9,5,5,3,6,7,4,8,1,3,3,3,2,3,Technical,"Software Engineering, App Development",AI-ML,Analytical,3,3,No,UI Design,"Terraform, Linux, Wireshark",Data Scientist
ST0939,BTech,BTech_IT,21,Male,65.77,45.0,61.6,6,3,3,8,3,8,5,9,4,5,5,1,1,4,Analytical,"Market Research, Data Analysis",Cloud,Logical,2,2,Yes,Statistics,"Scikit-Learn, Math, CSS, PyTorch",ML Engineer
ST0940,12th,Commerce,19,Female,73.87,96.82,0.0,3,5,5,6,4,4,7,9,1,4,1,3,3,2,Analytical,"Market Research, Risk Assessment",Cloud,Leader,4,1,No,Statistics,"Excel, Tableau, PowerBI, Keras",Web Developer
ST0941,Pursuing_12th,Commerce,17,Male,71.01,0.0,0.0,3,6,8,3,7,5,10,8,4,5,2,1,5,2,Technical,"App Development, DevOps",Cloud,Creative,0,3,Yes,Statistics,"Python, Linux, Wireshark, Network Security",Business Analyst
ST0942,Graduate,BSc_CS,21,Female,90.34,100.0,68.94,5,6,3,8,5,4,9,8,2,1,2,1,5,3,Creative,"Frontend Design, Visual Prototyping",Web,Leader,1,0,Yes,Statistics,"Scikit-Learn, Excel, Statistics",Data Scientist
ST0943,Pursuing_12th,Commerce,17,Male,66.97,0.0,0.0,4,9,7,7,8,4,10,9,3,2,1,1,2,1,Technical,"App Development, Software Engineering",Data,Leader,1,1,No,DBMS,"Tableau, Pandas, Python",Database Administrator
ST0944,BCA,BCA,25,Female,70.88,83.76,76.9,4,7,5,5,7,6,9,6,2,1,3,1,4,3,Creative,"Content Creation, Visual Prototyping",Web,Analytical,1,3,No,Statistics,"Communication, CRM, Angular, Agile",ML Engineer
ST0945,Diploma,Diploma_ECE,23,Female,94.04,66.76,0.0,5,7,4,6,6,4,5,5,3,4,4,4,2,1,Technical,"App Development, System Admin",Web,Logical,2,2,No,Statistics,"Pandas, WordPress",UI/UX Designer
ST0946,Pursuing_Diploma,Diploma_ECE,26,Female,97.76,66.41,0.0,3,7,6,8,3,5,7,7,1,4,2,5,4,2,Creative,"UI Design, Content Creation",Security,Analytical,0,0,Yes,Web,"Network Security, Photoshop, Cryptography, Ethical Hacking",Business Analyst
ST0947,Pursuing_Diploma,Diploma_ECE,22,Female,66.74,69.18,0.0,6,5,7,4,4,6,7,7,4,1,2,1,5,1,Analytical,"Quality Assurance, Data Analysis",Cloud,Leader,1,1,No,Web,"SQL, Cryptography, Network Security",Data Scientist
ST0948,10th,General,15,Female,81.87,0.0,0.0,6,3,10,5,5,8,10,4,5,4,5,4,1,1,Management,"Team Lead, Product Owner",Security,Logical,1,3,No,Web,"PyTorch, CRM, TensorFlow, Keras",Cybersecurity Analyst
ST0949,Pursuing_12th,Science,19,Female,74.53,0.0,0.0,7,8,4,5,4,6,6,6,5,5,3,5,1,5,Analytical,"Risk Assessment, Data Analysis",Data,Logical,2,0,Yes,Networking,"Scikit-Learn, AWS, Linux, Kubernetes",Web Developer
ST0950,Pursuing_Diploma,Diploma_ECE,25,Female,78.79,73.03,0.0,7,7,6,8,7,6,10,5,5,1,1,3,2,1,Management,"Operations, Team Lead",Cloud,Creative,0,2,No,Python,"HTML, PHP, Node.js, Illustrator",UI/UX Designer
ST0951,Pursuing_Diploma,Diploma_IT,22,Female,59.66,77.19,0.0,4,8,4,5,5,5,4,7,5,4,2,2,2,3,Analytical,"Quality Assurance, Market Research",Security,Creative,1,1,Yes,Web,"HTML, CSS, Python, PHP",Full Stack Developer
ST0952,BTech,BTech_Civil,19,Female,65.29,87.95,68.77,8,4,6,8,3,6,7,7,2,4,4,5,2,5,Creative,"UI Design, Content Creation",AI-ML,Logical,2,0,No,Statistics,"JavaScript, Agile",ML Engineer
ST0953,Pursuing_BTech,BTech_IT,22,Male,85.09,80.62,0.0,3,8,4,3,7,7,4,8,3,2,4,3,1,3,Creative,"Frontend Design, Visual Prototyping",AI-ML,Leader,3,3,No,UI Design,"Azure, Kubernetes",Full Stack Developer
ST0954,10th,General,15,Female,96.12,0.0,0.0,5,7,7,4,7,6,4,6,2,4,5,5,2,5,Creative,"Frontend Design, UI Design",AI-ML,Analytical,3,2,No,Math,"Node.js, SQL",Full Stack Developer
ST0955,Pursuing_Diploma,Diploma_ECE,21,Female,80.23,81.45,0.0,3,5,6,3,5,4,9,6,2,3,1,4,2,4,Technical,"DevOps, Software Engineering",Cloud,Leader,0,3,No,Math,"Excel, Pandas, Python",Backend Developer
ST0956,Pursuing_Diploma,Diploma_ECE,22,Male,63.71,82.99,0.0,6,5,5,4,7,7,4,4,1,3,4,2,5,5,Creative,"Frontend Design, UI Design",Data,Creative,1,4,Yes,UI Design,"WordPress, R, Angular, Node.js",Cloud Engineer
ST0957,BCA,BCA,25,Male,75.38,70.74,82.48,4,9,5,3,4,3,7,7,5,5,1,1,3,2,Technical,"App Development, DevOps",Data,Leader,0,5,Yes,Math,"AWS, Cryptography",DevOps Engineer
ST0958,Graduate,BSc_CS,20,Male,56.25,51.81,63.79,7,10,6,7,6,5,5,6,5,3,1,1,2,4,Technical,"Software Engineering, DevOps",AI-ML,Analytical,2,2,Yes,Python,"AWS, Azure, Docker, Cryptography",Database Administrator
ST0959,Pursuing_12th,Science,19,Male,60.92,0.0,0.0,4,5,6,3,5,5,10,8,3,2,2,3,2,1,Management,"Scrum Master, Team Lead",Security,Leader,1,1,No,Python,"PHP, Scikit-Learn, Python",Full Stack Developer
ST0960,Pursuing_Diploma,Diploma_CSE,24,Female,60.49,78.72,0.0,6,3,6,7,8,9,8,5,2,1,5,2,4,1,Management,"Operations, Scrum Master",Web,Creative,4,1,No,Math,"R, Wireshark, Cryptography, Network Security",UI/UX Designer
ST0961,10th,General,16,Male,85.5,0.0,0.0,5,4,7,5,5,3,8,8,5,5,3,5,2,3,Analytical,"Risk Assessment, Market Research",Security,Logical,2,0,Yes,UI Design,"Communication, PowerBI, Market Research, Agile",Software Tester
ST0962,Pursuing_Diploma,Diploma_ECE,21,Female,94.48,93.23,0.0,5,8,3,6,4,6,9,8,3,1,2,1,1,4,Technical,"App Development, DevOps",Web,Logical,2,3,No,DBMS,"PyTorch, CSS",Web Developer
ST0963,Pursuing_12th,Arts,18,Female,98.98,0.0,0.0,5,4,4,6,5,7,7,5,5,2,5,4,1,3,Creative,"Content Creation, Frontend Design",Data,Analytical,0,1,No,Networking,"Figma, Photoshop, Docker",DevOps Engineer
ST0964,10th,General,15,Male,78.65,0.0,0.0,4,7,5,8,8,7,7,4,2,4,4,1,4,5,Management,"Product Owner, Team Lead",Web,Logical,0,4,Yes,DBMS,"Keras, Canva",Full Stack Developer
ST0965,BTech,BTech_IT,22,Male,80.62,52.35,65.71,8,5,4,6,6,6,10,6,5,1,4,4,4,3,Creative,"UI Design, Frontend Design",AI-ML,Creative,3,1,No,DBMS,"Python, TensorFlow, Ethical Hacking",Data Scientist
ST0966,BCA,BCA,25,Female,68.37,94.33,74.78,5,3,6,5,3,4,8,7,3,3,2,3,1,2,Creative,"Visual Prototyping, UI Design",Security,Analytical,2,1,No,Python,"Azure, Angular",Business Analyst
ST0967,Pursuing_Diploma,Diploma_IT,25,Male,55.09,45.0,0.0,7,6,9,3,8,9,9,5,3,5,4,5,5,4,Management,"Operations, Product Owner",Web,Creative,1,3,No,Math,"JavaScript, PowerBI",Database Administrator
ST0968,BCA,BCA,26,Female,75.04,78.72,61.85,8,6,7,3,9,4,4,6,3,3,1,1,5,1,Creative,"Content Creation, Visual Prototyping",Cloud,Creative,0,4,Yes,Web,"Math, Adobe XD, Keras",DevOps Engineer
ST0969,Pursuing_12th,Science,19,Female,82.0,0.0,0.0,3,4,6,7,3,3,10,9,4,5,5,2,1,4,Analytical,"Risk Assessment, Data Analysis",AI-ML,Analytical,1,3,No,Statistics,"Project Management, Photoshop, Illustrator, Canva",Database Administrator
ST0970,BTech,BTech_CSE,19,Female,59.51,61.45,64.03,3,8,4,7,5,5,9,5,3,4,5,5,4,5,Creative,"Content Creation, Frontend Design",Web,Leader,2,3,No,Python,"Project Management, R, Agile",Cloud Engineer
ST0971,Diploma,Diploma_IT,19,Female,70.79,79.54,0.0,6,7,4,7,3,3,9,7,2,1,5,4,2,2,Analytical,"Quality Assurance, Data Analysis",Web,Leader,2,2,Yes,Python,"CSS, WordPress",Cybersecurity Analyst
ST0972,12th,Arts,18,Male,75.95,72.08,0.0,4,4,5,7,6,6,7,3,4,5,1,5,3,1,Creative,"Frontend Design, Content Creation",Web,Analytical,0,2,Yes,Web,"Excel, Wireshark, SQL",Software Tester
ST0973,BTech,BTech_Civil,24,Female,69.94,62.38,69.66,5,7,7,7,3,7,8,9,4,3,4,4,5,5,Technical,"DevOps, App Development",Security,Analytical,1,1,No,Math,"HTML, PyTorch, Math",Database Administrator
ST0974,Pursuing_12th,Commerce,18,Female,69.17,0.0,0.0,8,6,3,6,5,4,4,4,4,5,2,4,4,5,Technical,"DevOps, App Development",Security,Creative,0,2,Yes,Statistics,"Market Research, Project Management, Kubernetes",Data Scientist
ST0975,10th,General,16,Female,82.28,0.0,0.0,4,6,8,7,7,7,5,10,3,2,3,4,1,1,Technical,"App Development, Software Engineering",AI-ML,Analytical,0,0,No,Python,"TensorFlow, Network Security",Software Tester
ST0976,Pursuing_12th,Science,19,Female,88.55,0.0,0.0,8,7,3,5,6,8,9,5,4,5,1,2,4,1,Creative,"Frontend Design, UI Design",Data,Analytical,0,2,No,UI Design,"Scikit-Learn, Tableau, PowerBI",Full Stack Developer
ST0977,Pursuing_BTech,BTech_Civil,24,Female,72.8,54.54,0.0,8,4,3,8,7,3,8,4,4,2,5,1,3,1,Analytical,"Data Analysis, Risk Assessment",AI-ML,Analytical,0,2,No,Python,"Terraform, AWS, Photoshop, Docker",Cybersecurity Analyst
ST0978,Graduate,BCom,20,Male,70.2,75.33,61.03,3,7,6,7,8,8,8,8,2,4,5,5,1,5,Management,"Team Lead, Product Owner",Data,Logical,1,1,No,Statistics,"Adobe XD, Wireshark, Cryptography",Database Administrator
ST0979,12th,Arts,18,Female,63.28,100.0,0.0,7,5,5,8,6,4,7,5,2,3,4,2,2,3,Technical,"Software Engineering, System Admin",AI-ML,Creative,2,5,Yes,DBMS,"WordPress, Python",Cybersecurity Analyst
ST0980,Pursuing_BTech,BTech_IT,20,Female,69.89,93.53,0.0,6,3,7,7,4,8,9,6,1,4,1,4,2,3,Management,"Operations, Product Owner",Cloud,Analytical,1,2,Yes,UI Design,"Wireshark, Ethical Hacking",Data Scientist
ST0981,Graduate,BBA,20,Other,84.99,62.98,66.9,6,8,4,5,5,6,8,6,5,5,2,2,4,2,Technical,"DevOps, App Development",Security,Creative,1,2,No,UI Design,"Tableau, Ethical Hacking, Network Security",Backend Developer
ST0982,Pursuing_Diploma,Diploma_IT,22,Female,92.2,65.32,0.0,6,5,5,4,5,7,10,7,4,1,2,5,2,3,Technical,"Software Engineering, App Development",Security,Leader,1,2,No,Web,"Market Research, PHP",Web Developer
ST0983,Pursuing_12th,Commerce,18,Male,80.88,0.0,0.0,7,3,10,4,7,8,5,3,1,2,2,4,4,3,Management,"Scrum Master, Team Lead",Data,Analytical,0,1,No,Python,"Excel, Tableau, Linux, PowerBI",UI/UX Designer
ST0984,Diploma,Diploma_CSE,19,Male,74.53,77.5,0.0,6,4,8,6,6,7,6,6,1,5,3,2,5,1,Creative,"UI Design, Visual Prototyping",Security,Leader,0,3,No,DBMS,"AWS, Linux, Cryptography, Ethical Hacking",Full Stack Developer
ST0985,Pursuing_Diploma,Diploma_Mech,23,Male,72.52,73.76,0.0,8,6,8,5,5,5,10,8,4,3,5,4,3,4,Technical,"Software Engineering, System Admin",Web,Logical,2,1,No,Statistics,"PyTorch, Math, Canva, Keras",Backend Developer
ST0986,Pursuing_BTech,BTech_ECE,20,Female,81.8,83.66,0.0,4,7,3,9,8,5,4,4,5,5,2,3,5,1,Analytical,"Data Analysis, Quality Assurance",AI-ML,Logical,2,3,No,Networking,"Figma, Angular, Illustrator",Backend Developer
ST0987,Graduate,BCom,19,Other,64.31,77.82,67.05,6,9,5,6,7,3,9,5,5,5,4,4,1,3,Technical,"Software Engineering, System Admin",AI-ML,Creative,0,0,No,Networking,"Figma, Docker, Illustrator, Canva",Web Developer
ST0988,Pursuing_Diploma,Diploma_Mech,22,Male,62.8,50.83,0.0,8,5,8,5,6,6,4,7,3,4,1,3,5,3,Management,"Team Lead, Product Owner",Cloud,Logical,2,1,No,Web,"PyTorch, Scikit-Learn",Business Analyst
ST0989,10th,General,15,Male,53.15,0.0,0.0,5,5,3,4,7,5,4,7,2,4,1,1,2,2,Analytical,"Quality Assurance, Risk Assessment",Cloud,Creative,0,3,No,Web,"Figma, Photoshop, React, Illustrator",Backend Developer
ST0990,Pursuing_Diploma,Diploma_ECE,26,Female,89.31,65.51,0.0,5,9,8,3,7,6,5,9,1,1,2,1,3,5,Technical,"System Admin, Software Engineering",Web,Analytical,1,4,Yes,UI Design,"Keras, Adobe XD, Canva",Full Stack Developer
ST0991,Pursuing_BTech,BTech_Civil,19,Female,69.76,69.64,0.0,7,3,8,6,7,7,10,8,4,2,2,1,4,4,Management,"Scrum Master, Product Owner",Data,Analytical,1,3,No,Statistics,"Python, Agile, Keras",Cybersecurity Analyst
ST0992,12th,Arts,19,Male,67.73,71.7,0.0,5,5,9,5,4,7,5,6,1,3,2,3,4,1,Management,"Product Owner, Team Lead",Cloud,Logical,0,1,No,DBMS,"JavaScript, WordPress, CSS, Pandas",ML Engineer
ST0993,Diploma,Diploma_Mech,23,Male,100.0,73.36,0.0,7,5,3,7,4,3,10,7,3,5,1,5,3,4,Technical,"DevOps, App Development",AI-ML,Analytical,0,1,No,Python,"HTML, JavaScript, CRM, Node.js",Software Tester
ST0994,BCA,BCA,25,Female,67.05,80.27,89.59,10,7,8,8,6,8,4,10,2,5,1,5,5,4,Analytical,"Market Research, Data Analysis",AI-ML,Leader,4,2,No,UI Design,"Market Research, Excel, Pandas",Data Scientist
ST0995,Pursuing_12th,Science,17,Male,87.55,0.0,0.0,6,3,5,8,7,8,9,3,3,2,1,4,3,4,Creative,"Content Creation, Visual Prototyping",Cloud,Analytical,2,2,Yes,UI Design,"Wireshark, Ethical Hacking",Full Stack Developer
ST0996,Diploma,Diploma_IT,23,Female,67.32,71.75,0.0,7,5,7,8,5,7,5,3,3,1,5,1,5,3,Management,"Operations, Product Owner",Web,Leader,0,0,No,DBMS,"Excel, Project Management",Database Administrator
ST0997,BCA,BCA,26,Female,84.82,77.81,66.63,5,6,3,4,4,3,7,4,2,4,4,1,1,5,Technical,"Software Engineering, System Admin",AI-ML,Creative,1,3,No,Math,"Terraform, Photoshop",ML Engineer
ST0998,10th,General,17,Other,83.16,0.0,0.0,6,4,6,4,7,7,10,5,5,5,5,1,2,1,Technical,"DevOps, Software Engineering",Data,Leader,2,3,No,Networking,"Terraform, Project Management, Azure, Kubernetes",Data Scientist
ST0999,Pursuing_12th,Science,17,Female,88.92,0.0,0.0,8,10,8,6,7,6,6,6,5,1,4,5,4,5,Technical,"System Admin, DevOps",Security,Creative,1,0,Yes,Statistics,"Excel, Docker",Full Stack Developer
ST1000,Graduate,BCom,22,Male,54.6,60.04,66.07,5,7,8,5,5,3,6,5,2,1,3,2,5,4,Analytical,"Risk Assessment, Quality Assurance",Security,Analytical,3,1,Yes,DBMS,"CSS, Angular, Node.js",Software Tester
ST1001,BCA,BCA,24,Female,63.14,61.31,71.43,3,4,6,9,8,5,6,5,1,4,1,5,1,3,Creative,"Visual Prototyping, UI Design",Data,Logical,0,3,No,Statistics,"CSS, Linux",DevOps Engineer
ST1002,Pursuing_BTech,BTech_Civil,25,Male,60.99,75.31,0.0,4,4,8,5,3,5,5,5,3,3,1,5,3,4,Management,"Product Owner, Team Lead",Security,Logical,2,2,No,Networking,"AWS, Adobe XD, Canva",Backend Developer
ST1003,Pursuing_Diploma,Diploma_Mech,24,Male,92.19,57.38,0.0,3,5,4,5,8,8,8,6,4,4,5,1,2,5,Analytical,"Market Research, Quality Assurance",Security,Leader,2,1,No,DBMS,"Scikit-Learn, Figma",Backend Developer
ST1004,10th,General,16,Female,98.09,0.0,0.0,8,5,8,5,9,3,8,4,5,1,3,2,4,4,Technical,"System Admin, Software Engineering",Data,Creative,0,2,No,Math,"Communication, Pandas",Full Stack Developer
ST1005,BCA,BCA,20,Male,83.82,71.96,78.91,3,4,3,5,5,4,9,3,4,3,2,2,2,5,Creative,"UI Design, Frontend Design",Web,Creative,1,1,No,DBMS,"Azure, Linux, Kubernetes",Full Stack Developer
ST1006,Pursuing_Diploma,Diploma_CSE,24,Male,77.23,78.63,0.0,4,4,3,8,6,4,9,3,4,4,1,4,4,2,Creative,"UI Design, Content Creation",Data,Analytical,0,1,No,UI Design,"Photoshop, Adobe XD, Canva",Business Analyst
ST1007,Graduate,BBA,19,Male,54.95,57.22,58.52,8,6,4,4,4,4,6,7,3,4,2,4,1,4,Analytical,"Market Research, Data Analysis",Data,Leader,2,2,No,Math,"Scikit-Learn, Excel, TensorFlow",Software Tester
ST1008,10th,General,16,Female,73.79,0.0,0.0,4,8,9,6,7,8,8,3,1,5,4,5,4,1,Management,"Product Owner, Scrum Master",Web,Logical,0,2,Yes,UI Design,"Python, Adobe XD",Business Analyst
ST1009,BCA,BCA,22,Male,72.69,62.91,51.76,7,3,8,8,4,3,9,9,3,4,5,5,2,3,Analytical,"Data Analysis, Market Research",AI-ML,Logical,1,3,No,Web,"Docker, Illustrator",Full Stack Developer
ST1010,Diploma,Diploma_ECE,26,Other,77.17,45.0,0.0,7,4,6,7,6,3,7,5,5,2,5,2,5,3,Creative,"UI Design, Frontend Design",Security,Analytical,0,1,No,Statistics,"AWS, Wireshark, Network Security",Business Analyst
ST1011,Pursuing_Diploma,Diploma_CSE,19,Male,91.23,57.31,0.0,4,8,7,4,7,6,9,10,1,1,4,5,3,3,Technical,"App Development, Software Engineering",Security,Analytical,0,1,Yes,Math,"HTML, AWS, Docker",Full Stack Developer
ST1012,BTech,BTech_CSE,22,Male,87.75,89.0,62.76,4,8,4,8,6,6,6,5,2,5,4,2,5,2,Analytical,"Risk Assessment, Market Research",AI-ML,Creative,2,3,No,Python,"Math, Python, TensorFlow, Cryptography",UI/UX Designer
ST1013,BTech,BTech_Civil,26,Female,97.09,83.61,81.51,7,7,3,3,7,5,4,7,2,5,2,3,4,5,Technical,"DevOps, Software Engineering",Cloud,Leader,1,1,No,Python,"Terraform, HTML",Web Developer
ST1014,BCA,BCA,19,Male,77.7,68.65,52.22,6,7,6,6,4,8,9,10,1,5,3,3,4,2,Technical,"App Development, System Admin",Data,Logical,1,1,No,Math,"JavaScript, Kubernetes",DevOps Engineer
ST1015,Pursuing_Diploma,Diploma_Mech,23,Male,83.32,86.92,0.0,6,8,7,5,6,5,10,8,5,2,4,3,5,4,Creative,"Frontend Design, UI Design",AI-ML,Analytical,1,1,No,UI Design,"JavaScript, Canva",Software Tester
ST1016,Graduate,BCA,26,Male,93.75,80.37,67.14,5,3,8,4,8,7,10,5,4,2,5,4,2,4,Creative,"UI Design, Content Creation",AI-ML,Analytical,1,1,No,UI Design,"Figma, Project Management, Agile",UI/UX Designer
ST1017,10th,General,17,Male,65.25,0.0,0.0,8,7,3,7,3,4,9,7,3,2,3,4,3,1,Technical,"System Admin, DevOps",Security,Logical,1,0,No,Statistics,"Market Research, Statistics",DevOps Engineer
ST1018,Pursuing_Diploma,Diploma_ECE,26,Other,77.09,67.7,0.0,5,9,4,6,8,7,8,5,4,5,3,5,4,4,Technical,"System Admin, App Development",Web,Analytical,2,3,Yes,Python,"Agile, Cryptography, Ethical Hacking",Database Administrator
ST1019,Pursuing_Diploma,Diploma_Mech,25,Female,80.43,74.71,0.0,4,8,4,4,7,7,4,7,4,5,1,5,5,5,Creative,"Frontend Design, Visual Prototyping",AI-ML,Logical,0,3,No,Statistics,"PyTorch, Math, Canva",Full Stack Developer
ST1020,Diploma,Diploma_ECE,19,Female,87.33,69.8,0.0,5,6,6,3,6,7,7,8,2,5,5,2,4,1,Technical,"Software Engineering, App Development",Web,Leader,2,1,No,Python,"Terraform, Scikit-Learn, Linux, Docker",Cloud Engineer
ST1021,Pursuing_12th,Science,19,Male,70.48,0.0,0.0,8,3,7,4,6,4,9,6,4,5,1,3,5,2,Analytical,"Risk Assessment, Market Research",Web,Leader,1,4,Yes,UI Design,"Kubernetes, Keras",Software Tester
ST1022,BTech,BTech_CSE,21,Female,89.69,77.0,79.33,7,6,4,3,9,5,7,5,2,3,1,1,4,1,Technical,"App Development, Software Engineering",AI-ML,Creative,1,2,No,Python,"PyTorch, Project Management",ML Engineer
ST1023,BCA,BCA,21,Female,97.49,65.0,68.47,7,3,7,4,9,8,10,7,4,1,1,1,4,4,Creative,"Visual Prototyping, Content Creation",Security,Creative,1,3,No,UI Design,"Linux, Docker, Photoshop",ML Engineer
ST1024,Pursuing_12th,Science,17,Female,88.54,0.0,0.0,5,5,3,6,7,7,6,7,5,1,3,4,3,2,Technical,"System Admin, Software Engineering",Cloud,Leader,1,1,No,DBMS,"R, PowerBI, Statistics",Business Analyst
ST1025,Pursuing_BTech,BTech_CSE,25,Male,72.58,62.75,0.0,5,5,7,6,8,7,4,5,2,3,2,5,2,2,Creative,"Frontend Design, Content Creation",Web,Analytical,0,1,Yes,Networking,"CSS, Wireshark",DevOps Engineer
ST1026,Graduate,BTech_IT,20,Male,82.7,67.67,51.45,6,5,3,4,7,3,10,6,4,3,2,3,2,5,Analytical,"Risk Assessment, Market Research",AI-ML,Creative,6,3,No,Networking,"CSS, WordPress, Angular, Agile",ML Engineer
ST1027,12th,Commerce,17,Male,64.03,58.84,0.0,6,6,3,7,8,4,4,3,1,2,3,3,2,5,Creative,"Content Creation, Visual Prototyping",Cloud,Logical,1,0,No,DBMS,"AWS, R",Software Tester
ST1028,Pursuing_12th,Arts,18,Female,79.96,0.0,0.0,7,10,7,7,8,6,6,8,1,5,1,5,2,5,Technical,"App Development, System Admin",AI-ML,Creative,1,1,No,Statistics,"Figma, Python, PowerBI",Full Stack Developer
ST1029,Graduate,BSc_CS,23,Female,67.27,82.51,77.96,7,4,4,5,5,6,6,6,1,3,3,2,5,5,Creative,"Content Creation, UI Design",AI-ML,Analytical,0,0,No,Web,"Terraform, Azure",Backend Developer
ST1030,10th,General,17,Male,83.54,0.0,0.0,4,4,6,3,8,8,10,3,3,1,5,4,3,1,Management,"Team Lead, Product Owner",AI-ML,Analytical,1,4,Yes,Python,"PyTorch, PowerBI, Keras",Business Analyst
ST1031,Pursuing_Diploma,Diploma_ECE,26,Female,63.82,81.02,0.0,4,4,6,7,3,6,7,7,4,5,3,3,1,4,Creative,"UI Design, Frontend Design",AI-ML,Leader,2,2,Yes,UI Design,"PyTorch, Math, Network Security, Keras",Software Tester
ST1032,Pursuing_12th,Science,19,Male,99.96,0.0,0.0,4,6,3,4,6,8,6,5,1,4,4,3,1,5,Creative,"Content Creation, Frontend Design",Web,Leader,1,1,Yes,Math,"Azure, Linux, Network Security",Database Administrator
ST1033,Pursuing_12th,Commerce,18,Female,82.82,0.0,0.0,8,3,4,6,7,5,4,5,3,4,1,2,2,5,Management,"Team Lead, Operations",Security,Logical,2,1,No,Statistics,"Communication, Project Management, Linux, Agile",Data Scientist
ST1034,Graduate,BTech_IT,23,Female,84.03,81.55,66.93,7,6,4,10,7,7,6,7,4,3,2,5,1,3,Creative,"Frontend Design, Visual Prototyping",Security,Logical,0,0,No,UI Design,"R, Statistics",Backend Developer
ST1035,BTech,BTech_ECE,19,Male,63.01,46.89,70.15,7,6,4,8,5,3,10,7,1,3,4,3,4,1,Creative,"Frontend Design, Content Creation",AI-ML,Leader,3,0,No,Statistics,"Figma, Adobe XD, Illustrator",Web Developer
ST1036,BTech,BTech_Civil,25,Female,73.69,79.38,65.03,7,3,8,7,8,8,10,5,4,2,1,5,5,5,Creative,"Content Creation, Visual Prototyping",Security,Logical,0,1,No,Web,"Communication, Project Management, CRM, React",Cybersecurity Analyst
ST1037,BCA,BCA,23,Female,74.0,95.73,59.46,5,7,3,6,5,4,4,6,5,4,2,1,2,1,Technical,"System Admin, Software Engineering",Security,Logical,2,2,No,Math,"Cryptography, React",Database Administrator
ST1038,Graduate,BTech_IT,24,Other,83.81,71.58,75.76,8,6,6,6,6,4,4,6,2,2,1,4,3,1,Technical,"App Development, DevOps",AI-ML,Analytical,1,0,No,UI Design,"Adobe XD, Cryptography",Web Developer
ST1039,10th,General,16,Female,65.21,0.0,0.0,6,5,7,8,8,5,4,7,4,3,1,4,5,5,Management,"Team Lead, Operations",Web,Analytical,4,0,Yes,Math,"Figma, Canva, Wireshark, Illustrator",Full Stack Developer
ST1040,Pursuing_BTech,BTech_ECE,20,Male,94.62,92.32,0.0,4,8,4,9,3,5,9,6,2,2,3,4,2,3,Technical,"Software Engineering, App Development",Data,Logical,0,3,No,Networking,"PyTorch, Python, Photoshop",Web Developer
ST1041,Graduate,BTech_IT,22,Female,86.73,79.29,73.82,6,4,4,6,3,3,8,6,5,2,5,3,5,2,Analytical,"Data Analysis, Market Research",Cloud,Leader,0,2,No,Statistics,"Scikit-Learn, Project Management",Cybersecurity Analyst
ST1042,Graduate,BSc_CS,20,Male,81.13,45.0,52.02,9,5,6,4,9,8,8,10,4,4,2,4,3,1,Analytical,"Market Research, Data Analysis",Web,Creative,3,2,No,DBMS,"HTML, CSS, Figma",ML Engineer
ST1043,Pursuing_BTech,BTech_ECE,20,Female,90.69,79.44,0.0,3,6,4,6,6,3,10,7,5,2,3,3,3,4,Technical,"App Development, DevOps",Cloud,Analytical,1,3,No,Networking,"Terraform, Market Research, Project Management",Business Analyst
ST1044,BCA,BCA,26,Male,90.8,90.91,82.53,4,6,8,3,6,8,7,9,5,3,1,5,5,5,Analytical,"Quality Assurance, Market Research",Cloud,Leader,0,3,No,Math,"JavaScript, PyTorch, Math, TensorFlow",Backend Developer
ST1045,Pursuing_Diploma,Diploma_Mech,23,Male,72.43,86.56,0.0,7,8,8,6,8,4,8,10,3,2,3,5,4,4,Technical,"Software Engineering, App Development",Data,Logical,0,1,No,Python,"Keras, WordPress, React",Full Stack Developer
ST1046,Pursuing_Diploma,Diploma_CSE,24,Male,72.01,90.97,0.0,7,6,5,4,7,5,4,10,2,2,4,2,3,4,Analytical,"Quality Assurance, Data Analysis",Security,Analytical,1,2,No,Statistics,"Scikit-Learn, Math, Python, Keras",Web Developer
ST1047,10th,General,16,Female,81.18,0.0,0.0,10,5,7,6,6,4,10,3,4,3,5,2,2,2,Creative,"Content Creation, UI Design",Data,Analytical,0,1,Yes,Python,"Figma, Linux, Adobe XD, Illustrator",ML Engineer
ST1048,Pursuing_BTech,BTech_Civil,19,Female,91.95,80.94,0.0,8,8,5,5,4,5,9,8,2,1,5,2,5,1,Creative,"Frontend Design, Visual Prototyping",AI-ML,Analytical,2,1,No,Web,"Figma, Market Research, Canva",Software Tester
ST1049,Diploma,Diploma_CSE,26,Female,72.33,62.27,0.0,6,4,4,7,5,3,5,4,1,5,2,2,3,2,Analytical,"Market Research, Risk Assessment",Web,Creative,1,1,No,Networking,"Market Research, TensorFlow, Communication, Agile",Database Administrator
ST1050,Pursuing_Diploma,Diploma_ECE,20,Male,100.0,99.47,0.0,4,7,7,4,5,8,8,3,1,5,5,3,4,2,Creative,"Visual Prototyping, Content Creation",AI-ML,Analytical,1,1,No,Networking,"CRM, Wireshark, Agile",Web Developer
ST1051,Graduate,BCA,24,Female,68.39,70.41,71.38,5,6,4,6,4,5,10,7,2,2,3,3,5,1,Analytical,"Data Analysis, Risk Assessment",Security,Analytical,0,1,No,Networking,"Tableau, Python, PowerBI, Wireshark",Web Developer
ST1052,Diploma,Diploma_IT,26,Other,76.79,55.9,0.0,7,7,6,5,8,6,10,5,4,1,4,2,4,1,Analytical,"Quality Assurance, Market Research",Data,Creative,0,2,No,Networking,"PyTorch, Math, Python",Database Administrator
ST1053,10th,General,15,Female,84.32,0.0,0.0,4,8,5,5,4,6,8,5,5,1,2,5,3,3,Analytical,"Risk Assessment, Data Analysis",AI-ML,Analytical,0,2,No,UI Design,"Scikit-Learn, Tableau, Python, Keras",Cloud Engineer
ST1054,10th,General,15,Other,74.94,0.0,0.0,7,4,7,8,6,4,10,9,3,3,4,2,3,4,Analytical,"Quality Assurance, Data Analysis",Data,Logical,1,3,No,Python,"Market Research, Math, CRM",DevOps Engineer
ST1055,Diploma,Diploma_Mech,25,Male,87.65,100.0,0.0,4,9,8,7,7,7,5,7,1,3,5,4,4,2,Technical,"App Development, DevOps",Security,Leader,0,2,No,Web,"Scikit-Learn, CSS, Python, Keras",UI/UX Designer
ST1056,10th,General,16,Male,85.84,0.0,0.0,4,8,8,5,6,10,7,4,2,2,4,2,5,5,Management,"Team Lead, Operations",Cloud,Creative,1,0,No,Python,"PowerBI, HTML, CSS, Angular",Business Analyst
ST1057,12th,Commerce,18,Female,94.99,86.63,0.0,4,4,3,6,7,3,7,4,1,2,2,3,2,4,Technical,"Software Engineering, System Admin",Web,Leader,2,2,No,Math,"Terraform, Azure, R",Full Stack Developer
ST1058,BTech,BTech_ECE,24,Male,71.04,61.01,78.27,6,3,5,8,5,3,9,7,3,5,4,5,3,1,Creative,"Frontend Design, Content Creation",AI-ML,Logical,2,3,No,Python,"Terraform, Linux, Docker, Keras",Data Scientist
ST1059,BTech,BTech_Civil,22,Female,72.69,70.52,52.94,4,10,6,7,5,4,5,4,5,1,1,2,1,4,Technical,"System Admin, DevOps",Data,Creative,3,3,No,Web,"AWS, Tableau, Linux",Cloud Engineer
ST1060,12th,Commerce,17,Male,66.62,62.18,0.0,6,7,4,8,5,3,4,7,4,1,3,3,1,4,Technical,"System Admin, DevOps",Cloud,Logical,2,2,No,Math,"PyTorch, AWS",Business Analyst
ST1061,BCA,BCA,26,Male,84.82,68.96,63.75,6,8,6,10,6,4,6,6,5,5,2,5,1,4,Technical,"App Development, Software Engineering",Web,Logical,0,2,No,Web,"AWS, CRM",Software Tester
ST1062,Pursuing_12th,Commerce,19,Female,96.95,0.0,0.0,5,6,5,4,5,4,9,8,5,3,4,4,1,3,Analytical,"Quality Assurance, Data Analysis",Web,Logical,2,0,No,UI Design,"Communication, Kubernetes",ML Engineer
ST1063,BTech,BTech_Civil,25,Female,63.58,73.24,58.35,4,8,7,8,5,9,8,5,2,5,3,3,5,3,Management,"Operations, Scrum Master",Security,Leader,0,2,No,Math,"PyTorch, TensorFlow, Ethical Hacking",UI/UX Designer
ST1064,BCA,BCA,22,Male,75.61,59.2,74.06,4,5,3,8,4,5,7,6,1,4,1,3,1,2,Creative,"Content Creation, Frontend Design",Cloud,Leader,1,1,No,Statistics,"Azure, Canva",Business Analyst
ST1065,12th,Science,19,Male,73.7,73.27,0.0,7,6,8,3,8,6,6,7,4,5,1,2,2,2,Creative,"UI Design, Content Creation",AI-ML,Leader,1,2,No,DBMS,"Docker, React",DevOps Engineer
ST1066,12th,Science,17,Male,72.01,87.22,0.0,6,8,3,4,6,3,9,6,5,3,3,2,4,4,Technical,"Software Engineering, System Admin",AI-ML,Creative,0,4,Yes,Web,"Linux, Network Security",UI/UX Designer
ST1067,10th,General,16,Male,63.9,0.0,0.0,6,9,5,7,3,7,9,6,3,5,2,2,1,3,Technical,"Software Engineering, App Development",Cloud,Analytical,1,1,No,Networking,"Scikit-Learn, Pandas, Python, Keras",Web Developer
ST1068,Graduate,BBA,23,Male,83.36,53.04,56.58,4,6,3,9,8,6,8,6,3,1,4,2,1,1,Analytical,"Data Analysis, Risk Assessment",Data,Logical,0,2,No,DBMS,"Project Management, CRM, Photoshop, Agile",DevOps Engineer
ST1069,Diploma,Diploma_CSE,25,Male,66.54,83.34,0.0,5,7,8,5,6,7,7,6,4,1,3,1,5,2,Analytical,"Quality Assurance, Data Analysis",Cloud,Logical,1,2,No,Python,"Market Research, CRM, SQL, Agile",Backend Developer
ST1070,Pursuing_Diploma,Diploma_Mech,22,Female,84.97,64.45,0.0,8,8,3,4,8,8,8,9,1,1,2,5,3,3,Technical,"System Admin, Software Engineering",AI-ML,Analytical,2,1,Yes,Math,"CSS, PHP, Angular, Adobe XD",Data Scientist
ST1071,BTech,BTech_IT,19,Male,78.15,84.44,66.66,8,6,9,6,3,4,6,8,2,4,2,5,2,2,Management,"Scrum Master, Operations",Data,Logical,0,1,No,Python,"Communication, Scikit-Learn, Agile",Full Stack Developer
ST1072,BCA,BCA,26,Other,70.74,90.53,92.7,3,6,7,6,8,8,5,3,1,3,1,1,2,1,Creative,"Frontend Design, Visual Prototyping",Web,Logical,0,1,No,Math,"Adobe XD, Canva",Backend Developer
ST1073,BTech,BTech_ECE,22,Other,66.96,78.14,62.9,7,5,8,5,7,3,5,3,2,5,3,5,1,4,Creative,"Content Creation, Visual Prototyping",Cloud,Analytical,2,2,No,DBMS,"Tableau, Python",ML Engineer
ST1074,Graduate,BBA,19,Male,61.32,75.0,56.12,3,4,9,4,6,4,4,3,1,3,3,1,5,2,Management,"Operations, Scrum Master",Security,Creative,0,1,No,Networking,"PyTorch, CRM",DevOps Engineer
ST1075,Graduate,BCA,23,Female,90.36,84.79,74.34,4,9,6,6,7,5,6,8,2,2,4,5,5,5,Technical,"App Development, Software Engineering",Data,Leader,2,4,Yes,DBMS,"Scikit-Learn, Math, Pandas, Python",Database Administrator
ST1076,Pursuing_12th,Commerce,17,Female,76.04,0.0,0.0,3,7,8,9,3,3,7,6,2,5,3,1,2,5,Creative,"Content Creation, Visual Prototyping",Web,Logical,2,1,No,UI Design,"Figma, Linux, Illustrator, Canva",Web Developer
ST1077,Graduate,BCom,19,Male,64.76,80.65,59.53,6,6,4,6,5,6,8,3,1,5,4,5,1,3,Creative,"Frontend Design, UI Design",Security,Logical,2,4,Yes,Python,"Terraform, Azure",DevOps Engineer
ST1078,12th,Science,18,Other,76.41,49.99,0.0,4,8,8,4,9,9,8,4,4,5,5,1,4,1,Management,"Product Owner, Team Lead",Data,Creative,1,1,No,Python,"Market Research, Math, Python",Backend Developer
ST1079,Pursuing_Diploma,Diploma_IT,26,Male,77.75,68.48,0.0,3,3,3,3,6,5,10,4,2,1,4,1,2,1,Creative,"Content Creation, UI Design",Data,Creative,1,1,No,Networking,"CRM, Excel, Pandas, Python",Database Administrator
ST1080,BCA,BCA,20,Other,52.75,66.02,57.39,6,9,7,8,5,7,6,9,2,1,2,1,3,2,Technical,"Software Engineering, System Admin",Cloud,Leader,0,2,No,DBMS,"Excel, Pandas, Python",Software Tester
ST1081,BCA,BCA,23,Female,93.29,45.0,83.69,7,6,7,5,3,10,6,4,3,3,5,2,1,5,Management,"Team Lead, Product Owner",Cloud,Logical,0,2,No,Math,"CSS, PHP, TensorFlow, React",Cybersecurity Analyst
ST1082,12th,Arts,19,Female,69.87,80.93,0.0,5,3,8,4,7,7,10,5,1,4,1,2,2,1,Creative,"Visual Prototyping, UI Design",Security,Leader,1,4,Yes,Networking,"Figma, WordPress",Data Scientist
ST1083,Pursuing_12th,Commerce,18,Male,73.82,0.0,0.0,6,8,6,6,3,10,10,8,2,4,1,5,3,1,Management,"Team Lead, Product Owner",Cloud,Analytical,1,3,No,Web,"Scikit-Learn, Math, Canva, PyTorch",Software Tester
ST1084,Pursuing_BTech,BTech_Civil,26,Male,67.15,80.53,0.0,8,8,6,5,4,3,10,7,3,3,1,3,3,1,Analytical,"Data Analysis, Market Research",Data,Logical,0,3,No,Web,"Market Research, Photoshop, Canva",ML Engineer
ST1085,Pursuing_BTech,BTech_IT,19,Female,71.19,64.51,0.0,6,8,5,4,7,5,7,8,3,5,2,5,4,3,Analytical,"Market Research, Quality Assurance",Web,Logical,1,3,Yes,Python,"Kubernetes, Cryptography, Network Security",Business Analyst
ST1086,BCA,BCA,22,Female,84.06,85.47,83.74,8,3,7,5,7,5,5,5,4,4,4,2,2,2,Creative,"Content Creation, Frontend Design",Web,Creative,0,1,No,Web,"Scikit-Learn, Linux, PyTorch, Keras",Software Tester
ST1087,12th,Science,17,Male,84.98,63.07,0.0,7,6,7,7,4,3,4,9,5,5,5,3,1,4,Technical,"DevOps, Software Engineering",Security,Leader,1,1,Yes,Statistics,"AWS, Illustrator",DevOps Engineer
ST1088,Pursuing_Diploma,Diploma_Mech,24,Male,79.34,78.27,0.0,8,7,5,5,4,6,6,3,4,1,5,5,5,2,Creative,"Content Creation, Frontend Design",AI-ML,Creative,2,2,No,Statistics,"Communication, Project Management, Ethical Hacking",Full Stack Developer
ST1089,BCA,BCA,26,Female,68.57,87.07,72.79,6,7,7,7,6,9,5,7,2,3,3,5,3,3,Management,"Scrum Master, Operations",Web,Creative,2,1,No,DBMS,"PyTorch, Linux, Docker",DevOps Engineer
ST1090,Diploma,Diploma_CSE,21,Female,74.8,81.15,0.0,6,5,7,3,8,7,8,7,2,4,3,4,5,2,Analytical,"Data Analysis, Risk Assessment",Data,Leader,2,0,No,Python,"CSS, Linux, Cryptography, Ethical Hacking",Web Developer
ST1091,10th,General,17,Male,97.76,0.0,0.0,4,8,10,10,6,8,10,4,5,4,3,4,3,5,Management,"Scrum Master, Product Owner",Cloud,Logical,1,2,No,Networking,"Python, Linux",Web Developer
ST1092,Diploma,Diploma_Mech,26,Male,77.22,57.78,0.0,8,5,3,7,4,8,8,5,3,1,1,2,4,2,Creative,"Visual Prototyping, Content Creation",Data,Analytical,4,2,No,DBMS,"Scikit-Learn, CRM, TensorFlow",Web Developer
ST1093,10th,General,17,Other,75.27,0.0,0.0,4,10,4,3,7,4,7,8,1,2,5,4,4,2,Technical,"App Development, DevOps",Data,Analytical,0,2,Yes,DBMS,"Angular, Adobe XD, Canva",Software Tester
ST1094,Pursuing_12th,Commerce,17,Male,75.22,0.0,0.0,8,8,4,6,6,4,6,8,4,4,4,4,2,3,Creative,"Content Creation, UI Design",Web,Analytical,1,2,No,Networking,"Terraform, Linux, Kubernetes, Illustrator",Database Administrator
ST1095,Diploma,Diploma_IT,25,Male,84.59,87.54,0.0,3,6,3,4,7,4,6,10,3,2,2,3,3,3,Technical,"DevOps, Software Engineering",Data,Leader,4,0,No,DBMS,"PHP, Angular, Keras",Web Developer
ST1096,10th,General,16,Male,80.29,0.0,0.0,7,5,8,7,8,8,4,8,5,2,1,4,1,1,Management,"Operations, Product Owner",Security,Creative,2,2,Yes,UI Design,"Terraform, Linux",UI/UX Designer
ST1097,Diploma,Diploma_CSE,22,Male,77.49,67.63,0.0,6,5,6,3,4,6,8,3,5,3,2,4,2,3,Management,"Team Lead, Operations",AI-ML,Leader,2,1,No,UI Design,"Scikit-Learn, Python, Ethical Hacking",Database Administrator
ST1098,Pursuing_BTech,BTech_Civil,19,Male,71.91,55.05,0.0,4,5,3,7,8,6,10,8,1,2,2,5,5,3,Analytical,"Market Research, Quality Assurance",AI-ML,Leader,1,1,No,Python,"Project Management, TensorFlow",ML Engineer
ST1099,BTech,BTech_ECE,25,Male,69.47,82.26,76.75,3,6,5,6,5,8,7,7,5,4,1,3,5,2,Technical,"App Development, System Admin",AI-ML,Creative,0,2,No,UI Design,"JavaScript, Network Security",Backend Developer
ST1100,10th,General,15,Female,80.64,0.0,0.0,6,6,5,4,4,7,10,6,3,5,4,5,2,4,Technical,"App Development, System Admin",Security,Creative,5,2,No,Math,"Scikit-Learn, Project Management",Database Administrator
ST1101,BTech,BTech_IT,21,Female,75.1,90.11,81.01,7,7,10,5,7,6,7,3,5,3,4,4,1,5,Management,"Operations, Team Lead",AI-ML,Analytical,1,1,Yes,UI Design,"CSS, Linux, Wireshark",Database Administrator
ST1102,BTech,BTech_ECE,20,Female,70.62,79.26,56.14,8,6,8,5,4,6,9,6,5,1,1,5,4,3,Creative,"Visual Prototyping, Frontend Design",Cloud,Logical,0,2,No,UI Design,"Adobe XD, Canva",Business Analyst
ST1103,Diploma,Diploma_Mech,19,Male,70.66,75.22,0.0,6,4,4,8,9,6,7,5,3,3,3,3,2,3,Analytical,"Data Analysis, Risk Assessment",Data,Creative,2,4,Yes,Networking,"Scikit-Learn, Project Management",UI/UX Designer
ST1104,Graduate,BBA,20,Male,78.96,66.33,89.6,8,6,5,8,9,5,10,8,1,4,5,5,2,3,Analytical,"Risk Assessment, Data Analysis",Data,Creative,0,2,Yes,DBMS,"Market Research, Project Management, R",Data Scientist
ST1105,BCA,BCA,26,Male,87.92,68.45,59.87,4,6,6,8,4,4,7,6,5,1,5,2,3,1,Analytical,"Market Research, Data Analysis",Security,Analytical,1,2,Yes,Statistics,"Scikit-Learn, Illustrator",ML Engineer
ST1106,Diploma,Diploma_CSE,21,Male,64.28,48.79,0.0,3,8,6,7,8,7,4,10,5,2,3,3,2,4,Technical,"DevOps, System Admin",Security,Analytical,0,0,Yes,Web,"Math, Tableau, Python, Statistics",Full Stack Developer
ST1107,BCA,BCA,21,Male,87.23,66.87,68.19,4,5,8,8,5,4,4,6,4,5,4,4,4,3,Analytical,"Data Analysis, Risk Assessment",Security,Leader,1,1,No,Networking,"Pandas, Illustrator, Statistics, SQL",UI/UX Designer
ST1108,Diploma,Diploma_CSE,26,Female,68.27,69.39,0.0,3,3,6,7,8,7,6,7,1,4,1,1,3,2,Creative,"Visual Prototyping, UI Design",Cloud,Analytical,1,1,Yes,Statistics,"Project Management, R",Backend Developer
ST1109,10th,General,16,Female,82.98,0.0,0.0,8,8,7,7,7,6,8,9,2,2,3,5,5,3,Analytical,"Risk Assessment, Data Analysis",AI-ML,Logical,0,4,Yes,Web,"Tableau, Pandas, Python, Angular",Data Scientist
ST1110,Pursuing_BTech,BTech_ECE,21,Other,50.0,84.81,0.0,5,7,7,7,7,7,4,4,1,4,3,5,5,1,Creative,"Frontend Design, Content Creation",Cloud,Logical,2,1,No,Web,"Excel, Linux, Ethical Hacking",DevOps Engineer
ST1111,10th,General,16,Male,76.31,0.0,0.0,8,6,6,9,7,7,10,6,1,2,1,4,4,1,Technical,"App Development, Software Engineering",AI-ML,Logical,0,1,No,Web,"Math, Linux, Wireshark, Ethical Hacking",Data Scientist
ST1112,BCA,BCA,19,Female,73.81,65.16,70.37,4,8,9,8,4,6,10,4,5,2,4,2,5,4,Management,"Product Owner, Team Lead",Web,Logical,1,2,No,UI Design,"CRM, Linux, Wireshark, Ethical Hacking",Backend Developer
ST1113,Diploma,Diploma_CSE,21,Female,70.57,70.17,0.0,8,4,6,3,7,9,5,6,5,5,1,2,3,2,Management,"Operations, Team Lead",Cloud,Creative,1,3,No,Math,"AWS, Docker, Kubernetes, Canva",Web Developer
ST1114,Pursuing_Diploma,Diploma_IT,19,Male,88.26,87.06,0.0,6,5,7,6,6,6,4,8,5,5,2,2,1,5,Analytical,"Market Research, Quality Assurance",Security,Leader,0,3,No,UI Design,"PyTorch, CRM",Cloud Engineer
ST1115,10th,General,16,Male,67.41,0.0,0.0,7,5,4,5,7,8,4,3,3,5,2,1,4,2,Creative,"Content Creation, UI Design",Cloud,Creative,0,3,No,Networking,"Excel, R, PowerBI, TensorFlow",Backend Developer
ST1116,Graduate,BCA,22,Female,73.47,98.35,74.46,7,4,3,7,7,5,4,9,4,4,4,5,5,2,Technical,"Software Engineering, App Development",Cloud,Creative,0,3,No,Web,"Market Research, CRM, Keras",Cybersecurity Analyst
ST1117,BCA,BCA,19,Male,62.07,67.09,72.93,7,5,3,4,5,5,4,7,2,5,2,3,1,5,Creative,"UI Design, Content Creation",Data,Leader,1,4,Yes,Python,"PowerBI, React",Cloud Engineer
ST1118,10th,General,16,Male,72.46,0.0,0.0,3,9,3,7,8,7,7,7,3,2,1,4,5,1,Technical,"System Admin, App Development",Security,Creative,2,1,Yes,Networking,"Excel, R, Cryptography, SQL",Business Analyst
ST1119,Pursuing_12th,Arts,17,Male,79.7,0.0,0.0,3,5,4,6,9,4,5,3,1,5,5,1,3,5,Creative,"Visual Prototyping, Content Creation",Cloud,Creative,1,0,No,Python,"Figma, Photoshop, Linux, Illustrator",UI/UX Designer
ST1120,BCA,BCA,20,Female,75.94,66.37,89.97,8,4,8,3,3,5,6,3,5,5,4,1,2,1,Creative,"Content Creation, Visual Prototyping",Security,Analytical,2,1,No,Statistics,Network Security,UI/UX Designer
ST1121,BCA,BCA,20,Male,76.08,95.66,75.91,7,9,5,3,4,6,4,10,4,4,3,3,4,2,Technical,"DevOps, App Development",Data,Analytical,2,1,No,Statistics,"JavaScript, Linux, Angular",Database Administrator
ST1122,BCA,BCA,25,Female,78.54,51.13,72.83,6,7,5,6,7,3,8,7,2,1,1,3,5,4,Analytical,"Data Analysis, Market Research",Security,Analytical,1,3,No,Math,"HTML, JavaScript, WordPress, Scikit-Learn",ML Engineer
ST1123,Pursuing_12th,Commerce,19,Female,84.23,0.0,0.0,8,6,5,3,8,10,4,6,4,4,1,5,5,5,Management,"Team Lead, Product Owner",AI-ML,Creative,0,3,No,Python,"CSS, Linux, Angular, Node.js",DevOps Engineer
ST1124,Pursuing_12th,Arts,17,Other,65.31,0.0,0.0,4,8,5,7,6,7,8,4,5,1,4,4,3,3,Technical,"Software Engineering, DevOps",Data,Logical,0,2,No,DBMS,"Excel, Cryptography, Ethical Hacking",Cybersecurity Analyst
ST1125,BTech,BTech_ECE,24,Female,68.45,66.79,80.21,10,7,5,9,5,9,8,5,2,2,1,3,5,2,Management,"Operations, Product Owner",Security,Logical,1,1,No,UI Design,"Figma, CRM, Agile",Data Scientist
ST1126,BCA,BCA,25,Male,79.36,82.88,81.3,3,8,3,3,9,4,8,8,1,3,5,1,2,3,Creative,"UI Design, Content Creation",Web,Creative,2,2,No,Math,"Adobe XD, Keras",Cloud Engineer
ST1127,BCA,BCA,20,Female,81.25,87.12,68.6,4,3,8,9,4,4,7,8,1,2,5,1,5,3,Analytical,"Market Research, Risk Assessment",Security,Logical,3,1,Yes,Networking,"Terraform, Communication",Web Developer
ST1128,10th,General,17,Female,82.54,0.0,0.0,6,7,3,5,5,8,4,8,1,2,1,4,4,5,Creative,"Content Creation, Frontend Design",AI-ML,Leader,0,1,No,DBMS,"PyTorch, Math, Python, Ethical Hacking",Cloud Engineer
ST1129,Graduate,BTech_IT,26,Female,73.86,98.92,77.5,6,7,5,6,4,4,8,7,1,2,3,5,5,3,Creative,"Frontend Design, Visual Prototyping",Cloud,Logical,2,2,No,Math,"Figma, JavaScript, WordPress, PHP",Cybersecurity Analyst
ST1130,BTech,BTech_IT,23,Male,87.64,60.1,69.1,7,8,8,3,9,3,10,9,5,5,1,5,4,4,Technical,"System Admin, App Development",Web,Creative,1,0,No,Statistics,"HTML, WordPress, Network Security, React",ML Engineer
ST1131,Pursuing_BTech,BTech_ECE,20,Male,81.83,77.56,0.0,8,7,8,5,6,9,9,8,1,4,2,3,1,5,Management,"Operations, Team Lead",Data,Creative,0,1,No,UI Design,"Terraform, Azure, Linux, Ethical Hacking",Full Stack Developer
ST1132,BTech,BTech_ECE,19,Male,80.56,88.05,74.76,6,4,8,3,6,6,8,8,4,2,1,2,4,1,Management,"Scrum Master, Product Owner",Web,Analytical,0,1,No,UI Design,"Terraform, TensorFlow, Kubernetes",Web Developer
ST1133,Pursuing_12th,Commerce,18,Female,79.27,0.0,0.0,6,8,3,4,3,8,4,5,1,2,1,4,3,4,Technical,"Software Engineering, DevOps",Security,Analytical,0,4,Yes,DBMS,"CSS, Illustrator, Node.js, React",Backend Developer
ST1134,Diploma,Diploma_Mech,20,Female,82.06,54.5,0.0,5,5,7,5,4,5,4,8,2,1,1,5,3,4,Technical,"DevOps, System Admin",AI-ML,Leader,1,0,No,Python,"CSS, SQL",Backend Developer
ST1135,Pursuing_12th,Science,19,Male,80.12,0.0,0.0,7,6,7,4,3,6,7,5,2,2,1,5,1,2,Technical,"DevOps, App Development",Cloud,Logical,1,0,No,DBMS,"CSS, Tableau",Web Developer
ST1136,Diploma,Diploma_ECE,19,Female,75.76,81.06,0.0,7,4,8,4,5,7,9,3,5,1,1,5,1,5,Creative,"UI Design, Visual Prototyping",Web,Leader,2,5,Yes,Web,"Azure, Kubernetes, Keras",ML Engineer
ST1137,Pursuing_BTech,BTech_CSE,21,Female,70.26,70.63,0.0,10,8,3,7,7,5,7,4,4,3,5,3,2,1,Technical,"Software Engineering, System Admin",Cloud,Leader,1,1,Yes,Python,"Linux, Adobe XD, Illustrator",Data Scientist
ST1138,10th,General,17,Male,83.3,0.0,0.0,8,9,5,4,5,3,6,9,3,2,4,1,4,3,Technical,"DevOps, System Admin",Security,Creative,1,1,Yes,Networking,"Figma, JavaScript, Adobe XD",ML Engineer
ST1139,Pursuing_Diploma,Diploma_Mech,20,Female,85.08,62.78,0.0,9,4,3,5,8,4,7,4,2,2,3,2,4,4,Analytical,"Risk Assessment, Quality Assurance",Security,Leader,1,0,No,Python,"Pandas, Linux, Docker",Data Scientist
ST1140,Graduate,BSc_CS,23,Female,50.0,58.14,85.34,8,7,3,7,6,3,6,6,2,1,4,1,3,4,Creative,"Frontend Design, Content Creation",Cloud,Creative,0,1,No,DBMS,"Photoshop, Node.js",Data Scientist
ST1141,BTech,BTech_IT,24,Male,73.02,83.62,60.91,8,8,3,3,7,6,6,6,4,2,2,5,5,5,Technical,"System Admin, App Development",Web,Analytical,1,4,Yes,DBMS,"Communication, Project Management, Figma",DevOps Engineer
ST1142,Pursuing_Diploma,Diploma_CSE,24,Male,79.58,73.25,0.0,5,9,4,4,10,4,8,5,2,2,5,2,1,1,Technical,"System Admin, App Development",Data,Creative,2,2,No,Math,"Tableau, R, PowerBI, Adobe XD",Business Analyst
ST1143,10th,General,15,Male,81.89,0.0,0.0,7,4,3,3,6,3,8,3,5,5,4,4,4,1,Creative,"UI Design, Frontend Design",Data,Leader,3,2,No,Math,"CSS, PHP, Canva, React",ML Engineer
ST1144,Pursuing_Diploma,Diploma_ECE,20,Female,91.84,81.09,0.0,3,7,5,6,4,7,6,6,3,2,1,4,2,4,Analytical,"Market Research, Quality Assurance",Security,Analytical,0,3,No,Networking,"Tableau, Node.js",Cybersecurity Analyst
ST1145,12th,Science,19,Other,74.92,61.59,0.0,8,9,7,6,8,5,7,6,4,2,3,4,5,4,Technical,"App Development, System Admin",Security,Analytical,1,0,No,Web,"HTML, Python, PHP, React",Cloud Engineer
ST1146,Pursuing_Diploma,Diploma_Mech,24,Male,66.55,84.31,0.0,8,5,7,8,5,5,4,3,1,3,1,1,1,4,Management,"Operations, Product Owner",Security,Logical,1,2,No,Math,"Excel, Python, React",Web Developer
ST1147,10th,General,16,Female,73.62,0.0,0.0,8,9,4,8,6,8,5,8,3,4,3,4,4,2,Technical,"App Development, System Admin",Web,Leader,0,1,Yes,Statistics,"Communication, Ethical Hacking, Agile",Cloud Engineer
ST1148,Pursuing_12th,Arts,19,Male,60.56,0.0,0.0,6,3,3,5,8,8,4,4,1,1,1,5,4,5,Creative,"UI Design, Visual Prototyping",Cloud,Logical,0,3,No,Math,"Docker, Tableau, Python, PowerBI",DevOps Engineer
ST1149,BTech,BTech_CSE,26,Male,65.41,65.5,77.18,8,4,8,6,5,5,4,10,4,3,2,3,1,4,Technical,"App Development, DevOps",Cloud,Logical,2,1,No,UI Design,"Node.js, Kubernetes",Data Scientist
ST1150,Pursuing_Diploma,Diploma_Mech,19,Other,50.0,50.61,0.0,3,5,4,3,8,6,4,10,5,1,3,5,1,2,Technical,"System Admin, Software Engineering",Web,Leader,0,0,Yes,Statistics,"JavaScript, Ethical Hacking",DevOps Engineer
ST1151,BCA,BCA,21,Male,63.26,83.57,59.83,8,6,4,6,6,3,6,6,3,3,3,1,5,4,Technical,"System Admin, DevOps",Web,Analytical,1,3,No,Statistics,"Keras, Network Security",Cybersecurity Analyst
ST1152,Pursuing_12th,Science,19,Other,72.38,0.0,0.0,6,4,5,4,8,6,5,5,3,3,4,3,5,3,Creative,"Content Creation, Visual Prototyping",Cloud,Analytical,3,1,No,Math,"Kubernetes, Wireshark, Network Security",Cybersecurity Analyst
ST1153,Pursuing_12th,Commerce,17,Female,83.35,0.0,0.0,6,5,8,9,5,8,7,7,4,1,4,5,4,1,Technical,"App Development, System Admin",Cloud,Logical,2,0,No,Web,"Math, Python, TensorFlow",Software Tester
ST1154,BCA,BCA,19,Other,74.09,79.0,81.27,4,7,3,4,9,7,4,10,5,4,5,4,1,1,Analytical,"Quality Assurance, Data Analysis",Security,Creative,1,0,No,Math,"R, Statistics",Web Developer
ST1155,Pursuing_12th,Arts,18,Male,68.5,0.0,0.0,4,4,7,8,6,6,7,7,5,4,3,3,2,5,Management,"Team Lead, Operations",Security,Creative,1,0,Yes,Math,"JavaScript, PHP, Angular, R",Backend Developer
ST1156,Pursuing_Diploma,Diploma_ECE,19,Female,85.75,45.0,0.0,4,8,7,5,3,8,8,7,2,5,5,4,1,5,Technical,"DevOps, Software Engineering",AI-ML,Leader,1,2,Yes,Networking,"Pandas, CRM, Statistics",Database Administrator
ST1157,12th,Arts,17,Male,68.35,75.48,0.0,8,4,9,9,8,9,6,7,5,3,2,5,2,1,Management,"Scrum Master, Operations",Cloud,Logical,0,2,No,DBMS,"Market Research, WordPress, Angular, React",Cloud Engineer
ST1158,Graduate,BTech_IT,19,Female,78.42,83.64,70.88,4,4,4,8,3,8,8,4,3,1,1,4,5,5,Creative,"Content Creation, Frontend Design",Data,Logical,3,1,No,Statistics,"Scikit-Learn, Python, Photoshop",Business Analyst
ST1159,Pursuing_12th,Commerce,19,Other,79.15,0.0,0.0,6,8,4,5,6,3,8,6,1,1,4,1,4,2,Technical,"Software Engineering, DevOps",Data,Creative,1,1,No,DBMS,"Adobe XD, Keras",DevOps Engineer
ST1160,BCA,BCA,24,Male,62.01,64.05,69.72,8,8,7,4,9,8,5,7,3,3,2,5,4,5,Management,"Team Lead, Product Owner",Web,Creative,1,4,Yes,Networking,"Linux, Angular, Wireshark, Cryptography",Web Developer
ST1161,12th,Arts,19,Female,78.33,64.06,0.0,9,4,5,4,5,8,9,6,5,3,1,3,1,3,Analytical,"Quality Assurance, Data Analysis",Cloud,Analytical,0,2,Yes,DBMS,"Docker, Adobe XD, Illustrator, Canva",ML Engineer
ST1162,BTech,BTech_IT,19,Female,71.62,55.92,68.87,7,4,7,9,4,8,5,4,2,5,2,2,1,2,Analytical,"Market Research, Risk Assessment",Security,Logical,1,0,Yes,Networking,"JavaScript, Cryptography, Network Security",Cybersecurity Analyst
ST1163,Graduate,BBA,22,Female,59.68,63.91,88.26,6,8,5,8,7,3,7,9,2,2,3,2,5,1,Technical,"System Admin, Software Engineering",Data,Leader,3,3,No,Networking,"Communication, Project Management, Canva",Backend Developer
ST1164,10th,General,15,Other,87.33,0.0,0.0,4,7,3,6,8,3,6,3,2,2,5,1,2,5,Creative,"Visual Prototyping, Frontend Design",AI-ML,Leader,3,1,Yes,Math,"Project Management, Photoshop, Canva, Illustrator",Web Developer
ST1165,Pursuing_12th,Arts,17,Male,56.62,0.0,0.0,5,9,6,9,3,3,4,9,2,3,2,3,3,3,Technical,"Software Engineering, App Development",Data,Logical,0,1,No,Networking,"Market Research, Project Management, CSS, Agile",UI/UX Designer
ST1166,Graduate,BCom,26,Male,78.19,45.0,60.04,6,4,4,7,5,3,9,5,4,3,1,3,1,4,Analytical,"Data Analysis, Market Research",Web,Creative,3,1,No,Web,"PyTorch, Linux, Cryptography, Network Security",Cloud Engineer
ST1167,BCA,BCA,22,Male,71.07,82.59,70.59,8,4,7,7,7,5,9,6,2,2,2,1,2,2,Management,"Product Owner, Team Lead",AI-ML,Leader,0,3,Yes,Web,"WordPress, PowerBI, Node.js",Backend Developer
ST1168,Pursuing_BTech,BTech_CSE,23,Male,87.11,74.55,0.0,6,3,9,4,3,5,6,8,4,4,4,4,5,2,Management,"Product Owner, Operations",Cloud,Logical,2,3,No,Networking,"PyTorch, Math, Scikit-Learn",Cybersecurity Analyst
ST1169,Pursuing_Diploma,Diploma_Mech,19,Male,89.3,50.54,0.0,7,7,5,4,4,6,7,7,2,4,1,5,3,3,Technical,"Software Engineering, DevOps",AI-ML,Analytical,0,1,No,Networking,"Figma, Kubernetes",Backend Developer
ST1170,Diploma,Diploma_Mech,22,Female,66.22,56.84,0.0,3,6,7,8,7,7,7,3,1,5,3,4,3,2,Creative,"UI Design, Frontend Design",Cloud,Logical,2,1,Yes,UI Design,"PowerBI, Wireshark",Cybersecurity Analyst
ST1171,Graduate,BSc_CS,22,Female,81.55,73.62,79.57,6,10,3,7,7,6,7,8,1,5,2,1,2,2,Technical,"App Development, DevOps",AI-ML,Leader,1,2,Yes,Web,"Excel, Linux, PowerBI",Cloud Engineer
ST1172,12th,Commerce,17,Female,84.19,94.52,0.0,8,3,5,5,4,8,4,6,1,1,3,4,5,4,Analytical,"Quality Assurance, Data Analysis",Data,Analytical,0,2,Yes,UI Design,"AWS, CRM",Backend Developer
ST1173,BTech,BTech_ECE,21,Female,95.98,66.77,58.68,4,4,4,8,5,4,7,6,4,4,5,3,2,4,Creative,"Content Creation, Visual Prototyping",Web,Leader,1,4,Yes,Web,"PHP, Communication, CRM",Cloud Engineer
ST1174,Pursuing_Diploma,Diploma_IT,23,Female,66.66,100.0,0.0,7,6,8,6,6,3,7,8,4,4,4,2,5,2,Analytical,"Risk Assessment, Data Analysis",Data,Logical,1,0,Yes,Networking,"Linux, Wireshark, Network Security",Web Developer
ST1175,Pursuing_Diploma,Diploma_IT,25,Male,50.0,87.14,0.0,5,4,9,5,3,8,9,8,2,3,4,3,5,3,Management,"Operations, Scrum Master",Data,Analytical,1,3,No,Python,"CRM, Node.js",Cybersecurity Analyst
ST1176,Pursuing_BTech,BTech_Civil,22,Female,84.52,83.72,0.0,5,7,6,8,4,3,7,8,5,1,4,2,2,5,Creative,"Visual Prototyping, Frontend Design",Cloud,Creative,1,2,No,Python,"CRM, Cryptography, Agile",Business Analyst
ST1177,BTech,BTech_CSE,19,Male,67.15,73.17,74.93,8,3,8,5,7,3,4,3,3,3,1,4,5,2,Creative,"UI Design, Visual Prototyping",Cloud,Leader,1,1,No,Math,"Linux, Photoshop, Adobe XD",Data Scientist
ST1178,Diploma,Diploma_CSE,21,Male,68.93,70.69,0.0,4,5,3,8,5,3,8,6,4,3,3,4,1,3,Technical,"DevOps, System Admin",AI-ML,Logical,3,0,No,Python,"Tableau, Photoshop, Adobe XD",Software Tester
ST1179,12th,Commerce,17,Male,76.01,78.41,0.0,5,6,8,6,4,4,7,6,5,5,2,2,3,3,Technical,"DevOps, App Development",Cloud,Leader,0,3,No,Python,"CRM, Adobe XD",UI/UX Designer
ST1180,BCA,BCA,23,Female,85.27,60.44,72.47,6,4,8,8,5,7,6,10,4,3,5,3,5,5,Technical,"Software Engineering, App Development",Web,Analytical,0,4,Yes,Math,"Communication, CSS, Angular",Software Tester
ST1181,Pursuing_12th,Commerce,17,Male,70.59,0.0,0.0,7,5,7,6,7,8,5,7,4,4,3,3,1,1,Creative,"Frontend Design, UI Design",AI-ML,Logical,3,0,No,Statistics,"Market Research, Project Management, Scikit-Learn",Cybersecurity Analyst
ST1182,BTech,BTech_CSE,19,Male,88.59,67.49,74.28,7,8,5,6,5,10,7,6,5,4,1,2,2,1,Management,"Product Owner, Team Lead",Data,Creative,1,0,No,DBMS,"Terraform, Pandas, PowerBI",Cloud Engineer
ST1183,Pursuing_Diploma,Diploma_Mech,26,Female,67.35,100.0,0.0,4,4,8,7,7,3,4,5,2,4,3,3,2,4,Analytical,"Data Analysis, Risk Assessment",Web,Leader,2,2,No,Python,"HTML, PHP, Illustrator",Full Stack Developer
ST1184,Graduate,BTech_IT,25,Female,82.44,93.56,73.28,4,8,5,9,4,6,6,10,5,5,1,1,5,4,Technical,"DevOps, App Development",Web,Logical,1,0,No,Web,"Scikit-Learn, Python, Linux, PyTorch",Business Analyst
ST1185,12th,Arts,18,Male,82.13,55.23,0.0,9,5,8,7,9,5,10,7,4,3,1,3,2,4,Management,"Scrum Master, Product Owner",Cloud,Creative,1,2,No,Math,"Scikit-Learn, Python, R",ML Engineer
ST1186,Pursuing_Diploma,Diploma_IT,22,Female,70.21,55.72,0.0,5,3,6,9,4,7,8,7,5,3,1,3,2,5,Analytical,"Data Analysis, Quality Assurance",Cloud,Logical,1,4,Yes,Networking,"HTML, JavaScript, Angular, PyTorch",ML Engineer
ST1187,BCA,BCA,26,Female,77.43,63.16,49.96,6,9,8,4,6,7,5,9,5,1,1,5,5,4,Technical,"DevOps, Software Engineering",Data,Creative,1,3,Yes,DBMS,"Python, PowerBI",Software Tester
ST1188,Diploma,Diploma_IT,23,Male,50.0,74.87,0.0,8,8,8,4,6,5,6,9,5,4,4,1,5,1,Technical,"Software Engineering, System Admin",Web,Logical,1,3,No,Statistics,"Terraform, PHP, Docker, Kubernetes",ML Engineer
ST1189,Pursuing_12th,Science,17,Male,86.68,0.0,0.0,7,8,4,3,8,4,5,3,5,5,1,4,1,4,Creative,"Visual Prototyping, Frontend Design",Web,Analytical,2,0,No,Networking,"Photoshop, Adobe XD, Agile",Backend Developer
ST1190,Pursuing_12th,Commerce,18,Male,54.88,0.0,0.0,5,6,4,8,4,6,7,5,3,4,2,5,5,3,Creative,"Visual Prototyping, Content Creation",Cloud,Logical,1,0,No,UI Design,"Linux, Wireshark, Network Security",Cybersecurity Analyst
ST1191,BCA,BCA,25,Female,71.02,66.39,63.59,8,5,8,8,8,6,7,10,4,3,5,3,1,1,Analytical,"Quality Assurance, Risk Assessment",Data,Logical,1,4,Yes,Math,"Azure, Network Security",Full Stack Developer
ST1192,Pursuing_BTech,BTech_CSE,25,Male,74.19,90.25,0.0,3,6,7,4,6,5,9,4,1,2,4,1,1,5,Analytical,"Quality Assurance, Risk Assessment",Security,Logical,0,1,No,Web,"Communication, Ethical Hacking, Linux, Network Security",Full Stack Developer
ST1193,Diploma,Diploma_IT,26,Male,76.62,93.02,0.0,7,5,5,3,6,8,5,9,2,3,2,3,3,1,Analytical,"Data Analysis, Market Research",Web,Creative,1,2,No,DBMS,"Terraform, Communication, Linux, Kubernetes",Cloud Engineer
ST1194,Pursuing_BTech,BTech_CSE,25,Female,61.9,80.64,0.0,3,10,7,7,7,5,10,8,3,1,4,3,1,1,Technical,"System Admin, Software Engineering",AI-ML,Logical,1,2,No,DBMS,"CSS, PHP",Backend Developer
ST1195,Pursuing_BTech,BTech_IT,25,Female,78.89,91.04,0.0,4,8,7,6,7,7,6,3,3,4,4,3,3,4,Management,"Product Owner, Operations",AI-ML,Creative,2,2,No,Python,"Scikit-Learn, Keras, Angular, PyTorch",UI/UX Designer
ST1196,Diploma,Diploma_ECE,20,Male,77.07,74.58,0.0,6,8,7,7,7,5,5,3,3,2,1,5,4,1,Management,"Product Owner, Scrum Master",Cloud,Analytical,0,1,Yes,Web,"Angular, PowerBI, SQL",Backend Developer
ST1197,BTech,BTech_CSE,21,Male,63.46,52.92,77.37,8,5,4,3,10,8,10,3,3,2,2,1,4,5,Creative,"Content Creation, Frontend Design",Cloud,Creative,2,2,No,UI Design,"Scikit-Learn, Linux, TensorFlow",Data Scientist
ST1198,Pursuing_BTech,BTech_IT,19,Male,76.49,48.59,0.0,6,5,8,5,6,3,8,10,5,1,4,3,4,2,Analytical,"Risk Assessment, Data Analysis",Data,Leader,2,1,No,UI Design,"AWS, Azure, Kubernetes, Canva",Software Tester
ST1199,10th,General,15,Male,72.16,0.0,0.0,6,9,4,8,7,7,8,8,5,1,4,2,2,5,Technical,"App Development, Software Engineering",Data,Leader,1,1,No,DBMS,"Communication, Project Management, Figma, Market Research",Web Developer
ST1200,Pursuing_BTech,BTech_Civil,20,Female,53.78,84.2,0.0,8,4,4,6,7,5,5,8,1,4,2,2,5,5,Creative,"Content Creation, Frontend Design",Web,Leader,1,2,No,Math,"AWS, CSS, Docker",Cybersecurity Analyst
