age,tenth_percentage,twelfth_or_diploma_percentage,math_score,programming_score,communication_score,logical_reasoning_score,creativity_score,leadership_score,teamwork_score,problem_solving_score,coding_interest,design_interest,data_interest,business_interest,security_interest,cloud_interest,certifications_count,project_count,gender_Female,gender_Male,gender_Other,preferred_work_type_Analytical,preferred_work_type_Creative,preferred_work_type_Management,preferred_work_type_Technical,preferred_domain_AI-ML,preferred_domain_Cloud,preferred_domain_Data,preferred_domain_Security,preferred_domain_Web,personality_type_Analytical,personality_type_Creative,personality_type_Leader,personality_type_Logical,internship_experience_No,internship_experience_Yes,favorite_subject_DBMS,favorite_subject_Math,favorite_subject_Python,favorite_subject_Statistics,favorite_subject_Web
19,84.39,85.51,52,61,66,48,76,59,54,70,5,3,6,3,2,2,5,3,True,False,False,False,True,False,False,False,False,False,True,False,False,True,False,False,True,False,False,False,False,False,True
22,91.71,91.01,75,85,79,84,41,75,95,84,7,5,6,3,5,2,2,2,True,False,False,False,False,False,True,False,False,False,False,True,False,False,False,True,True,False,True,False,False,False,False
20,84.45,88.68,77,93,66,100,38,82,100,100,6,1,3,5,5,10,5,5,True,False,False,False,False,False,True,False,True,False,False,False,False,False,False,True,True,False,False,False,True,False,False
19,79.78,73.87,79,96,66,80,55,50,69,84,4,1,10,4,1,1,4,2,True,False,False,False,False,False,True,True,False,False,False,False,False,False,False,True,True,False,False,False,True,False,False
19,79.62,55.92,80,100,61,74,52,80,100,100,6,1,1,1,5,3,7,5,True,False,False,False,False,False,True,True,False,False,False,False,False,False,False,True,False,True,False,False,True,False,False
20,70.09,77.77,96,90,89,99,50,85,80,100,6,2,5,3,1,1,3,0,False,True,False,False,False,False,True,True,False,False,False,False,False,False,False,True,True,False,False,True,False,False,False
20,76.04,85.84,88,83,74,96,49,71,64,64,1,4,10,1,2,4,0,2,False,True,False,False,False,False,True,True,False,False,False,False,False,False,False,True,True,False,False,False,True,False,False
22,78.28,73.31,66,96,67,74,67,38,95,91,9,5,5,2,4,1,5,2,False,False,True,False,False,False,True,False,False,False,False,True,False,False,False,True,False,True,False,False,True,False,False
19,95.79,72.86,91,81,66,92,85,51,93,100,4,5,10,6,4,4,3,1,False,True,False,False,False,False,True,False,False,True,False,False,False,False,False,True,True,False,True,False,False,False,False
20,86.33,62.56,47,59,85,82,60,71,55,72,2,1,2,7,5,1,3,5,True,False,False,False,False,True,False,False,False,True,False,False,False,False,True,False,False,True,True,False,False,False,False
21,77.39,86.28,85,72,80,80,86,63,90,73,3,10,4,2,2,1,2,5,False,True,False,False,True,False,False,False,False,False,False,True,False,True,False,False,False,True,False,False,False,False,True
22,66.11,72.15,77,100,90,98,36,51,93,97,2,5,5,1,10,1,5,0,False,True,False,False,False,False,True,False,False,False,True,False,False,False,False,True,True,False,True,False,False,False,False
21,73.64,93.14,55,56,60,68,94,78,81,60,4,4,5,6,1,5,1,1,True,False,False,False,True,False,False,False,True,False,False,False,False,True,False,False,False,True,False,False,True,False,False
18,85.62,73.85,74,72,88,74,81,95,98,65,6,4,6,10,3,2,1,2,False,True,False,False,False,True,False,False,False,True,False,False,False,False,True,False,True,False,False,False,False,True,False
20,72.93,74.84,78,65,87,88,76,31,93,93,7,5,6,3,1,5,3,3,False,True,False,False,False,False,True,False,False,False,False,True,False,False,False,True,True,False,False,False,False,False,True
18,76.43,84.37,73,67,71,76,75,68,99,69,4,1,10,3,1,3,0,2,True,False,False,True,False,False,False,False,False,True,False,False,True,False,False,False,False,True,False,False,False,True,False
19,76.98,73.68,88,99,85,94,58,35,85,90,10,5,3,3,4,1,4,4,False,True,False,False,False,False,True,False,False,False,False,True,False,False,False,True,False,True,True,False,False,False,False
20,72.03,75.87,91,76,53,100,51,65,76,92,2,2,4,5,1,10,2,6,True,False,False,False,False,False,True,False,True,False,False,False,False,False,False,True,True,False,False,False,True,False,False
19,68.13,72.5,73,75,75,84,59,79,70,74,2,4,6,6,5,9,0,2,False,True,False,False,False,False,True,False,True,False,False,False,False,False,False,True,True,False,False,False,True,False,False
20,71.55,81.63,97,84,74,80,52,59,62,83,1,2,10,1,2,3,3,1,False,True,False,False,False,False,True,True,False,False,False,False,False,False,False,True,True,False,False,False,True,False,False
22,75.12,83.12,76,95,96,76,41,61,52,86,10,2,1,4,3,6,3,5,False,True,False,False,False,False,True,False,False,False,False,True,False,False,False,True,True,False,False,False,True,False,False
18,74.47,81.22,100,96,50,82,37,73,80,90,8,4,2,4,1,1,2,3,True,False,False,False,False,False,True,False,False,False,False,True,False,False,False,True,True,False,True,False,False,False,False
20,77.58,72.35,91,98,97,80,86,56,52,84,10,1,1,2,5,6,0,4,False,True,False,False,False,False,True,False,False,False,False,True,False,False,False,True,True,False,False,False,True,False,False
19,91.41,84.06,67,91,47,99,69,58,71,83,3,1,5,3,4,10,1,4,True,False,False,False,False,False,True,False,True,False,False,False,False,False,False,True,True,False,True,False,False,False,False
19,86.68,88.3,76,87,61,85,39,35,76,80,3,4,9,5,6,1,3,3,False,True,False,False,False,False,True,True,False,False,False,False,False,False,False,True,True,False,False,True,False,False,False
19,78.44,82.3,53,68,89,57,39,35,87,68,3,1,4,5,1,8,2,4,True,False,False,False,False,False,True,True,False,False,False,False,False,False,False,True,False,True,False,False,False,False,True
20,78.36,67.98,62,95,88,72,77,79,55,77,7,8,1,8,4,4,0,2,True,False,False,False,False,False,True,False,False,False,False,True,False,False,False,True,True,False,False,False,False,False,True
19,75.95,74.03,99,70,46,97,56,68,71,88,1,2,6,5,3,8,3,4,True,False,False,False,False,False,True,False,True,False,False,False,False,False,False,True,True,False,False,False,True,False,False
19,69.73,92.03,84,91,62,81,75,43,72,76,6,7,2,5,10,2,1,4,True,False,False,False,False,False,True,False,False,False,True,False,False,False,False,True,True,False,True,False,False,False,False
20,87.28,83.38,76,93,68,74,48,38,54,81,10,2,1,4,3,3,4,8,True,False,False,False,False,False,True,False,False,False,False,True,True,False,False,False,False,True,False,False,False,False,True
21,75.57,86.42,100,41,56,77,73,59,69,75,2,7,10,4,6,3,6,6,False,True,False,True,False,False,False,False,False,True,False,False,True,False,False,False,True,False,False,False,False,True,False
20,92.09,67.4,74,72,94,79,62,48,87,92,3,6,8,1,2,2,3,3,True,False,False,True,False,False,False,False,False,True,False,False,True,False,False,False,True,False,True,False,False,False,False
19,73.2,71.92,89,71,90,80,69,67,55,73,4,2,4,5,5,10,1,3,True,False,False,False,False,False,True,False,True,False,False,False,False,False,False,True,True,False,False,False,True,False,False
19,99.0,57.65,63,70,68,88,42,73,87,80,10,2,3,5,3,1,2,2,False,True,False,False,False,False,True,False,False,False,False,True,False,False,False,True,True,False,True,False,False,False,False
20,79.96,74.38,94,65,65,73,37,40,70,88,9,6,2,6,5,5,1,4,True,False,False,False,False,False,True,False,False,False,False,True,False,False,False,True,True,False,False,False,True,False,False
20,86.72,83.12,58,79,55,76,100,71,81,59,4,10,3,7,5,1,5,0,True,False,False,False,True,False,False,False,False,False,False,True,False,True,False,False,True,False,False,False,False,False,True
18,82.64,55.89,65,79,75,75,58,35,52,83,2,6,7,2,3,4,3,3,False,True,False,False,False,False,True,True,False,False,False,False,False,False,False,True,True,False,False,True,False,False,False
18,88.97,75.62,98,77,95,73,66,42,67,92,1,6,10,5,5,2,3,6,False,True,False,False,False,False,True,True,False,False,False,False,False,False,False,True,False,True,False,False,True,False,False
18,76.37,77.73,84,65,45,93,62,31,59,84,5,3,2,3,6,7,3,2,False,False,True,False,False,False,True,False,True,False,False,False,False,False,False,True,True,False,True,False,False,False,False
20,74.13,80.24,94,87,61,96,58,57,66,82,4,2,9,1,3,7,1,7,True,False,False,True,False,False,False,True,False,False,False,False,True,False,False,False,False,True,False,True,False,False,False
19,84.1,65.04,82,75,50,78,67,38,74,69,1,3,1,1,4,10,3,2,False,True,False,False,False,False,True,False,True,False,False,False,False,False,False,True,True,False,False,False,True,False,False
18,78.98,81.61,74,67,48,74,39,45,92,84,8,4,2,4,1,1,2,6,True,False,False,False,False,False,True,False,False,False,False,True,False,False,False,True,False,True,False,False,True,False,False
17,78.6,63.11,89,66,56,73,97,37,92,59,1,10,4,4,4,5,1,0,True,False,False,False,True,False,False,False,False,False,False,True,False,True,False,False,True,False,False,False,False,False,True
21,90.02,57.52,84,85,67,96,42,69,99,76,4,6,6,1,3,10,6,7,True,False,False,False,False,False,True,False,True,False,False,False,False,False,False,True,False,True,True,False,False,False,False
23,72.03,72.38,75,74,80,83,59,80,56,75,4,1,8,5,2,5,3,5,True,False,False,False,False,False,True,True,False,False,False,False,False,False,False,True,True,False,False,True,False,False,False
21,72.57,78.84,78,64,47,59,100,64,100,61,2,10,1,2,2,4,2,3,False,True,False,False,True,False,False,False,False,False,False,True,False,True,False,False,True,False,False,False,False,False,True
17,76.33,89.55,93,68,93,91,72,78,47,88,2,7,2,5,1,10,0,3,True,False,False,False,False,False,True,False,True,False,False,False,False,False,False,True,True,False,True,False,False,False,False
20,74.05,80.78,69,91,52,80,65,49,56,87,8,1,2,6,3,4,2,3,False,True,False,False,False,False,True,False,False,False,False,True,False,False,False,True,False,True,False,False,True,False,False
21,71.67,61.54,45,52,89,95,66,96,70,62,5,3,5,10,3,6,2,1,True,False,False,False,False,True,False,False,False,True,False,False,False,False,True,False,True,False,False,False,False,True,False
20,89.16,79.11,92,80,54,94,53,58,73,89,3,3,7,1,1,10,4,0,False,True,False,False,False,False,True,False,True,False,False,False,False,False,False,True,True,False,True,False,False,False,False
20,78.12,76.74,57,79,89,68,44,48,70,98,3,1,3,7,1,3,5,2,True,False,False,False,False,False,True,False,False,False,False,True,False,False,False,True,True,False,False,True,False,False,False
23,90.25,63.93,72,100,82,90,60,41,77,95,10,6,2,3,6,3,3,2,False,True,False,False,False,False,True,False,False,False,False,True,False,False,False,True,True,False,False,False,False,False,True
18,80.92,71.97,92,68,55,79,60,51,67,89,7,1,2,5,3,1,1,3,False,True,False,False,False,False,True,True,False,False,False,False,False,False,False,True,True,False,False,True,False,False,False
20,86.38,84.15,50,59,72,72,40,91,95,80,2,3,5,8,5,2,1,7,True,False,False,False,False,True,False,False,False,True,False,False,False,False,True,False,False,True,False,False,False,True,False
19,85.05,84.78,81,77,85,94,100,70,69,57,5,10,3,2,6,2,5,2,True,False,False,False,True,False,False,False,False,False,False,True,False,True,False,False,True,False,False,False,False,False,True
19,65.08,66.3,56,57,81,54,85,44,53,56,3,6,3,7,2,4,2,0,False,False,True,False,True,False,False,False,False,False,False,True,False,True,False,False,True,False,True,False,False,False,False
18,98.04,77.2,82,90,89,80,73,60,45,79,5,1,4,3,3,3,1,2,False,True,False,False,False,False,True,True,False,False,False,False,False,False,False,True,True,False,False,True,False,False,False
21,76.18,63.34,93,48,64,71,72,31,87,81,5,1,8,3,2,3,1,5,False,True,False,True,False,False,False,False,False,True,False,False,True,False,False,False,False,True,False,False,False,True,False
17,57.24,91.33,75,77,94,99,50,76,72,100,10,2,7,6,4,4,2,1,True,False,False,False,False,False,True,False,False,False,False,True,False,False,False,True,True,False,False,False,True,False,False
21,88.87,74.06,65,56,79,94,54,90,59,96,8,4,6,10,1,5,1,1,True,False,False,False,False,True,False,False,False,True,False,False,False,False,True,False,True,False,False,False,False,True,False
18,89.35,71.83,85,73,45,70,43,41,60,95,8,5,5,1,6,2,6,2,True,False,False,False,False,False,True,False,False,False,False,True,True,False,False,False,True,False,False,False,False,False,True
21,68.19,87.89,95,77,69,79,75,41,99,82,2,1,8,2,3,5,4,3,True,False,False,True,False,False,False,False,False,True,False,False,True,False,False,False,True,False,True,False,False,False,False
18,78.86,92.66,100,97,98,84,37,67,85,92,10,1,3,7,3,6,1,9,False,False,True,False,False,False,True,False,False,False,False,True,False,False,False,True,False,True,False,False,True,False,False
21,72.0,85.69,67,84,100,67,56,68,53,70,10,4,7,4,4,4,2,4,True,False,False,False,False,False,True,False,False,False,False,True,False,False,False,True,True,False,False,False,False,False,True
17,75.15,93.61,61,44,46,64,88,36,96,81,4,1,10,1,5,5,1,2,False,True,False,True,False,False,False,False,False,True,False,False,True,False,False,False,True,False,True,False,False,False,False
18,70.61,60.05,41,65,53,80,79,60,92,77,1,10,4,6,6,5,3,5,False,True,False,False,True,False,False,False,False,False,False,True,False,True,False,False,False,True,False,False,False,False,True
20,77.43,73.18,64,51,41,62,86,74,61,80,1,4,5,2,5,8,3,3,True,False,False,False,False,False,True,False,True,False,False,False,False,False,False,True,True,False,False,False,True,False,False
20,82.03,73.44,71,47,81,55,72,65,76,75,4,2,1,1,3,4,2,2,True,False,False,False,False,False,True,False,False,False,False,True,False,False,False,True,True,False,True,False,False,False,False
21,66.82,88.76,44,54,90,60,72,85,52,83,5,2,4,9,4,5,1,8,False,True,False,False,False,True,False,False,False,True,False,False,False,False,True,False,False,True,False,False,False,True,False
21,76.08,63.17,75,89,90,77,54,85,56,79,10,1,2,6,1,5,1,3,True,False,False,False,False,False,True,False,False,False,False,True,False,False,False,True,False,True,False,False,False,False,True
20,87.22,59.73,93,89,68,100,51,41,100,88,5,7,3,4,4,6,3,1,False,False,True,False,False,False,True,True,False,False,False,False,False,False,False,True,True,False,False,False,True,False,False
19,96.77,78.41,52,47,79,64,79,42,66,55,1,8,3,2,3,1,5,1,True,False,False,False,True,False,False,False,False,False,False,True,False,True,False,False,True,False,False,False,False,False,True
19,84.87,68.34,79,92,85,79,40,40,62,85,7,3,6,1,6,2,3,4,True,False,False,False,False,False,True,True,False,False,False,False,False,False,False,True,True,False,False,True,False,False,False
18,89.14,81.03,85,87,94,96,64,35,83,63,3,1,7,1,10,6,0,3,False,True,False,False,False,False,True,False,False,False,True,False,False,False,False,True,True,False,True,False,False,False,False
20,90.82,64.72,64,66,52,87,80,63,71,75,2,3,2,2,1,10,1,3,False,False,True,False,False,False,True,False,True,False,False,False,False,False,False,True,True,False,False,False,True,False,False
20,81.07,64.55,55,48,66,55,91,38,96,77,4,2,5,5,3,1,3,1,False,True,False,True,False,False,False,False,True,False,False,False,True,False,False,False,True,False,False,True,False,False,False
21,98.55,94.91,73,86,77,95,69,40,76,98,10,4,3,5,5,7,3,7,True,False,False,False,False,False,True,False,False,False,False,True,False,False,False,True,False,True,False,False,True,False,False
20,72.72,72.99,44,46,86,49,59,54,70,86,1,6,4,6,4,6,1,4,False,True,False,False,False,False,True,False,True,False,False,False,False,False,False,True,True,False,False,False,True,False,False
22,74.53,74.41,72,77,82,84,58,75,82,100,10,1,5,1,1,7,2,3,True,False,False,False,False,False,True,False,False,False,False,True,False,False,False,True,True,False,False,False,True,False,False
19,75.42,80.48,84,87,78,76,70,50,80,82,8,1,2,5,4,5,1,3,True,False,False,False,False,False,True,False,False,False,False,True,False,False,False,True,True,False,False,False,True,False,False
19,65.12,80.58,46,46,62,80,80,57,77,81,4,9,2,3,4,3,2,5,True,False,False,False,True,False,False,False,False,False,False,True,False,True,False,False,False,True,False,False,False,False,True
20,81.49,83.9,75,100,66,72,71,35,79,100,6,2,10,3,4,1,1,3,True,False,False,False,False,False,True,False,False,True,False,False,False,False,False,True,True,False,True,False,False,False,False
22,83.96,86.02,74,60,89,75,83,50,75,85,3,1,10,6,5,3,1,0,False,True,False,True,False,False,False,False,False,True,False,False,True,False,False,False,True,False,False,False,False,True,False
19,67.46,90.42,97,84,43,97,70,50,94,90,10,1,5,8,5,6,3,2,False,True,False,False,False,False,True,False,False,False,False,True,False,False,False,True,True,False,False,False,False,False,True
17,74.27,75.26,88,67,54,70,35,49,51,87,10,2,3,4,3,1,3,3,False,True,False,False,False,False,True,False,False,False,False,True,True,False,False,False,True,False,False,False,False,False,True
19,86.51,78.88,49,63,56,50,52,78,62,85,1,4,1,2,6,5,2,6,True,False,False,False,False,False,True,True,False,False,False,False,False,False,False,True,False,True,False,False,True,False,False
18,71.23,98.58,52,59,65,77,73,38,89,70,1,10,1,6,2,1,2,3,True,False,False,False,True,False,False,False,False,False,False,True,False,True,False,False,True,False,False,False,False,False,True
22,93.42,88.63,51,72,68,88,100,50,89,69,2,8,5,4,7,1,2,4,False,True,False,False,True,False,False,False,False,False,False,True,False,True,False,False,False,True,False,False,False,False,True
19,80.12,55.5,60,84,65,88,44,77,64,91,10,5,3,2,8,2,0,4,False,True,False,False,False,False,True,False,False,False,False,True,False,False,False,True,True,False,False,False,False,False,True
17,85.54,81.13,80,100,81,100,52,55,70,96,7,3,4,6,3,3,2,3,False,True,False,False,False,False,True,True,False,False,False,False,False,False,False,True,False,True,False,True,False,False,False
19,87.67,86.39,90,74,59,75,48,44,89,72,10,1,2,7,2,5,0,2,False,True,False,False,False,False,True,False,False,False,False,True,False,False,False,True,True,False,True,False,False,False,False
20,87.73,80.67,88,43,79,53,45,93,69,82,4,2,8,7,1,4,1,1,False,True,False,False,False,True,False,False,False,True,False,False,False,False,True,False,True,False,False,False,False,True,False
19,79.84,70.99,98,89,89,87,83,50,51,84,8,2,1,3,6,4,1,2,False,True,False,False,False,False,True,False,False,False,False,True,False,False,False,True,True,False,False,False,True,False,False
20,81.36,75.59,94,80,65,91,63,50,74,95,7,1,1,4,2,3,0,1,False,True,False,False,False,False,True,False,False,False,False,True,False,False,False,True,True,False,False,False,True,False,False
18,78.91,78.9,97,92,72,94,67,48,58,95,10,4,1,3,1,3,2,1,True,False,False,False,False,False,True,True,False,False,False,False,False,False,False,True,True,False,False,True,False,False,False
19,85.23,88.27,100,98,92,99,57,35,88,73,10,3,1,1,7,6,5,4,False,True,False,False,False,False,True,False,False,False,False,True,False,False,False,True,True,False,False,False,True,False,False
19,81.42,73.64,73,40,86,59,96,38,66,74,2,10,1,8,3,3,2,3,False,True,False,False,True,False,False,False,False,False,False,True,False,True,False,False,True,False,False,False,False,False,True
20,76.99,76.69,68,67,66,99,64,41,53,80,10,3,1,4,1,5,2,4,True,False,False,False,False,False,True,False,False,False,False,True,False,False,False,True,False,True,False,False,True,False,False
25,82.52,97.4,100,93,79,84,60,61,55,98,7,3,7,4,7,3,0,1,False,True,False,False,False,False,True,True,False,False,False,False,False,False,False,True,False,True,False,False,True,False,False
19,78.98,70.93,86,86,90,94,60,31,80,86,9,3,1,1,3,2,5,2,False,True,False,False,False,False,True,False,False,False,False,True,False,False,False,True,False,True,True,False,False,False,False
19,82.87,83.15,94,77,93,100,45,68,79,93,2,1,6,1,4,10,1,6,False,True,False,False,False,False,True,False,True,False,False,False,False,False,False,True,False,True,False,False,True,False,False
23,75.52,78.74,100,73,87,82,63,46,91,86,3,2,9,1,1,5,1,6,True,False,False,False,False,False,True,False,False,True,False,False,False,False,False,True,False,True,True,False,False,False,False
20,84.11,57.09,72,87,84,76,66,64,94,69,10,3,4,8,2,7,3,4,False,True,False,False,False,False,True,False,False,False,False,True,False,False,False,True,True,False,False,False,True,False,False
24,77.31,67.42,87,95,65,68,42,67,69,86,10,1,1,1,6,7,1,5,False,True,False,False,False,False,True,False,False,False,False,True,True,False,False,False,True,False,False,False,True,False,False
17,78.96,72.91,78,82,66,93,49,48,52,76,9,4,4,1,5,3,0,4,False,True,False,False,False,False,True,False,False,False,False,True,False,False,False,True,True,False,False,False,True,False,False
22,80.93,85.34,60,61,58,80,96,67,66,89,3,10,5,7,5,1,4,5,True,False,False,False,True,False,False,False,False,False,False,True,False,True,False,False,True,False,False,False,False,False,True
17,71.16,71.68,91,71,85,86,60,72,71,78,2,5,9,5,6,4,1,2,True,False,False,False,False,False,True,False,False,True,False,False,False,False,False,True,True,False,True,False,False,False,False
18,76.4,60.72,71,55,81,69,80,95,69,52,4,3,10,9,4,4,0,4,True,False,False,False,False,True,False,False,False,True,False,False,False,False,True,False,False,True,True,False,False,False,False
22,80.21,87.29,64,66,52,89,83,63,56,84,3,10,3,5,3,2,4,4,True,False,False,False,True,False,False,False,False,False,False,True,False,True,False,False,True,False,False,False,False,False,True
18,69.82,67.26,54,51,85,48,81,37,51,59,2,5,1,5,1,6,1,1,False,False,True,False,True,False,False,False,False,False,False,True,False,True,False,False,True,False,True,False,False,False,False
18,91.75,77.02,80,84,49,85,46,58,89,63,4,4,3,2,7,10,3,4,True,False,False,False,False,False,True,False,True,False,False,False,False,False,False,True,True,False,False,False,True,False,False
19,74.01,82.19,93,77,69,84,79,38,54,70,9,3,3,4,2,4,3,4,False,True,False,False,False,False,True,False,False,False,False,True,False,False,False,True,True,False,False,False,False,False,True
19,75.43,87.11,84,96,50,100,72,70,72,85,10,2,6,5,2,3,1,2,False,True,False,False,False,False,True,False,False,False,False,True,False,False,False,True,False,True,False,False,True,False,False
21,76.52,87.55,58,47,74,62,84,45,73,73,6,4,2,3,5,5,3,3,True,False,False,False,False,False,True,False,False,False,False,True,False,False,False,True,True,False,False,False,False,True,False
20,76.79,87.74,73,87,73,76,65,65,64,81,5,7,10,3,6,4,3,4,False,True,False,False,False,False,True,False,False,True,False,False,False,False,False,True,True,False,True,False,False,False,False
17,75.79,82.92,56,35,94,72,62,76,67,84,3,6,10,4,7,5,3,2,False,True,False,True,False,False,False,False,False,True,False,False,True,False,False,False,True,False,True,False,False,False,False
18,89.86,68.41,93,75,71,89,78,39,57,100,9,3,5,8,1,7,3,5,True,False,False,False,False,False,True,True,False,False,False,False,False,False,False,True,True,False,False,True,False,False,False
17,89.55,82.41,88,98,94,97,63,67,96,73,9,3,3,4,3,4,2,2,False,True,False,False,False,False,True,True,False,False,False,False,False,False,False,True,True,False,False,True,False,False,False
17,84.13,69.16,79,93,53,80,46,35,100,97,2,1,1,1,6,10,1,3,False,True,False,False,False,False,True,False,True,False,False,False,False,False,False,True,True,False,True,False,False,False,False
18,84.05,55.2,94,87,73,78,54,67,91,71,10,5,2,4,6,3,0,2,False,True,False,False,False,False,True,False,False,False,False,True,False,False,False,True,False,True,True,False,False,False,False
21,76.48,64.92,90,85,55,71,53,76,66,92,10,4,8,1,3,4,3,1,True,False,False,False,False,False,True,False,False,False,False,True,False,False,False,True,False,True,False,False,True,False,False
22,64.39,69.11,66,54,69,91,41,63,49,100,3,2,7,2,4,1,1,3,False,True,False,True,False,False,False,True,False,False,False,False,True,False,False,False,False,True,False,False,False,True,False
19,70.78,91.27,92,76,82,87,51,35,58,71,2,6,7,1,4,6,1,6,False,True,False,True,False,False,False,True,False,False,False,False,True,False,False,False,False,True,False,False,True,False,False
20,88.41,66.32,68,82,86,77,78,75,76,86,2,10,3,7,4,6,0,5,False,True,False,False,True,False,False,False,False,False,False,True,False,True,False,False,True,False,False,False,False,False,True
20,71.56,87.53,84,75,55,98,72,67,85,88,10,3,6,3,4,3,1,6,False,True,False,False,False,False,True,False,False,False,False,True,False,False,False,True,False,True,False,False,False,False,True
20,74.61,80.48,68,66,74,79,84,74,81,65,3,10,5,4,5,3,1,2,False,False,True,False,True,False,False,False,False,False,False,True,False,True,False,False,False,True,False,False,False,False,True
21,98.12,80.57,73,64,77,100,60,66,85,100,1,4,4,3,10,4,0,1,True,False,False,False,False,False,True,False,False,False,True,False,False,False,False,True,True,False,True,False,False,False,False
17,74.38,65.98,71,76,88,74,62,61,83,78,2,3,8,7,3,3,3,1,False,True,False,True,False,False,False,True,False,False,False,False,True,False,False,False,True,False,False,False,True,False,False
17,93.64,77.85,72,73,56,85,55,75,69,98,1,5,8,7,10,5,2,2,True,False,False,False,False,False,True,False,False,False,True,False,False,False,False,True,True,False,True,False,False,False,False
19,72.5,94.06,90,85,64,82,79,45,66,70,4,6,1,4,10,1,0,2,True,False,False,False,False,False,True,False,False,False,True,False,False,False,False,True,True,False,True,False,False,False,False
20,94.1,71.26,72,73,58,71,68,63,59,71,2,1,6,3,5,10,4,3,False,True,False,False,False,False,True,False,True,False,False,False,False,False,False,True,True,False,True,False,False,False,False
17,70.76,79.29,56,70,82,69,64,35,99,83,1,1,10,2,5,6,0,4,False,True,False,True,False,False,False,False,False,True,False,False,True,False,False,False,True,False,False,False,False,True,False
17,67.2,79.21,42,63,73,61,65,49,100,84,3,3,4,1,1,1,0,4,False,True,False,False,False,False,True,False,False,False,True,False,True,False,False,False,False,True,False,False,False,True,False
20,72.02,76.69,92,63,53,100,57,72,64,81,1,4,8,3,5,10,2,5,True,False,False,False,False,False,True,False,True,False,False,False,False,False,False,True,True,False,False,False,True,False,False
21,88.91,75.0,78,87,93,76,80,67,81,91,5,4,8,6,2,5,3,5,True,False,False,False,False,False,True,True,False,False,False,False,False,False,False,True,False,True,False,True,False,False,False
18,73.9,74.43,60,46,81,69,57,81,97,65,3,1,6,2,3,5,1,2,True,False,False,False,False,True,False,True,False,False,False,False,False,False,True,False,True,False,False,False,True,False,False
22,81.6,74.02,76,87,40,95,74,50,70,91,1,2,9,1,3,1,3,3,False,True,False,False,False,False,True,False,False,True,False,False,False,False,False,True,True,False,True,False,False,False,False
20,76.32,62.21,76,66,61,90,66,51,49,90,10,7,3,1,6,4,3,7,False,True,False,False,False,False,True,False,False,False,False,True,False,False,False,True,False,True,False,False,True,False,False
18,75.63,66.16,69,61,65,88,81,60,83,74,6,9,1,1,3,2,4,3,False,True,False,False,True,False,False,False,False,False,False,True,False,True,False,False,True,False,False,False,False,False,True
19,68.16,81.41,62,82,85,75,45,46,80,66,1,4,2,1,1,10,2,3,False,True,False,False,False,False,True,False,True,False,False,False,False,False,False,True,False,True,False,False,True,False,False
17,76.82,73.61,69,70,46,78,43,43,80,75,4,5,5,4,4,10,5,4,False,True,False,False,False,False,True,False,True,False,False,False,False,False,False,True,True,False,True,False,False,False,False
17,87.59,68.47,78,70,92,60,73,51,70,76,3,1,7,4,4,2,1,2,False,True,False,True,False,False,False,False,False,True,False,False,True,False,False,False,True,False,False,False,False,True,False
19,77.24,60.34,38,74,73,72,100,56,98,70,1,10,7,2,7,2,0,6,False,True,False,False,True,False,False,False,False,False,False,True,False,True,False,False,False,True,False,False,False,False,True
17,79.72,71.14,61,67,53,85,43,37,88,83,3,6,3,3,3,7,5,3,False,True,False,False,False,False,True,False,True,False,False,False,False,False,False,True,True,False,True,False,False,False,False
17,62.27,87.77,77,71,53,76,77,39,55,71,1,5,7,6,1,4,1,1,False,True,False,False,False,False,True,True,False,False,False,False,False,False,False,True,True,False,False,False,True,False,False
20,65.56,75.31,65,52,80,65,100,66,66,96,4,10,1,7,5,4,1,4,True,False,False,False,True,False,False,False,False,False,False,True,False,True,False,False,True,False,False,False,False,False,True
18,79.5,61.74,45,56,81,54,53,75,100,62,7,6,6,4,4,4,0,0,False,True,False,False,False,True,False,False,False,False,True,False,False,False,True,False,True,False,False,True,False,False,False
17,88.76,82.1,71,46,79,82,68,79,83,52,3,1,7,7,2,1,4,1,True,False,False,False,False,True,False,False,False,True,False,False,False,False,True,False,True,False,True,False,False,False,False
21,69.86,87.07,84,84,61,79,55,35,66,84,5,4,6,3,1,3,1,5,True,False,False,False,False,False,True,True,False,False,False,False,False,False,False,True,False,True,False,True,False,False,False
18,69.02,69.5,65,54,92,72,90,58,72,62,3,8,2,1,2,4,0,5,True,False,False,False,True,False,False,False,False,False,False,True,False,True,False,False,True,False,False,False,False,True,False
18,64.5,72.92,60,55,93,67,83,44,71,58,4,9,2,3,5,7,2,5,True,False,False,False,True,False,False,False,False,False,False,True,False,True,False,False,True,False,False,False,False,True,False
18,73.14,81.26,80,74,86,86,50,67,95,81,2,3,4,4,5,7,7,0,False,True,False,False,False,False,True,False,True,False,False,False,False,False,False,True,True,False,False,False,True,False,False
21,83.01,74.3,77,77,39,92,81,55,66,91,1,2,10,3,1,1,4,1,False,True,False,False,False,False,True,False,False,True,False,False,False,False,False,True,True,False,True,False,False,False,False
20,80.56,60.35,45,36,51,53,79,86,77,66,1,4,6,3,3,2,1,4,False,True,False,True,False,False,False,False,True,False,False,False,True,False,False,False,True,False,False,False,False,False,True
20,71.95,83.18,61,57,73,59,79,42,81,73,7,4,1,5,4,7,2,2,True,False,False,False,False,False,True,False,False,False,False,True,False,False,False,True,True,False,False,False,False,True,False
21,77.84,78.13,53,76,58,61,100,56,53,69,2,10,5,2,3,4,2,4,True,False,False,False,True,False,False,False,False,False,False,True,False,True,False,False,True,False,False,False,False,False,True
18,78.12,56.73,87,95,62,70,63,71,93,100,8,1,2,4,3,3,7,7,True,False,False,False,False,False,True,True,False,False,False,False,False,False,False,True,False,True,False,False,True,False,False
18,81.12,84.84,91,100,52,73,51,78,97,78,7,8,2,8,2,7,1,5,False,True,False,False,False,False,True,False,False,False,False,True,True,False,False,False,False,True,False,False,False,False,True
19,76.3,73.58,98,100,57,71,53,51,64,84,7,3,9,3,3,2,2,4,True,False,False,False,False,False,True,True,False,False,False,False,False,False,False,True,True,False,False,True,False,False,False
20,80.19,77.06,53,46,54,57,38,64,63,79,5,1,3,4,4,3,3,2,False,True,False,True,False,False,False,True,False,False,False,False,True,False,False,False,True,False,False,False,True,False,False
21,95.71,77.85,91,100,58,74,77,72,66,81,4,1,8,2,6,6,1,2,False,True,False,False,False,False,True,True,False,False,False,False,False,False,False,True,False,True,False,True,False,False,False
20,84.33,71.52,100,100,94,100,45,80,84,63,1,3,10,2,4,1,3,6,False,True,False,False,False,False,True,True,False,False,False,False,False,False,False,True,True,False,False,False,True,False,False
19,97.96,86.65,99,73,50,70,77,76,62,95,6,3,10,5,5,1,2,2,True,False,False,True,False,False,False,False,False,True,False,False,True,False,False,False,False,True,True,False,False,False,False
21,86.48,91.02,87,58,52,53,43,78,49,80,4,1,10,6,1,3,1,3,True,False,False,True,False,False,False,False,False,True,False,False,True,False,False,False,True,False,False,False,False,True,False
19,73.62,69.86,69,93,88,78,86,63,86,79,10,5,7,7,2,4,2,6,False,True,False,False,False,False,True,False,False,False,False,True,False,False,False,True,True,False,False,False,False,False,True
18,86.0,98.24,100,95,81,100,73,64,66,83,4,8,10,4,4,4,2,0,True,False,False,False,False,False,True,True,False,False,False,False,False,False,False,True,False,True,False,True,False,False,False
21,90.27,82.23,72,65,42,49,64,42,47,93,6,4,8,3,2,3,0,8,False,True,False,True,False,False,False,False,False,False,False,True,True,False,False,False,False,True,False,False,False,True,False
19,90.24,88.86,68,68,64,77,81,80,98,98,9,4,6,5,5,5,2,3,False,True,False,False,False,False,True,False,False,False,False,True,False,False,False,True,True,False,False,False,False,False,True
18,90.65,80.98,67,50,97,67,98,65,50,61,2,10,2,1,6,5,2,2,False,True,False,False,True,False,False,False,False,False,False,True,False,True,False,False,True,False,False,False,False,False,True
19,79.53,75.51,51,63,68,60,75,35,52,76,5,10,1,2,1,3,2,1,False,True,False,False,True,False,False,False,False,False,False,True,False,True,False,False,False,True,False,False,False,False,True
21,84.0,65.73,90,62,64,78,49,44,54,91,4,2,8,1,3,1,2,6,False,True,False,True,False,False,False,True,False,False,False,False,True,False,False,False,False,True,False,True,False,False,False
20,80.65,89.77,86,93,77,83,71,58,98,76,1,1,10,4,4,5,2,1,False,True,False,False,False,False,True,False,False,True,False,False,False,False,False,True,False,True,True,False,False,False,False
21,80.97,85.26,99,83,81,83,85,66,88,70,3,4,8,4,5,3,1,2,False,True,False,False,False,False,True,False,False,True,False,False,False,False,False,True,True,False,True,False,False,False,False
18,74.46,81.9,87,100,47,86,79,74,69,81,9,6,4,2,5,1,0,7,True,False,False,False,False,False,True,False,False,False,False,True,False,False,False,True,False,True,False,False,True,False,False
20,86.03,86.75,66,54,58,63,80,55,86,55,5,9,1,1,2,2,3,5,True,False,False,False,True,False,False,False,False,False,False,True,False,True,False,False,False,True,False,False,False,False,True
19,78.81,83.36,79,76,78,93,62,65,82,84,10,2,1,2,1,6,2,1,True,False,False,False,False,False,True,False,False,False,False,True,False,False,False,True,False,True,False,False,True,False,False
19,73.83,99.0,63,90,48,93,45,53,62,71,7,6,5,1,1,1,2,4,False,True,False,False,False,False,True,False,False,False,False,True,False,False,False,True,True,False,False,False,False,False,True
17,72.3,68.05,67,100,78,100,83,35,67,90,10,6,4,2,5,4,2,3,True,False,False,False,False,False,True,False,False,False,False,True,False,False,False,True,False,True,False,False,False,False,True
20,79.35,62.9,56,84,77,90,45,56,62,97,10,1,5,8,5,7,4,2,True,False,False,False,False,False,True,False,False,False,False,True,True,False,False,False,True,False,False,False,False,False,True
21,73.59,81.09,72,93,67,81,71,36,77,90,1,5,10,1,1,5,1,4,False,True,False,False,False,False,True,True,False,False,False,False,False,False,False,True,True,False,False,True,False,False,False
17,92.49,99.0,74,43,61,58,76,56,76,54,6,9,1,3,3,1,1,1,False,True,False,False,True,False,False,False,False,False,False,True,False,True,False,False,False,True,False,False,False,False,True
20,69.09,96.3,76,95,92,62,59,35,63,85,1,3,10,8,1,4,3,3,True,False,False,False,False,False,True,False,False,True,False,False,False,False,False,True,False,True,True,False,False,False,False
21,75.52,59.43,63,46,95,54,65,75,76,72,1,4,4,2,7,10,3,0,False,False,True,False,False,False,True,False,True,False,False,False,False,False,False,True,True,False,False,False,True,False,False
17,61.57,90.58,79,77,91,93,50,73,66,98,10,1,6,4,4,6,2,2,True,False,False,False,False,False,True,False,False,False,False,True,False,False,False,True,True,False,False,False,True,False,False
21,70.35,90.65,76,85,60,73,54,30,64,84,6,2,8,3,2,1,1,5,True,False,False,False,False,False,True,True,False,False,False,False,False,False,False,True,False,True,False,True,False,False,False
22,63.1,76.33,64,63,83,70,58,73,55,80,7,5,6,6,1,9,3,6,True,False,False,False,False,False,True,False,True,False,False,False,False,False,False,True,True,False,True,False,False,False,False
20,78.25,76.73,84,99,65,87,61,50,75,91,2,1,8,2,1,1,3,3,True,False,False,False,False,False,True,True,False,False,False,False,False,False,False,True,True,False,False,False,True,False,False
21,73.4,87.58,63,63,61,53,77,36,94,73,7,4,2,1,1,4,2,8,False,True,False,False,False,False,True,False,False,False,False,True,False,False,False,True,False,True,False,False,True,False,False
20,76.06,91.12,74,65,48,86,45,35,62,71,10,3,1,3,3,3,2,1,True,False,False,False,False,False,True,False,False,False,False,True,False,False,False,True,False,True,True,False,False,False,False
19,60.05,77.38,90,100,55,73,48,47,63,95,10,2,3,2,4,2,1,2,True,False,False,False,False,False,True,True,False,False,False,False,False,False,False,True,True,False,False,False,True,False,False
20,79.56,69.65,86,91,92,88,67,63,63,73,4,5,1,4,4,10,4,5,True,False,False,False,False,False,True,False,True,False,False,False,False,False,False,True,False,True,False,False,True,False,False
17,82.39,82.84,77,43,82,58,46,44,80,77,3,4,3,1,7,6,6,3,False,True,False,True,False,False,False,True,False,False,False,False,True,False,False,False,True,False,False,False,False,False,True
20,79.02,88.38,56,66,90,81,59,39,94,100,1,4,4,4,10,4,0,4,False,True,False,False,False,False,True,False,False,False,True,False,False,False,False,True,True,False,True,False,False,False,False
17,82.77,84.31,90,93,54,76,49,67,79,96,10,3,6,6,3,5,3,5,False,True,False,False,False,False,True,False,False,False,False,True,False,False,False,True,False,True,False,False,True,False,False
17,72.22,72.6,51,64,95,72,86,70,49,76,4,1,4,4,1,5,2,4,False,True,False,False,False,False,True,True,False,False,False,False,False,False,False,True,False,True,False,True,False,False,False
19,79.64,71.49,73,98,63,95,42,35,81,85,7,7,5,1,2,4,2,1,True,False,False,False,False,False,True,True,False,False,False,False,False,False,False,True,True,False,False,False,True,False,False
19,84.54,85.99,98,99,86,86,40,73,65,76,5,5,6,1,5,7,3,2,True,False,False,False,False,False,True,False,True,False,False,False,False,False,False,True,False,True,True,False,False,False,False
19,69.52,69.18,72,97,49,71,48,64,50,72,9,2,6,5,5,2,0,4,False,True,False,False,False,False,True,False,False,False,False,True,False,False,False,True,True,False,False,False,True,False,False
18,74.93,82.18,58,94,77,56,80,40,85,70,7,5,1,4,5,3,4,5,False,True,False,False,False,False,True,False,False,False,False,True,True,False,False,False,True,False,False,False,True,False,False
20,95.7,76.89,95,57,94,87,63,45,65,76,2,3,10,3,5,2,1,2,False,True,False,True,False,False,False,True,False,False,False,False,True,False,False,False,True,False,False,False,False,True,False
21,89.39,62.49,78,42,88,74,39,68,62,78,1,5,10,2,5,1,3,1,False,True,False,True,False,False,False,False,False,True,False,False,True,False,False,False,True,False,False,True,False,False,False
20,77.4,74.97,99,82,88,82,45,73,100,75,1,4,2,2,10,1,3,5,False,True,False,False,False,False,True,False,False,False,True,False,False,False,False,True,True,False,True,False,False,False,False
21,91.08,60.67,73,78,46,93,53,39,100,76,9,3,4,3,7,4,1,6,False,True,False,False,False,False,True,False,False,False,False,True,False,False,False,True,False,True,False,False,False,False,True
18,81.55,88.49,98,76,68,100,62,36,69,73,4,3,10,3,4,6,1,1,True,False,False,False,False,False,True,True,False,False,False,False,False,False,False,True,True,False,False,True,False,False,False
19,82.75,96.29,95,100,69,86,43,69,61,86,4,6,10,6,5,2,2,5,True,False,False,False,False,False,True,True,False,False,False,False,False,False,False,True,False,True,False,True,False,False,False
20,67.5,80.23,81,89,56,64,64,76,47,84,9,3,5,2,4,1,0,7,False,True,False,False,False,False,True,False,False,False,False,True,True,False,False,False,False,True,False,False,True,False,False
20,79.18,89.86,69,81,87,83,55,34,71,73,10,2,4,1,2,2,1,2,False,True,False,False,False,False,True,False,False,False,False,True,True,False,False,False,True,False,False,False,False,False,True
19,83.06,73.16,62,68,76,98,83,36,90,99,3,2,8,5,1,5,1,5,True,False,False,False,False,False,True,True,False,False,False,False,False,False,False,True,False,True,False,False,True,False,False
19,62.11,67.78,79,71,91,72,54,30,68,82,1,1,3,5,7,5,3,5,True,False,False,False,False,False,True,False,False,False,True,False,False,False,False,True,False,True,True,False,False,False,False
21,70.58,89.47,85,69,54,77,70,80,69,92,2,5,1,5,4,8,2,5,True,False,False,False,False,False,True,False,True,False,False,False,False,False,False,True,False,True,True,False,False,False,False
19,87.13,70.65,57,67,74,100,79,38,95,100,4,2,9,6,2,5,0,5,True,False,False,False,False,False,True,True,False,False,False,False,False,False,False,True,False,True,False,False,True,False,False
21,71.53,60.08,100,97,71,85,42,67,61,89,10,4,5,4,6,3,1,2,False,True,False,False,False,False,True,False,False,False,False,True,False,False,False,True,False,True,False,False,False,False,True
18,86.79,82.93,72,73,93,62,49,100,87,54,2,2,8,10,6,3,3,4,False,True,False,False,False,True,False,False,False,True,False,False,False,False,True,False,True,False,True,False,False,False,False
20,65.02,91.6,71,67,88,94,46,35,93,91,2,5,2,4,10,4,3,2,False,True,False,False,False,False,True,False,False,False,True,False,False,False,False,True,False,True,True,False,False,False,False
19,82.85,73.78,56,67,76,64,81,64,82,75,2,2,10,3,5,3,1,7,False,True,False,True,False,False,False,False,False,True,False,False,True,False,False,False,False,True,True,False,False,False,False
18,65.79,53.29,88,78,97,88,83,59,97,75,3,1,10,6,1,1,1,6,True,False,False,False,False,False,True,False,False,True,False,False,False,False,False,True,False,True,True,False,False,False,False
22,88.23,85.43,97,93,63,86,52,78,59,84,7,6,1,5,3,1,4,4,False,False,True,False,False,False,True,False,False,False,False,True,False,False,False,True,False,True,True,False,False,False,False
20,80.98,80.37,86,74,48,86,61,35,100,98,9,5,3,2,3,4,3,0,True,False,False,False,False,False,True,False,False,False,False,True,False,False,False,True,False,True,True,False,False,False,False
17,66.57,88.89,99,100,87,92,38,69,85,73,2,4,1,3,4,10,3,2,False,True,False,False,False,False,True,False,True,False,False,False,False,False,False,True,True,False,True,False,False,False,False
23,80.58,91.71,72,79,95,92,84,63,71,85,10,5,7,1,4,3,4,4,False,True,False,False,False,False,True,False,False,False,False,True,False,False,False,True,True,False,False,False,True,False,False
18,86.91,69.67,84,80,48,73,65,55,79,76,2,2,7,1,4,4,2,1,False,True,False,False,False,False,True,True,False,False,False,False,False,False,False,True,False,True,False,False,True,False,False
22,72.74,83.82,68,100,78,78,70,35,64,93,7,3,3,1,7,3,2,5,True,False,False,False,False,False,True,False,False,False,False,True,True,False,False,False,False,True,False,False,True,False,False
23,83.88,74.25,73,82,64,100,35,35,94,86,4,6,1,1,1,9,1,4,True,False,False,False,False,False,True,False,True,False,False,False,False,False,False,True,True,False,False,False,True,False,False
20,83.34,67.07,94,76,88,73,55,61,77,72,8,2,1,1,5,3,1,3,True,False,False,False,False,False,True,True,False,False,False,False,False,False,False,True,True,False,False,False,True,False,False
20,80.6,82.86,73,77,64,65,45,35,63,81,8,2,6,5,3,2,5,1,True,False,False,False,False,False,True,False,False,False,False,True,True,False,False,False,True,False,False,False,False,False,True
21,81.39,90.48,85,73,48,91,35,72,89,95,6,1,10,5,1,2,2,3,False,True,False,False,False,False,True,True,False,False,False,False,False,False,False,True,True,False,False,True,False,False,False
18,82.18,82.19,100,99,80,96,60,50,61,100,10,2,1,3,1,3,1,0,True,False,False,False,False,False,True,True,False,False,False,False,False,False,False,True,True,False,False,True,False,False,False
23,74.77,55.0,81,42,92,55,39,59,52,79,4,2,8,2,4,4,2,3,False,True,False,True,False,False,False,False,False,True,False,False,True,False,False,False,False,True,False,False,False,True,False
17,62.71,73.3,88,88,74,76,58,54,55,90,6,1,6,2,6,4,2,2,False,True,False,False,False,False,True,False,False,False,False,True,True,False,False,False,True,False,False,False,True,False,False
21,67.05,96.2,85,83,78,68,76,64,53,93,7,5,1,1,5,5,1,2,True,False,False,False,False,False,True,False,False,False,False,True,True,False,False,False,True,False,False,False,True,False,False
17,90.76,76.94,79,76,45,80,55,58,74,81,5,2,1,6,1,7,1,3,True,False,False,False,False,False,True,False,True,False,False,False,False,False,False,True,True,False,False,False,True,False,False
20,78.39,67.87,86,83,90,100,41,33,69,77,9,3,1,5,5,6,1,3,True,False,False,False,False,False,True,False,False,False,False,True,False,False,False,True,True,False,False,False,False,False,True
18,82.49,84.88,96,77,51,54,85,44,69,80,3,3,10,1,1,7,0,3,True,False,False,True,False,False,False,False,False,True,False,False,True,False,False,False,False,True,True,False,False,False,False
19,69.9,75.84,68,40,70,60,77,76,86,86,2,3,2,6,4,3,0,2,True,False,False,False,False,False,True,False,False,False,False,True,False,False,False,True,True,False,False,False,True,False,False
20,89.63,83.93,89,84,75,89,47,48,64,85,3,1,4,1,4,10,0,2,False,True,False,False,False,False,True,False,True,False,False,False,False,False,False,True,True,False,True,False,False,False,False
24,90.14,87.05,89,39,84,62,76,55,71,100,5,5,10,1,3,1,0,1,False,True,False,True,False,False,False,False,False,True,False,False,True,False,False,False,True,False,False,False,False,True,False
19,85.05,68.02,99,100,63,79,43,32,55,83,9,3,6,2,4,1,2,3,False,True,False,False,False,False,True,True,False,False,False,False,False,False,False,True,False,True,False,False,True,False,False
20,83.02,76.57,85,100,84,87,72,69,86,80,6,4,10,3,4,2,3,6,True,False,False,False,False,False,True,True,False,False,False,False,False,False,False,True,True,False,False,False,True,False,False
18,64.04,88.28,69,72,70,85,53,76,75,77,5,5,4,2,8,2,0,4,False,False,True,False,False,False,True,False,False,False,True,False,False,False,False,True,True,False,True,False,False,False,False
19,74.51,87.0,91,91,43,74,73,49,81,88,7,3,2,4,10,3,6,6,True,False,False,False,False,False,True,False,False,False,True,False,False,False,False,True,False,True,True,False,False,False,False
22,79.46,94.2,78,56,64,68,77,69,63,70,3,4,10,1,3,5,2,2,True,False,False,True,False,False,False,False,False,True,False,False,True,False,False,False,True,False,False,False,False,True,False
18,85.2,58.18,97,75,68,85,46,66,97,76,8,6,3,3,5,2,1,1,False,True,False,False,False,False,True,False,False,False,False,True,False,False,False,True,False,True,True,False,False,False,False
19,82.89,81.66,100,72,92,88,82,74,87,91,3,2,6,2,2,7,0,2,True,False,False,True,False,False,False,True,False,False,False,False,True,False,False,False,True,False,False,False,False,True,False
18,90.57,74.22,100,55,100,81,72,51,75,82,6,5,10,6,3,2,2,2,False,True,False,True,False,False,False,True,False,False,False,False,True,False,False,False,True,False,False,False,False,True,False
21,76.03,67.26,45,59,94,86,57,94,67,66,4,3,3,9,6,4,1,2,True,False,False,False,False,True,False,False,False,True,False,False,False,False,True,False,True,False,False,False,False,True,False
18,85.63,55.04,78,74,59,94,63,37,70,87,6,7,10,6,5,5,3,3,True,False,False,False,False,False,True,True,False,False,False,False,False,False,False,True,True,False,False,True,False,False,False
19,76.07,73.44,96,66,85,63,88,35,60,68,5,2,10,5,1,7,5,2,False,True,False,True,False,False,False,False,False,True,False,False,True,False,False,False,True,False,True,False,False,False,False
17,80.34,79.56,93,75,56,83,57,60,58,82,2,2,6,5,1,2,0,6,False,True,False,True,False,False,False,True,False,False,False,False,True,False,False,False,True,False,False,False,False,True,False
21,78.18,84.03,73,92,69,92,77,35,74,89,1,5,8,1,1,5,0,4,False,True,False,False,False,False,True,True,False,False,False,False,False,False,False,True,True,False,False,True,False,False,False
17,79.03,88.63,93,85,57,67,46,35,100,86,10,3,6,4,4,1,3,2,False,True,False,False,False,False,True,False,False,False,False,True,False,False,False,True,True,False,False,False,True,False,False
20,80.84,78.88,80,98,71,88,66,52,81,90,7,1,5,5,4,5,3,5,True,False,False,False,False,False,True,True,False,False,False,False,False,False,False,True,False,True,False,False,True,False,False
18,74.53,92.61,95,82,59,98,40,52,81,90,9,4,8,6,2,8,0,3,True,False,False,False,False,False,True,True,False,False,False,False,False,False,False,True,True,False,False,False,True,False,False
17,63.59,72.17,45,56,56,70,90,86,65,62,2,10,6,4,3,5,0,2,True,False,False,False,True,False,False,False,False,False,False,True,False,True,False,False,True,False,False,False,False,False,True
23,71.18,87.47,69,100,38,69,69,58,63,86,10,8,6,5,7,5,1,3,False,True,False,False,False,False,True,False,False,False,False,True,True,False,False,False,True,False,False,False,True,False,False
21,72.87,96.93,79,89,87,70,55,31,61,85,1,4,10,6,2,2,2,2,True,False,False,False,False,False,True,False,False,True,False,False,False,False,False,True,False,True,True,False,False,False,False
17,87.68,68.65,90,66,77,84,37,36,66,72,1,4,1,3,10,3,1,1,True,False,False,False,False,False,True,False,False,False,True,False,False,False,False,True,True,False,True,False,False,False,False
21,90.97,83.7,71,41,62,86,73,60,93,79,1,6,9,5,1,4,2,3,False,True,False,True,False,False,False,False,False,True,False,False,True,False,False,False,True,False,False,True,False,False,False
20,58.85,71.59,67,100,89,87,84,39,78,92,10,1,1,2,4,6,2,2,True,False,False,False,False,False,True,False,False,False,False,True,False,False,False,True,False,True,False,False,True,False,False
18,76.82,93.78,93,100,91,88,38,61,92,84,10,3,4,6,3,7,1,8,False,False,True,False,False,False,True,False,False,False,False,True,False,False,False,True,False,True,False,False,True,False,False
21,90.02,75.22,71,66,66,61,60,39,53,91,8,2,2,4,2,6,1,4,True,False,False,False,False,False,True,False,False,False,False,True,True,False,False,False,True,False,False,False,False,False,True
20,85.42,73.96,93,99,68,87,68,44,81,95,7,1,3,6,6,7,3,5,True,False,False,False,False,False,True,True,False,False,False,False,False,False,False,True,False,True,False,False,True,False,False
21,87.91,89.11,84,99,63,72,39,46,97,70,2,3,6,5,4,10,3,5,True,False,False,False,False,False,True,False,True,False,False,False,False,False,False,True,False,True,True,False,False,False,False
21,64.42,76.96,73,100,77,79,69,67,55,78,10,4,7,7,4,1,5,3,True,False,False,False,False,False,True,False,False,False,False,True,False,False,False,True,False,True,True,False,False,False,False
20,72.74,74.71,62,85,82,77,65,63,81,73,8,3,5,6,1,3,3,6,False,True,False,False,False,False,True,True,False,False,False,False,False,False,False,True,False,True,False,False,True,False,False
21,71.54,63.11,94,66,43,85,45,49,57,88,7,3,2,4,3,4,4,3,False,True,False,False,False,False,True,False,False,False,False,True,True,False,False,False,False,True,False,False,False,False,True
17,78.76,62.92,87,78,80,99,37,60,63,82,10,1,1,2,4,4,3,3,False,True,False,False,False,False,True,False,False,False,False,True,False,False,False,True,False,True,False,False,True,False,False
18,84.34,83.85,63,45,81,57,42,80,52,81,1,3,5,6,3,6,3,2,False,True,False,False,False,False,True,False,True,False,False,False,False,False,False,True,False,True,False,False,False,False,True
19,79.24,64.75,70,83,95,77,37,78,85,99,3,2,6,5,6,10,0,3,True,False,False,False,False,False,True,False,True,False,False,False,False,False,False,True,True,False,False,False,True,False,False
17,80.9,83.13,62,71,91,81,83,33,67,84,4,10,2,2,6,1,1,5,False,True,False,False,True,False,False,False,False,False,False,True,False,True,False,False,False,True,False,False,False,False,True
20,78.72,87.03,80,74,94,91,47,40,82,74,4,2,5,1,8,2,1,7,False,True,False,False,False,False,True,False,False,False,True,False,False,False,False,True,False,True,True,False,False,False,False
19,76.39,70.91,47,77,92,84,93,82,88,55,3,8,3,4,5,6,2,4,False,True,False,False,True,False,False,False,False,False,False,True,False,True,False,False,True,False,False,False,False,False,True
19,84.02,57.87,96,100,78,67,65,52,60,96,4,2,3,4,3,10,3,6,False,True,False,False,False,False,True,False,True,False,False,False,False,False,False,True,False,True,False,False,True,False,False
20,82.47,71.27,93,100,89,100,46,76,85,67,3,3,10,1,6,4,3,5,False,True,False,False,False,False,True,True,False,False,False,False,False,False,False,True,True,False,False,False,True,False,False
18,83.25,62.94,93,66,56,74,84,36,60,92,8,7,9,5,3,2,1,1,False,True,False,True,False,False,False,False,False,True,False,False,True,False,False,False,True,False,True,False,False,False,False
18,65.48,61.45,71,80,47,73,35,62,68,100,9,1,2,1,4,1,1,5,True,False,False,False,False,False,True,False,False,False,False,True,True,False,False,False,True,False,False,False,False,False,True
22,91.35,57.36,67,75,82,87,65,72,82,97,5,3,4,2,6,7,4,0,False,True,False,False,False,False,True,False,True,False,False,False,False,False,False,True,True,False,True,False,False,False,False
21,81.85,72.96,86,100,39,100,49,48,80,99,10,2,1,4,4,1,0,5,False,True,False,False,False,False,True,False,False,False,False,True,False,False,False,True,True,False,False,False,True,False,False
19,69.69,76.83,86,74,58,63,39,37,87,96,2,1,7,5,5,4,2,1,False,True,False,True,False,False,False,False,False,True,False,False,True,False,False,False,True,False,False,False,False,True,False
18,85.65,75.87,52,49,61,58,65,47,74,89,3,2,6,1,3,2,5,2,False,True,False,False,False,False,True,True,False,False,False,False,False,False,False,True,False,True,False,False,True,False,False
22,75.47,88.98,79,71,82,89,99,59,92,69,6,10,3,4,5,1,2,3,False,True,False,False,True,False,False,False,False,False,False,True,False,True,False,False,True,False,False,False,False,False,True
21,87.9,87.62,89,100,56,76,51,37,71,73,5,1,9,7,1,4,3,3,False,True,False,False,False,False,True,True,False,False,False,False,False,False,False,True,True,False,False,False,True,False,False
21,76.32,83.61,74,99,71,83,62,31,65,95,8,2,3,1,6,5,1,3,True,False,False,False,False,False,True,False,False,False,False,True,True,False,False,False,False,True,False,False,True,False,False
19,79.56,72.61,60,87,44,75,51,67,50,86,7,2,1,7,10,4,3,1,True,False,False,False,False,False,True,False,False,False,True,False,False,False,False,True,True,False,True,False,False,False,False
20,88.45,61.96,88,40,81,71,43,75,67,79,2,5,9,1,6,2,3,0,False,True,False,True,False,False,False,True,False,False,False,False,True,False,False,False,True,False,False,True,False,False,False
17,64.42,88.83,86,78,97,93,58,65,59,91,10,1,6,6,4,4,3,2,True,False,False,False,False,False,True,False,False,False,False,True,False,False,False,True,True,False,False,False,True,False,False
20,76.09,72.41,91,67,54,79,67,80,56,79,1,2,9,4,2,3,1,4,True,False,False,False,False,False,True,True,False,False,False,False,False,False,False,True,False,True,False,True,False,False,False
21,75.38,63.15,72,96,84,70,79,67,61,85,5,7,2,8,2,5,3,3,True,False,False,False,False,False,True,False,False,False,False,True,True,False,False,False,True,False,False,False,True,False,False
20,87.27,99.0,72,79,45,76,82,57,94,83,1,9,1,6,5,1,4,5,False,True,False,False,True,False,False,False,False,False,False,True,False,True,False,False,False,True,False,False,False,False,True
17,73.4,62.98,89,68,80,71,74,70,86,99,3,4,4,4,5,9,1,2,False,True,False,False,False,False,True,False,True,False,False,False,False,False,False,True,True,False,False,False,True,False,False
20,90.12,81.19,54,100,60,65,65,60,80,100,9,2,1,3,1,3,1,6,False,True,False,False,False,False,True,False,False,False,False,True,False,False,False,True,False,True,False,False,True,False,False
19,77.07,70.63,53,83,92,80,96,80,90,63,2,10,4,5,4,6,2,1,False,True,False,False,True,False,False,False,False,False,False,True,False,True,False,False,True,False,False,False,False,False,True
19,78.49,76.35,87,92,76,79,49,36,68,82,9,2,1,7,1,1,4,8,True,False,False,False,False,False,True,False,False,False,False,True,True,False,False,False,False,True,False,False,False,False,True
21,94.61,72.96,68,85,78,95,60,37,75,100,10,5,1,3,8,3,7,4,True,False,False,False,False,False,True,False,False,False,False,True,False,False,False,True,False,True,False,False,True,False,False
18,75.96,93.45,65,35,53,71,81,35,100,74,4,2,10,1,5,6,2,3,False,True,False,True,False,False,False,False,False,True,False,False,True,False,False,False,True,False,True,False,False,False,False
20,62.26,59.78,52,74,62,81,91,74,56,65,3,10,5,1,4,5,2,4,False,True,False,False,True,False,False,False,False,False,False,True,False,True,False,False,False,True,False,False,False,False,True
19,82.81,75.21,100,88,44,76,42,55,85,83,10,1,6,5,3,5,2,0,False,True,False,False,False,False,True,False,False,False,False,True,False,False,False,True,True,False,False,False,True,False,False
18,70.61,84.67,89,76,47,96,41,52,60,84,9,5,5,1,2,4,2,5,True,False,False,False,False,False,True,False,False,False,False,True,False,False,False,True,False,True,False,False,False,False,True
19,78.28,99.0,65,91,79,82,56,60,59,85,10,3,4,1,2,4,0,5,True,False,False,False,False,False,True,False,False,False,False,True,False,False,False,True,True,False,False,False,True,False,False
17,75.66,80.75,63,77,77,76,61,41,80,75,9,5,6,1,1,5,0,2,True,False,False,False,False,False,True,False,False,False,False,True,True,False,False,False,False,True,False,False,False,False,True
21,60.28,74.54,92,100,82,95,63,82,82,78,3,3,9,1,6,6,3,4,False,True,False,False,False,False,True,True,False,False,False,False,False,False,False,True,True,False,False,False,True,False,False
20,79.27,67.23,60,73,78,94,57,42,94,74,8,4,2,3,3,5,4,4,True,False,False,False,False,False,True,False,False,False,False,True,False,False,False,True,True,False,False,False,False,False,True
19,78.03,69.38,90,84,57,99,40,62,90,100,1,6,10,6,5,2,3,0,True,False,False,False,False,False,True,True,False,False,False,False,False,False,False,True,False,True,False,True,False,False,False
20,88.29,67.78,61,65,74,43,95,62,83,61,5,6,1,3,5,2,0,5,True,False,False,False,True,False,False,True,False,False,False,False,False,True,False,False,False,True,True,False,False,False,False
19,81.64,87.36,85,84,45,86,53,52,68,80,10,3,4,6,1,6,2,1,True,False,False,False,False,False,True,False,False,False,False,True,False,False,False,True,True,False,False,False,True,False,False
18,67.73,65.66,87,89,98,78,63,67,65,81,8,6,1,1,4,5,3,5,False,True,False,False,False,False,True,False,False,False,False,True,False,False,False,True,False,True,False,False,True,False,False
18,88.82,76.11,71,85,96,94,53,35,89,71,10,1,4,4,3,1,2,2,False,True,False,False,False,False,True,False,False,False,False,True,False,False,False,True,True,False,False,False,True,False,False
21,82.01,66.88,70,67,53,75,98,52,50,88,2,9,4,1,6,1,4,2,False,True,False,False,True,False,False,False,False,False,False,True,False,True,False,False,True,False,False,False,False,False,True
18,72.71,85.24,75,54,72,95,59,60,80,86,3,6,9,1,4,1,0,1,True,False,False,True,False,False,False,False,False,True,False,False,True,False,False,False,True,False,True,False,False,False,False
19,80.78,63.69,40,85,80,73,100,56,89,60,2,10,6,4,7,6,1,8,False,True,False,False,True,False,False,False,False,False,False,True,False,True,False,False,False,True,False,False,False,False,True
17,71.18,72.11,85,69,83,92,55,79,73,86,3,7,10,5,5,3,2,2,True,False,False,False,False,False,True,False,False,True,False,False,False,False,False,True,True,False,True,False,False,False,False
18,72.56,92.73,93,93,85,87,42,70,92,87,10,2,4,4,3,5,2,10,False,False,True,False,False,False,True,False,False,False,False,True,False,False,False,True,False,True,False,False,True,False,False
23,84.24,85.52,55,82,47,84,53,38,69,99,10,7,5,1,4,5,3,3,True,False,False,False,False,False,True,False,False,False,False,True,False,False,False,True,True,False,False,False,False,False,True
23,95.41,83.48,89,49,59,79,93,55,73,66,5,10,4,2,3,3,0,2,True,False,False,False,True,False,False,False,False,False,False,True,False,True,False,False,True,False,False,False,False,False,True
22,75.09,71.55,69,88,75,55,59,58,81,79,8,6,6,2,4,1,2,4,False,True,False,False,False,False,True,False,False,False,False,True,True,False,False,False,True,False,False,False,True,False,False
20,95.12,87.9,99,74,71,88,82,51,84,100,1,3,1,6,10,2,1,2,True,False,False,False,False,False,True,False,False,False,True,False,False,False,False,True,True,False,True,False,False,False,False
21,88.81,91.83,51,67,76,80,93,53,86,71,3,7,6,6,5,2,1,4,False,True,False,False,True,False,False,False,False,False,False,True,False,True,False,False,False,True,False,False,False,False,True
20,85.23,70.82,68,35,78,71,70,92,56,78,3,1,4,9,3,1,1,1,False,True,False,False,False,True,False,False,False,True,False,False,False,False,True,False,True,False,False,False,False,True,False
17,85.23,67.34,76,69,84,70,70,49,67,77,3,1,5,6,5,1,0,2,False,True,False,True,False,False,False,True,False,False,False,False,True,False,False,False,True,False,False,False,False,True,False
18,62.68,83.64,82,82,91,71,68,36,55,100,1,6,1,6,3,9,1,3,False,True,False,False,False,False,True,False,True,False,False,False,False,False,False,True,True,False,False,False,True,False,False
19,74.79,88.18,72,99,80,100,35,42,79,78,9,1,1,5,6,4,4,1,False,True,False,False,False,False,True,True,False,False,False,False,False,False,False,True,True,False,False,True,False,False,False
21,71.59,65.0,86,62,71,87,75,64,57,76,10,7,2,4,1,2,0,2,True,False,False,False,False,False,True,False,False,False,False,True,True,False,False,False,True,False,False,False,True,False,False
18,83.27,79.53,72,60,45,73,92,38,54,72,2,10,4,2,4,6,6,5,False,True,False,False,True,False,False,False,False,False,False,True,False,True,False,False,False,True,False,False,False,False,True
25,89.09,75.18,72,93,70,74,41,65,81,74,1,4,2,5,2,10,0,6,False,True,False,False,False,False,True,False,True,False,False,False,False,False,False,True,False,True,False,False,True,False,False
19,77.49,95.44,96,89,52,80,77,50,95,91,8,3,1,7,10,3,7,6,True,False,False,False,False,False,True,False,False,False,True,False,False,False,False,True,False,True,True,False,False,False,False
20,76.88,76.0,100,77,90,69,47,65,65,79,4,4,6,3,2,10,1,4,True,False,False,False,False,False,True,False,True,False,False,False,False,False,False,True,False,True,False,False,True,False,False
18,76.99,79.74,96,52,81,93,59,62,77,89,3,5,10,1,2,4,0,4,True,False,False,True,False,False,False,False,False,True,False,False,True,False,False,False,True,False,True,False,False,False,False
19,97.83,92.3,46,52,85,52,65,55,81,92,4,5,5,6,6,4,1,3,True,False,False,False,False,False,True,False,False,False,True,False,False,False,False,True,True,False,False,False,False,False,True
22,67.5,77.6,71,91,80,85,75,68,57,72,8,5,6,6,2,1,5,4,True,False,False,False,False,False,True,False,False,False,False,True,False,False,False,True,False,True,True,False,False,False,False
20,85.46,72.26,97,76,64,99,57,44,75,100,10,1,1,4,2,3,0,0,False,True,False,False,False,False,True,False,False,False,False,True,False,False,False,True,True,False,False,False,True,False,False
21,78.41,81.15,57,81,86,76,62,43,67,86,1,4,10,2,4,4,5,2,True,False,False,False,False,False,True,False,False,True,False,False,False,False,False,True,True,False,True,False,False,False,False
19,76.45,74.39,67,67,50,71,69,48,67,94,6,7,5,3,10,1,3,1,False,False,True,False,False,False,True,False,False,False,True,False,False,False,False,True,True,False,True,False,False,False,False
19,71.28,79.19,69,57,56,59,82,39,100,79,7,2,7,2,5,9,2,1,True,False,False,False,False,False,True,False,True,False,False,False,False,False,False,True,True,False,False,False,False,True,False
19,76.58,77.45,66,80,53,97,49,48,57,82,9,2,4,6,2,1,1,2,False,True,False,False,False,False,True,False,False,False,False,True,False,False,False,True,True,False,False,False,True,False,False
19,88.29,78.94,66,100,81,81,58,79,86,73,2,2,8,6,6,5,1,1,True,False,False,False,False,False,True,False,False,True,False,False,False,False,False,True,True,False,True,False,False,False,False
18,83.29,58.01,72,75,81,75,52,35,54,78,3,6,9,4,3,6,2,3,False,True,False,False,False,False,True,True,False,False,False,False,False,False,False,True,True,False,False,True,False,False,False
17,70.75,97.55,65,96,53,91,60,40,92,66,9,2,6,6,3,5,3,3,False,True,False,False,False,False,True,False,False,False,False,True,False,False,False,True,True,False,False,False,False,False,True
18,81.03,85.75,71,66,68,69,77,71,91,71,5,2,8,4,1,2,1,2,True,False,False,True,False,False,False,False,False,True,False,False,True,False,False,False,False,True,False,False,False,True,False
19,80.64,55.92,63,100,80,87,51,49,71,100,9,4,5,5,2,1,4,2,True,False,False,False,False,False,True,True,False,False,False,False,False,False,False,True,True,False,False,False,True,False,False
20,75.96,76.29,65,99,58,56,73,47,66,77,10,5,1,5,3,2,0,6,False,True,False,False,False,False,True,False,False,False,False,True,True,False,False,False,True,False,False,False,True,False,False
18,70.97,83.6,92,73,60,83,90,62,92,67,1,10,6,3,7,1,2,3,True,False,False,False,True,False,False,False,False,False,False,True,False,True,False,False,True,False,False,False,False,False,True
17,70.05,74.76,84,77,89,83,67,76,79,72,2,4,10,6,6,4,0,4,True,False,False,False,False,False,True,False,False,True,False,False,False,False,False,True,True,False,True,False,False,False,False
17,83.73,56.57,68,77,66,79,63,42,69,94,6,6,10,5,4,4,2,3,True,False,False,False,False,False,True,True,False,False,False,False,False,False,False,True,True,False,False,True,False,False,False
19,73.98,90.24,77,78,49,100,46,35,82,90,2,3,7,6,4,10,1,4,True,False,False,False,False,False,True,False,True,False,False,False,False,False,False,True,True,False,False,False,True,False,False
20,97.94,74.73,64,77,56,90,46,41,61,82,1,3,9,3,4,4,1,3,False,True,False,False,False,False,True,True,False,False,False,False,False,False,False,True,True,False,False,False,True,False,False
17,86.38,55.0,57,48,83,41,35,66,96,98,5,4,3,6,1,5,1,4,True,False,False,True,False,False,False,False,False,True,False,False,True,False,False,False,True,False,False,False,False,True,False
19,80.78,68.53,100,90,59,79,37,53,78,78,8,6,2,3,4,4,2,3,True,False,False,False,False,False,True,False,False,False,False,True,False,False,False,True,True,False,True,False,False,False,False
18,78.06,77.48,65,70,56,44,45,67,52,74,5,4,3,2,2,3,2,3,True,False,False,True,False,False,False,False,False,True,False,False,True,False,False,False,False,True,True,False,False,False,False
18,80.28,68.51,77,100,73,81,35,48,71,77,10,3,8,2,1,1,0,4,True,False,False,False,False,False,True,False,False,False,False,True,False,False,False,True,False,True,False,False,True,False,False
20,80.31,82.48,83,73,93,76,45,73,79,73,4,5,3,2,4,8,0,5,True,False,False,False,False,False,True,False,True,False,False,False,False,False,False,True,False,True,True,False,False,False,False
19,72.18,69.97,83,92,67,70,68,76,100,84,8,3,8,7,3,3,0,7,False,True,False,False,False,False,True,True,False,False,False,False,False,False,False,True,False,True,False,True,False,False,False
18,86.24,92.32,89,99,78,89,58,45,86,73,10,7,1,1,5,5,3,3,False,True,False,False,False,False,True,False,False,False,False,True,False,False,False,True,True,False,False,False,True,False,False
18,73.09,75.38,90,88,65,77,41,47,81,81,2,2,5,6,4,10,3,4,True,False,False,False,False,False,True,False,True,False,False,False,False,False,False,True,True,False,False,False,True,False,False
17,81.06,68.8,79,83,69,73,62,39,51,70,9,1,1,7,4,3,2,6,True,False,False,False,False,False,True,False,False,False,False,True,True,False,False,False,False,True,False,False,False,False,True
20,77.72,73.8,53,74,58,58,100,63,55,63,4,10,4,2,4,5,3,3,True,False,False,False,True,False,False,False,False,False,False,True,False,True,False,False,True,False,False,False,False,False,True
20,80.6,82.54,76,95,54,67,66,64,89,95,9,2,5,4,6,5,2,0,False,True,False,False,False,False,True,False,False,False,False,True,True,False,False,False,True,False,False,False,False,False,True
19,77.17,74.08,73,99,78,88,50,68,54,77,1,1,4,3,4,10,1,1,False,True,False,False,False,False,True,False,True,False,False,False,False,False,False,True,True,False,False,False,True,False,False
18,95.52,62.28,71,86,61,64,83,35,54,59,3,10,4,2,4,1,4,2,True,False,False,False,True,False,False,False,False,False,False,True,False,True,False,False,True,False,False,False,False,False,True
19,86.88,85.66,89,93,63,90,63,79,73,83,2,5,3,1,4,7,7,2,False,True,False,False,False,False,True,False,True,False,False,False,False,False,False,True,True,False,False,False,True,False,False
20,80.73,73.98,47,79,88,81,92,75,84,61,4,7,2,3,5,5,2,2,False,True,False,False,True,False,False,False,False,False,False,True,False,True,False,False,True,False,False,False,False,False,True
20,67.52,83.77,93,70,69,93,75,40,65,71,1,2,10,3,4,5,3,4,False,True,False,False,False,False,True,True,False,False,False,False,False,False,False,True,False,True,False,False,True,False,False
21,86.82,65.95,60,41,65,64,95,80,54,58,7,8,5,5,6,7,0,4,True,False,False,False,True,False,False,False,False,False,False,True,False,True,False,False,True,False,False,False,False,False,True
21,83.08,77.48,59,64,90,49,49,35,91,75,2,4,5,2,2,3,1,0,False,True,False,True,False,False,False,False,False,True,False,False,True,False,False,False,True,False,False,False,True,False,False
21,83.03,77.12,94,68,45,86,56,41,55,78,7,4,3,5,5,1,1,2,False,True,False,False,False,False,True,False,False,False,False,True,False,False,False,True,True,False,False,False,False,False,True
18,75.56,84.92,91,99,88,70,75,45,95,94,3,4,6,4,4,10,1,0,False,False,True,False,False,False,True,False,True,False,False,False,False,False,False,True,True,False,False,False,True,False,False
18,72.79,99.0,77,73,96,91,56,47,53,62,7,2,4,2,4,10,1,5,True,False,False,False,False,False,True,False,True,False,False,False,False,False,False,True,True,False,True,False,False,False,False
19,82.5,88.24,60,57,69,54,81,58,47,67,3,5,5,3,1,1,6,2,True,False,False,False,True,False,False,False,False,False,False,True,False,True,False,False,True,False,False,False,False,False,True
19,63.85,87.69,95,51,63,57,64,59,54,84,4,4,8,2,1,2,2,2,False,True,False,True,False,False,False,False,False,True,False,False,True,False,False,False,True,False,False,False,True,False,False
18,76.72,67.92,54,49,66,38,60,63,63,88,2,5,10,1,3,4,1,2,False,True,False,False,False,False,True,False,False,False,False,True,False,False,False,True,True,False,False,False,False,False,True
21,69.68,82.08,85,71,58,56,81,60,74,86,9,2,1,3,4,3,3,7,True,False,False,False,False,False,True,False,False,False,False,True,True,False,False,False,False,True,False,False,True,False,False
17,76.15,81.66,99,96,86,79,79,45,48,86,6,3,8,3,1,2,3,7,False,True,False,False,False,False,True,False,False,True,False,False,False,False,False,True,False,True,True,False,False,False,False
20,77.3,92.48,56,62,71,47,47,39,100,74,7,1,1,3,3,6,3,4,False,True,False,False,False,False,True,True,False,False,False,False,False,False,False,True,False,True,False,False,False,False,True
20,81.19,81.21,98,53,71,93,46,79,95,85,3,2,8,1,2,6,1,5,True,False,False,True,False,False,False,True,False,False,False,False,True,False,False,False,True,False,False,True,False,False,False
21,74.09,69.91,73,89,87,76,70,72,85,98,4,6,9,2,1,3,4,5,True,False,False,False,False,False,True,False,False,True,False,False,False,False,False,True,False,True,True,False,False,False,False
17,94.16,79.2,92,84,70,76,45,66,60,77,6,5,4,3,10,2,7,1,True,False,False,False,False,False,True,False,False,False,True,False,False,False,False,True,True,False,True,False,False,False,False
19,63.45,97.04,79,97,84,78,47,54,75,71,10,4,1,2,6,3,2,3,True,False,False,False,False,False,True,False,False,False,False,True,False,False,False,True,True,False,False,False,False,False,True
19,70.08,79.09,54,67,97,61,35,63,69,79,4,2,1,8,1,5,2,3,False,True,False,True,False,False,False,True,False,False,False,False,True,False,False,False,True,False,False,False,True,False,False
23,87.57,73.2,76,77,66,100,85,67,69,94,4,3,10,1,1,4,3,3,True,False,False,False,False,False,True,False,False,True,False,False,False,False,False,True,True,False,True,False,False,False,False
20,80.22,91.79,85,89,69,97,41,79,96,99,6,1,5,4,6,10,4,3,True,False,False,False,False,False,True,False,True,False,False,False,False,False,False,True,True,False,False,False,True,False,False
19,72.28,64.82,46,62,47,75,78,58,85,71,2,10,2,6,5,4,2,4,False,True,False,False,True,False,False,False,False,False,False,True,False,True,False,False,False,True,False,False,False,False,True
19,87.56,65.73,77,72,80,88,42,35,80,69,10,6,4,5,1,3,1,3,True,False,False,False,False,False,True,False,False,False,False,True,False,False,False,True,False,True,True,False,False,False,False
17,69.6,82.65,85,100,85,96,36,68,67,98,9,3,6,2,8,8,4,4,True,False,False,False,False,False,True,True,False,False,False,False,False,False,False,True,True,False,False,False,True,False,False
18,78.07,67.46,76,85,67,79,63,35,66,75,9,2,1,5,7,1,0,5,True,False,False,False,False,False,True,False,False,False,False,True,True,False,False,False,False,True,False,False,False,False,True
20,80.46,60.02,64,98,70,74,60,41,69,75,9,6,2,3,4,2,5,3,False,True,False,False,False,False,True,False,False,False,False,True,False,False,False,True,True,False,False,False,False,False,True
21,72.39,73.23,89,95,95,100,72,39,67,74,10,6,3,2,6,5,3,1,True,False,False,False,False,False,True,False,False,False,False,True,False,False,False,True,True,False,False,False,True,False,False
18,84.85,77.51,74,47,52,74,59,33,60,83,4,2,9,6,6,5,0,4,False,False,True,True,False,False,False,False,False,True,False,False,True,False,False,False,True,False,False,False,False,True,False
21,76.2,77.04,77,74,76,69,85,44,65,66,1,9,4,6,2,5,0,2,True,False,False,False,True,False,False,False,False,False,False,True,False,True,False,False,True,False,False,False,False,False,True
22,79.4,85.75,70,81,92,74,76,66,83,81,8,5,3,1,4,1,0,5,True,False,False,False,False,False,True,True,False,False,False,False,False,False,False,True,False,True,False,True,False,False,False
18,84.21,85.82,79,71,92,88,97,70,73,54,4,10,1,4,4,1,4,1,True,False,False,False,True,False,False,False,False,False,False,True,False,True,False,False,True,False,False,False,False,False,True
20,79.27,77.16,92,78,66,69,40,35,70,86,10,6,4,6,4,7,0,4,True,False,False,False,False,False,True,False,False,False,False,True,False,False,False,True,True,False,False,False,True,False,False
18,88.62,85.08,62,98,67,70,51,74,75,84,5,5,8,4,2,4,1,5,False,True,False,False,False,False,True,True,False,False,False,False,False,False,False,True,False,True,False,False,True,False,False
19,67.74,94.01,82,81,100,80,54,68,78,80,10,5,1,6,1,3,1,1,False,False,True,False,False,False,True,False,False,False,False,True,False,False,False,True,True,False,True,False,False,False,False
21,76.09,89.02,93,72,44,95,80,80,66,99,4,1,10,2,2,2,5,4,True,False,False,False,False,False,True,False,False,True,False,False,False,False,False,True,False,True,True,False,False,False,False
18,83.91,63.76,60,45,50,63,62,53,54,90,5,2,8,1,1,4,0,3,False,True,False,True,False,False,False,False,False,True,False,False,True,False,False,False,True,False,False,True,False,False,False
23,80.59,69.7,55,66,84,83,69,60,91,100,5,4,9,4,6,3,2,5,True,False,False,True,False,False,False,False,False,True,False,False,True,False,False,False,True,False,False,False,False,True,False
17,67.48,82.66,75,88,78,89,84,61,86,90,4,3,5,4,8,5,2,3,False,True,False,False,False,False,True,False,False,False,True,False,False,False,False,True,True,False,True,False,False,False,False
17,71.15,69.76,70,77,79,82,60,60,62,81,4,3,10,6,5,1,1,2,True,False,False,True,False,False,False,False,False,True,False,False,True,False,False,False,True,False,True,False,False,False,False
20,67.42,70.63,86,55,45,85,65,47,77,93,3,3,10,6,3,7,0,1,False,True,False,True,False,False,False,True,False,False,False,False,True,False,False,False,False,True,False,False,False,True,False
19,70.91,77.33,93,72,94,91,37,35,86,99,1,1,10,3,1,3,0,8,True,False,False,True,False,False,False,False,False,True,False,False,True,False,False,False,False,True,True,False,False,False,False
20,66.96,70.66,76,100,53,76,42,68,49,72,10,1,8,7,3,2,0,6,False,True,False,False,False,False,True,False,False,False,False,True,False,False,False,True,True,False,False,False,True,False,False
17,60.24,82.92,81,74,61,88,85,40,50,67,2,6,8,6,1,2,1,3,False,True,False,False,False,False,True,True,False,False,False,False,False,False,False,True,True,False,False,False,True,False,False
18,69.3,60.97,79,94,55,92,39,69,76,93,4,3,5,5,6,7,1,4,False,True,False,False,False,False,True,False,True,False,False,False,False,False,False,True,True,False,True,False,False,False,False
17,69.44,66.05,97,70,78,76,66,69,92,91,1,5,3,2,4,10,2,4,False,True,False,False,False,False,True,False,True,False,False,False,False,False,False,True,True,False,False,False,True,False,False
20,84.75,56.07,82,50,49,68,86,48,82,72,2,2,10,4,1,4,1,1,True,False,False,True,False,False,False,False,False,True,False,False,True,False,False,False,True,False,False,False,False,True,False
21,82.98,62.5,74,100,75,87,44,59,80,100,10,1,4,2,6,4,0,1,True,False,False,False,False,False,True,False,False,False,False,True,False,False,False,True,False,True,True,False,False,False,False
18,91.18,77.1,97,79,81,100,87,65,69,78,10,4,1,2,7,1,2,6,True,False,False,False,False,False,True,True,False,False,False,False,False,False,False,True,False,True,False,True,False,False,False
20,78.23,58.6,62,95,68,96,54,70,69,79,7,2,8,3,1,10,1,4,False,True,False,False,False,False,True,False,True,False,False,False,False,False,False,True,True,False,True,False,False,False,False
17,92.24,73.9,53,45,76,58,82,78,85,58,4,5,1,6,2,3,1,4,True,False,False,False,True,False,False,True,False,False,False,False,False,True,False,False,True,False,False,False,True,False,False
18,62.31,72.84,86,58,60,88,79,67,63,85,2,3,10,8,7,7,0,4,True,False,False,True,False,False,False,True,False,False,False,False,True,False,False,False,True,False,False,True,False,False,False
19,77.84,77.99,76,57,54,71,78,67,62,75,3,4,10,1,6,2,2,5,True,False,False,True,False,False,False,False,False,True,False,False,True,False,False,False,False,True,False,True,False,False,False
19,88.89,80.32,77,78,81,100,46,81,100,76,10,1,3,3,2,7,2,3,True,False,False,False,False,False,True,False,False,False,False,True,False,False,False,True,True,False,False,False,True,False,False
21,90.74,87.4,93,93,74,91,69,35,84,76,4,4,3,6,1,10,1,0,False,True,False,False,False,False,True,False,True,False,False,False,False,False,False,True,True,False,False,False,True,False,False
21,83.67,97.63,49,56,93,88,81,93,70,71,1,5,5,9,1,1,1,4,True,False,False,False,False,True,False,False,False,True,False,False,False,False,True,False,True,False,True,False,False,False,False
18,74.12,70.1,63,66,79,89,74,44,78,79,3,1,10,7,4,2,0,4,False,True,False,True,False,False,False,True,False,False,False,False,True,False,False,False,False,True,False,True,False,False,False
20,83.11,81.96,76,92,89,82,62,41,88,93,4,1,10,5,1,5,2,0,True,False,False,False,False,False,True,False,False,True,False,False,False,False,False,True,False,True,True,False,False,False,False
20,64.89,79.32,67,49,60,70,90,39,92,85,3,3,7,3,2,9,0,3,True,False,False,False,False,False,True,False,True,False,False,False,False,False,False,True,True,False,False,False,False,True,False
18,76.37,94.44,62,88,85,66,68,63,95,92,10,5,1,1,5,3,0,5,True,False,False,False,False,False,True,False,False,False,False,True,True,False,False,False,True,False,False,False,True,False,False
18,96.41,78.8,86,70,87,84,61,42,96,96,3,4,10,1,1,2,1,4,True,False,False,False,False,False,True,False,False,True,False,False,False,False,False,True,True,False,True,False,False,False,False
22,80.73,73.9,51,49,81,77,42,90,100,78,4,1,10,8,1,1,3,4,False,True,False,False,False,True,False,False,False,True,False,False,False,False,True,False,True,False,True,False,False,False,False
18,73.77,80.03,71,77,89,64,83,35,74,84,2,10,4,1,6,3,1,4,False,True,False,False,True,False,False,False,False,False,False,True,False,True,False,False,True,False,False,False,False,False,True
18,77.93,87.08,67,42,78,46,38,44,81,72,2,3,5,3,6,5,5,2,False,True,False,True,False,False,False,True,False,False,False,False,True,False,False,False,True,False,False,False,False,False,True
19,84.62,59.66,74,76,49,85,81,61,100,95,10,1,2,4,3,7,2,4,True,False,False,False,False,False,True,False,False,False,False,True,False,False,False,True,True,False,False,False,True,False,False
19,72.37,71.41,55,75,79,57,42,74,77,84,5,4,3,4,1,4,3,6,False,False,True,False,False,False,True,True,False,False,False,False,False,False,False,True,False,True,False,True,False,False,False
19,81.5,80.89,52,43,45,43,79,74,68,87,6,3,4,5,3,2,0,4,True,False,False,False,True,False,False,False,False,False,True,False,False,True,False,False,True,False,False,False,False,False,True
22,73.91,52.41,91,48,94,67,47,57,50,71,2,2,7,3,6,2,3,5,False,True,False,True,False,False,False,True,False,False,False,False,True,False,False,False,False,True,False,False,False,True,False
18,68.83,64.63,66,99,79,66,35,39,69,63,5,6,1,5,10,4,2,3,False,True,False,False,False,False,True,False,False,False,True,False,False,False,False,True,False,True,True,False,False,False,False
20,79.74,59.85,88,73,58,83,57,62,69,91,5,3,7,5,5,4,1,1,True,False,False,False,False,False,True,True,False,False,False,False,False,False,False,True,True,False,False,True,False,False,False
20,83.07,74.33,62,41,93,72,45,69,45,100,6,4,2,1,7,6,2,1,True,False,False,False,False,False,True,False,False,False,True,False,False,False,False,True,False,True,False,False,False,True,False
20,69.69,62.71,61,68,74,98,73,58,60,90,9,6,6,5,5,6,1,5,False,True,False,False,False,False,True,False,False,False,False,True,False,False,False,True,False,True,False,False,False,False,True
20,87.45,66.11,60,71,50,78,86,61,61,75,5,5,4,1,3,10,3,6,False,False,True,False,False,False,True,False,True,False,False,False,False,False,False,True,True,False,False,False,True,False,False
20,85.33,71.84,89,42,84,72,35,80,84,73,2,4,7,1,2,7,1,1,True,False,False,True,False,False,False,True,False,False,False,False,True,False,False,False,True,False,False,False,False,True,False
17,80.91,88.15,90,90,71,77,73,35,90,95,9,6,4,2,1,5,2,2,False,True,False,False,False,False,True,False,False,False,False,True,True,False,False,False,False,True,False,False,True,False,False
18,77.66,82.27,69,97,83,96,63,71,74,84,7,6,1,6,1,5,1,1,True,False,False,False,False,False,True,True,False,False,False,False,False,False,False,True,True,False,False,False,True,False,False
20,73.46,79.55,99,81,61,67,46,35,88,90,1,1,7,5,5,2,1,0,False,True,False,True,False,False,False,True,False,False,False,False,True,False,False,False,True,False,False,False,False,True,False
21,69.98,65.66,68,63,80,78,100,51,77,69,6,10,4,1,3,2,1,0,True,False,False,False,True,False,False,False,False,False,False,True,False,True,False,False,True,False,False,False,False,False,True
19,76.83,78.86,76,85,70,68,82,48,75,97,10,5,6,6,1,8,3,3,False,True,False,False,False,False,True,False,False,False,False,True,True,False,False,False,True,False,False,False,True,False,False
22,70.13,83.65,100,66,70,78,59,45,100,83,9,3,6,2,6,1,2,2,True,False,False,False,False,False,True,False,False,False,False,True,False,False,False,True,True,False,False,False,True,False,False
19,72.52,74.35,87,85,80,84,64,72,67,88,10,5,3,1,2,1,0,3,True,False,False,False,False,False,True,False,False,False,False,True,False,False,False,True,False,True,False,False,True,False,False
20,82.39,63.32,64,49,82,55,86,44,50,86,1,10,4,1,5,2,2,4,False,True,False,False,True,False,False,False,False,False,False,True,False,True,False,False,False,True,False,False,False,False,True
20,83.05,94.42,88,94,78,89,72,69,81,93,4,6,1,3,5,10,1,4,False,True,False,False,False,False,True,False,True,False,False,False,False,False,False,True,True,False,True,False,False,False,False
21,80.74,76.71,84,76,78,94,50,75,59,79,3,3,10,6,5,4,0,7,True,False,False,False,False,False,True,False,False,True,False,False,False,False,False,True,False,True,True,False,False,False,False
19,74.37,82.31,81,61,76,88,56,54,78,82,1,4,7,2,4,1,1,1,True,False,False,True,False,False,False,False,False,True,False,False,True,False,False,False,True,False,True,False,False,False,False
21,93.13,75.97,75,69,83,95,63,74,88,97,2,6,3,1,9,2,0,0,True,False,False,False,False,False,True,False,False,False,True,False,False,False,False,True,True,False,True,False,False,False,False
17,76.91,70.69,66,44,65,60,89,67,69,74,3,10,3,5,7,1,2,3,False,True,False,False,True,False,False,False,False,False,False,True,False,True,False,False,True,False,False,False,False,False,True
21,66.99,87.13,73,89,63,75,58,35,61,85,5,2,10,3,3,3,2,7,True,False,False,False,False,False,True,True,False,False,False,False,False,False,False,True,False,True,False,True,False,False,False
19,83.64,68.85,72,75,61,70,61,48,99,88,9,3,4,3,4,1,5,2,False,True,False,False,False,False,True,False,False,False,False,True,False,False,False,True,True,False,False,False,False,False,True
20,79.3,78.8,100,76,95,81,57,67,100,82,1,5,3,3,10,4,4,3,False,True,False,False,False,False,True,False,False,False,True,False,False,False,False,True,True,False,True,False,False,False,False
20,77.87,69.97,54,87,93,73,72,50,72,82,1,7,10,3,3,1,2,3,True,False,False,False,False,False,True,False,False,True,False,False,False,False,False,True,True,False,True,False,False,False,False
17,76.64,82.99,44,72,85,64,41,52,77,80,6,4,1,8,4,1,0,3,False,True,False,True,False,False,False,True,False,False,False,False,True,False,False,False,True,False,False,False,True,False,False
19,86.81,95.95,98,69,86,100,59,42,74,90,2,7,5,7,2,10,2,5,True,False,False,False,False,False,True,False,True,False,False,False,False,False,False,True,True,False,False,False,True,False,False
17,81.56,63.58,79,98,65,76,76,31,98,78,4,3,9,1,4,1,4,6,True,False,False,False,False,False,True,False,False,True,False,False,False,False,False,True,False,True,True,False,False,False,False
20,78.38,75.53,63,91,90,73,70,44,64,85,3,6,1,1,6,7,1,5,False,True,False,False,False,False,True,False,True,False,False,False,False,False,False,True,False,True,True,False,False,False,False
19,84.21,54.92,85,95,39,100,59,70,72,69,1,5,9,1,2,6,2,5,False,False,True,False,False,False,True,True,False,False,False,False,False,False,False,True,True,False,False,False,True,False,False
22,74.79,86.81,71,67,62,91,94,79,69,85,3,10,2,7,3,1,4,2,True,False,False,False,True,False,False,False,False,False,False,True,False,True,False,False,True,False,False,False,False,False,True
19,71.53,67.54,74,61,81,76,47,83,82,80,6,3,10,4,4,4,3,1,True,False,False,True,False,False,False,True,False,False,False,False,True,False,False,False,True,False,False,False,True,False,False
19,88.96,81.25,76,60,88,61,100,87,96,88,4,10,4,4,7,6,0,2,True,False,False,False,True,False,False,False,False,False,False,True,False,True,False,False,False,True,False,False,False,False,True
18,85.77,61.72,87,91,80,100,50,37,91,86,7,3,1,2,1,6,2,1,False,False,True,False,False,False,True,True,False,False,False,False,False,False,False,True,True,False,False,False,True,False,False
20,79.02,77.15,68,96,49,96,85,58,51,76,6,5,7,4,5,6,3,1,False,True,False,False,False,False,True,False,False,True,False,False,False,False,False,True,True,False,True,False,False,False,False
21,79.62,83.92,53,54,87,51,67,44,60,97,2,5,1,5,6,5,1,5,True,False,False,True,False,False,False,True,False,False,False,False,True,False,False,False,False,True,True,False,False,False,False
18,87.4,77.99,83,88,83,100,55,40,77,65,1,5,8,2,10,8,1,6,False,True,False,False,False,False,True,False,False,False,True,False,False,False,False,True,True,False,True,False,False,False,False
22,85.99,64.86,83,76,82,79,68,83,87,70,8,5,6,1,7,2,1,5,False,True,False,False,False,False,True,False,False,False,False,True,True,False,False,False,True,False,False,False,False,False,True
18,80.96,79.94,64,75,75,91,47,33,85,75,2,2,6,2,7,5,1,3,False,True,False,False,False,False,True,False,False,False,True,False,False,False,False,True,True,False,True,False,False,False,False
21,71.02,69.81,83,82,84,82,53,74,74,98,10,4,4,3,2,3,4,2,True,False,False,False,False,False,True,False,False,False,False,True,False,False,False,True,True,False,False,False,True,False,False
18,77.28,72.36,64,68,85,70,84,85,67,62,6,6,1,2,5,6,0,3,True,False,False,False,False,True,False,False,False,False,True,False,False,False,True,False,True,False,True,False,False,False,False
18,99.0,59.89,61,76,74,86,42,74,92,74,10,2,1,6,1,3,3,4,False,True,False,False,False,False,True,False,False,False,False,True,False,False,False,True,True,False,True,False,False,False,False
20,74.8,81.66,92,92,54,83,49,61,92,94,5,4,8,2,2,1,1,6,False,True,False,False,False,False,True,True,False,False,False,False,False,False,False,True,False,True,False,True,False,False,False
17,71.8,97.95,86,66,53,86,55,70,93,100,10,6,4,6,7,5,1,4,False,True,False,False,False,False,True,False,False,False,False,True,True,False,False,False,True,False,False,False,True,False,False
17,79.82,63.29,66,59,60,85,89,66,80,66,8,10,1,1,3,1,4,2,False,True,False,False,True,False,False,False,False,False,False,True,False,True,False,False,True,False,False,False,False,False,True
19,84.56,94.64,71,53,60,70,78,48,92,87,3,6,6,7,1,8,5,8,False,True,False,False,True,False,False,False,False,False,False,True,False,True,False,False,False,True,False,False,False,False,True
22,77.53,95.26,78,100,55,89,77,58,59,82,10,1,7,2,7,1,0,3,True,False,False,False,False,False,True,False,False,False,False,True,False,False,False,True,True,False,False,False,True,False,False
19,79.08,75.29,80,52,49,61,80,63,83,78,3,7,1,5,5,6,1,3,True,False,False,False,True,False,False,False,False,False,False,True,False,True,False,False,True,False,False,False,False,False,True
18,68.35,84.89,43,57,78,42,82,35,75,88,4,5,7,2,5,1,4,0,True,False,False,False,True,False,False,False,False,False,False,True,False,True,False,False,True,False,False,False,False,True,False
20,83.04,63.81,80,75,47,84,83,56,98,87,8,1,4,3,2,6,3,3,True,False,False,False,False,False,True,False,False,False,False,True,False,False,False,True,True,False,False,False,True,False,False
21,82.61,79.34,85,53,76,64,82,49,54,79,4,9,4,6,2,4,0,3,False,True,False,False,True,False,False,False,False,False,False,True,False,True,False,False,True,False,False,False,False,False,True
20,71.27,75.78,84,90,93,70,56,45,64,96,7,3,1,6,2,6,3,1,True,False,False,False,False,False,True,False,False,False,False,True,False,False,False,True,True,False,True,False,False,False,False
19,95.38,86.11,65,81,84,74,76,57,80,100,4,1,5,1,1,10,1,2,False,True,False,False,False,False,True,False,True,False,False,False,False,False,False,True,True,False,True,False,False,False,False
20,85.23,87.24,77,95,60,70,47,43,100,75,4,2,5,3,5,10,4,7,True,False,False,False,False,False,True,False,True,False,False,False,False,False,False,True,False,True,True,False,False,False,False
19,79.86,97.23,67,74,69,84,62,44,46,94,10,1,7,5,4,5,1,1,False,True,False,False,False,False,True,False,False,False,False,True,False,False,False,True,True,False,False,False,True,False,False
21,86.5,75.18,80,100,92,70,65,56,59,98,10,3,4,6,1,2,0,1,False,True,False,False,False,False,True,False,False,False,False,True,False,False,False,True,False,True,True,False,False,False,False
19,80.43,83.02,85,72,49,83,59,47,72,88,9,2,3,5,2,6,2,2,True,False,False,False,False,False,True,False,False,False,False,True,False,False,False,True,True,False,False,False,True,False,False
20,79.7,73.24,62,43,52,86,78,56,68,64,5,10,2,6,2,1,1,5,False,True,False,False,True,False,False,False,False,False,False,True,False,True,False,False,False,True,False,False,False,False,True
20,76.91,91.03,79,61,92,83,88,35,86,85,6,10,2,2,1,4,0,6,False,True,False,False,True,False,False,False,False,False,False,True,False,True,False,False,True,False,False,False,False,False,True
19,73.29,65.99,61,53,74,44,64,71,62,93,4,6,5,1,1,5,0,2,False,True,False,False,False,False,True,False,False,False,False,True,False,False,False,True,True,False,False,False,False,False,True
19,76.71,77.98,49,61,55,77,43,52,57,78,1,8,7,3,3,1,0,0,False,True,False,False,False,False,True,False,False,False,False,True,True,False,False,False,True,False,False,False,True,False,False
22,81.37,87.06,62,44,46,69,88,58,74,70,1,7,4,5,3,2,0,2,False,True,False,False,True,False,False,False,False,False,False,True,False,True,False,False,True,False,False,False,False,False,True
20,81.7,71.39,76,73,56,100,59,39,57,70,5,1,9,4,5,5,1,4,True,False,False,True,False,False,False,True,False,False,False,False,True,False,False,False,True,False,False,True,False,False,False
22,75.14,71.39,90,90,65,61,47,75,74,83,9,3,4,2,6,5,3,2,False,True,False,False,False,False,True,False,False,False,False,True,True,False,False,False,True,False,False,False,True,False,False
20,75.29,84.56,82,71,100,95,42,37,87,68,4,3,7,1,10,1,2,9,False,True,False,False,False,False,True,False,False,False,True,False,False,False,False,True,False,True,True,False,False,False,False
18,83.43,83.35,93,94,66,81,50,54,79,100,8,1,6,6,4,4,2,2,True,False,False,False,False,False,True,False,False,False,False,True,False,False,False,True,False,True,False,False,False,False,True
19,86.62,70.02,62,87,76,81,81,88,64,88,10,8,2,5,3,5,1,2,True,False,False,False,False,False,True,False,False,False,False,True,False,False,False,True,True,False,False,False,False,False,True
22,76.38,83.94,43,62,49,44,36,42,58,100,5,6,3,4,2,6,2,3,True,False,False,False,False,False,True,True,False,False,False,False,False,False,False,True,False,True,False,True,False,False,False
18,84.31,73.63,100,98,65,99,74,61,61,92,6,6,3,6,7,5,2,9,True,False,False,False,False,False,True,True,False,False,False,False,False,False,False,True,False,True,False,True,False,False,False
22,73.17,68.88,65,46,88,76,82,64,81,76,1,1,8,2,3,4,2,4,True,False,False,True,False,False,False,False,False,True,False,False,True,False,False,False,False,True,False,False,False,True,False
18,81.2,84.86,72,86,51,81,53,39,66,76,10,1,1,5,5,4,3,3,True,False,False,False,False,False,True,True,False,False,False,False,False,False,False,True,False,True,False,True,False,False,False
18,72.76,80.39,62,77,96,58,72,83,85,69,3,3,3,9,6,3,2,3,False,False,True,False,False,True,False,False,False,True,False,False,False,False,True,False,True,False,True,False,False,False,False
22,77.72,79.71,76,81,99,75,100,40,87,68,4,10,5,3,1,4,2,2,True,False,False,False,True,False,False,False,False,False,False,True,False,True,False,False,False,True,False,False,False,False,True
23,79.33,63.7,75,63,75,91,99,71,87,71,5,10,1,3,6,5,3,4,False,True,False,False,True,False,False,False,False,False,False,True,False,True,False,False,False,True,False,False,False,False,True
18,75.05,90.84,82,67,42,85,64,46,75,81,7,2,7,6,1,1,0,6,False,True,False,False,False,False,True,False,False,False,False,True,False,False,False,True,False,True,False,False,False,False,True
20,79.81,84.81,79,51,74,82,96,35,59,69,5,10,2,1,2,6,2,5,True,False,False,False,True,False,False,False,False,False,False,True,False,True,False,False,False,True,False,False,False,False,True
21,93.53,95.29,86,75,43,87,54,35,77,88,10,1,1,4,1,4,1,2,True,False,False,False,False,False,True,False,False,False,False,True,False,False,False,True,True,False,False,False,False,False,True
23,93.11,83.68,94,100,71,93,60,73,57,86,9,6,3,5,1,2,5,3,False,False,True,False,False,False,True,False,False,False,False,True,False,False,False,True,False,True,True,False,False,False,False
21,72.65,94.89,88,49,52,79,71,60,64,81,4,7,10,2,5,1,6,3,False,True,False,True,False,False,False,False,False,True,False,False,True,False,False,False,True,False,False,False,False,True,False
21,65.98,88.55,100,61,95,62,50,45,96,75,3,7,9,3,4,4,3,5,True,False,False,True,False,False,False,True,False,False,False,False,True,False,False,False,False,True,False,False,True,False,False
20,81.43,92.06,100,72,75,75,77,62,66,86,10,4,4,1,3,7,4,4,True,False,False,False,False,False,True,False,False,False,False,True,True,False,False,False,True,False,False,False,False,False,True
20,59.32,90.81,100,57,63,62,57,55,50,85,4,4,9,2,3,1,1,3,False,True,False,True,False,False,False,True,False,False,False,False,True,False,False,False,True,False,False,False,True,False,False
19,87.1,85.25,67,45,83,76,100,35,77,67,7,10,4,3,6,1,1,3,True,False,False,False,True,False,False,False,False,False,False,True,False,True,False,False,True,False,False,False,False,False,True
17,99.0,87.16,84,75,70,97,69,78,89,96,4,2,3,2,8,4,4,1,False,True,False,False,False,False,True,False,False,False,True,False,False,False,False,True,True,False,True,False,False,False,False
19,72.04,84.36,55,77,55,69,60,41,91,91,6,3,5,3,5,4,3,2,True,False,False,False,False,False,True,False,False,False,True,False,False,False,False,True,True,False,True,False,False,False,False
18,81.79,63.49,95,89,59,86,79,36,59,89,10,8,4,5,2,7,2,8,True,False,False,False,False,False,True,False,False,False,False,True,False,False,False,True,False,True,True,False,False,False,False
19,84.91,61.54,49,57,93,82,63,73,48,68,4,1,5,5,7,2,4,4,True,False,False,False,False,True,False,False,False,True,False,False,False,False,True,False,False,True,True,False,False,False,False
18,74.72,66.02,62,85,79,82,52,59,66,79,2,2,10,6,3,2,1,3,True,False,False,True,False,False,False,False,False,True,False,False,True,False,False,False,True,False,True,False,False,False,False
17,69.72,60.24,71,99,59,89,58,77,90,79,9,4,1,3,5,3,2,3,True,False,False,False,False,False,True,False,False,False,False,True,False,False,False,True,True,False,True,False,False,False,False
18,90.21,84.25,86,80,94,89,64,71,88,78,7,6,2,2,1,3,0,1,False,True,False,False,False,False,True,False,False,False,False,True,False,False,False,True,True,False,False,False,False,False,True
19,73.56,72.98,55,70,59,65,80,65,92,76,4,7,2,1,5,4,1,5,False,True,False,False,True,False,False,False,False,False,False,True,False,True,False,False,False,True,False,False,False,False,True
19,79.56,69.93,70,96,65,80,39,35,100,100,6,2,2,2,4,10,2,4,False,True,False,False,False,False,True,False,True,False,False,False,False,False,False,True,True,False,True,False,False,False,False
20,62.19,91.83,92,79,75,64,69,72,48,87,9,5,1,2,3,6,2,1,True,False,False,False,False,False,True,False,False,False,False,True,True,False,False,False,True,False,False,False,True,False,False
19,89.0,73.18,93,88,89,100,41,60,53,86,7,4,4,4,1,4,3,4,False,True,False,False,False,False,True,True,False,False,False,False,False,False,False,True,True,False,False,False,True,False,False
20,73.5,84.13,66,97,66,95,47,59,77,85,10,8,2,1,5,2,1,7,False,True,False,False,False,False,True,False,False,False,False,True,False,False,False,True,False,True,False,False,False,False,True
18,97.7,90.46,100,79,49,66,90,80,61,100,8,6,10,5,1,3,3,1,True,False,False,True,False,False,False,False,False,True,False,False,True,False,False,False,False,True,True,False,False,False,False
22,91.77,86.27,96,100,66,78,69,58,90,100,7,8,6,6,7,1,0,3,False,True,False,False,False,False,True,True,False,False,False,False,False,False,False,True,True,False,False,False,True,False,False
21,71.68,85.68,48,52,93,65,80,77,53,84,6,2,1,8,2,4,2,6,False,True,False,False,False,True,False,False,False,True,False,False,False,False,True,False,False,True,False,False,False,True,False
20,70.82,70.72,76,86,72,94,56,77,78,87,1,1,10,1,8,4,2,3,True,False,False,False,False,False,True,True,False,False,False,False,False,False,False,True,True,False,False,True,False,False,False
18,78.31,99.0,90,96,55,91,70,78,94,74,7,2,5,2,5,6,2,5,False,True,False,False,False,False,True,False,False,False,False,True,False,False,False,True,False,True,False,False,False,False,True
20,69.38,79.02,81,80,58,99,53,60,98,96,6,1,3,3,3,10,2,7,False,True,False,False,False,False,True,False,True,False,False,False,False,False,False,True,False,True,True,False,False,False,False
19,84.43,94.24,54,68,62,78,98,62,97,78,6,7,4,1,4,3,1,1,False,True,False,False,True,False,False,False,False,False,False,True,False,True,False,False,True,False,False,False,False,False,True
20,75.69,99.0,76,75,77,77,86,57,73,82,6,10,5,8,4,3,1,4,True,False,False,False,True,False,False,False,False,False,False,True,False,True,False,False,True,False,False,False,False,False,True
19,85.51,71.24,88,97,85,85,47,35,68,86,7,3,7,1,8,4,2,5,True,False,False,False,False,False,True,True,False,False,False,False,False,False,False,True,True,False,False,True,False,False,False
19,84.72,60.87,78,53,48,63,78,52,83,74,2,3,10,5,2,5,1,2,True,False,False,True,False,False,False,False,False,True,False,False,True,False,False,False,True,False,False,False,False,True,False
20,69.0,76.4,38,42,54,74,87,61,71,73,2,10,1,5,3,2,2,5,True,False,False,False,True,False,False,False,False,False,False,True,False,True,False,False,False,True,False,False,False,False,True
20,73.74,67.1,91,66,70,80,81,67,54,72,9,5,2,6,1,1,0,1,True,False,False,False,False,False,True,False,False,False,False,True,True,False,False,False,True,False,False,False,True,False,False
20,65.83,73.06,72,44,77,68,91,59,71,89,3,8,1,5,3,6,2,2,True,False,False,False,True,False,False,False,False,False,False,True,False,True,False,False,True,False,False,False,False,False,True
21,76.88,83.15,72,82,97,93,43,36,77,75,6,1,6,3,10,1,2,7,False,True,False,False,False,False,True,False,False,False,True,False,False,False,False,True,False,True,True,False,False,False,False
20,72.07,78.09,68,60,54,64,81,42,100,77,7,6,5,1,3,8,2,0,True,False,False,False,False,False,True,False,True,False,False,False,False,False,False,True,True,False,False,False,False,True,False
21,87.32,83.17,85,94,84,78,37,56,57,100,10,2,4,2,1,5,1,4,False,True,False,False,False,False,True,False,False,False,False,True,False,False,False,True,True,False,False,False,True,False,False
18,80.21,88.41,98,80,49,71,55,51,90,98,4,4,10,4,1,6,2,6,True,False,False,True,False,False,False,False,False,True,False,False,True,False,False,False,False,True,False,False,True,False,False
18,77.4,96.38,98,73,97,75,52,35,57,98,1,3,10,1,4,1,2,6,False,True,False,False,False,False,True,False,False,True,False,False,False,False,False,True,False,True,True,False,False,False,False
17,63.1,90.05,72,81,86,97,53,76,64,97,10,1,7,5,3,6,1,4,True,False,False,False,False,False,True,False,False,False,False,True,False,False,False,True,True,False,False,False,True,False,False
20,83.51,86.62,88,89,48,76,64,35,77,73,8,6,6,1,4,4,1,5,True,False,False,False,False,False,True,False,False,False,False,True,True,False,False,False,False,True,False,False,True,False,False
21,67.55,89.96,75,69,89,96,41,39,93,97,1,3,1,3,10,3,3,4,False,True,False,False,False,False,True,False,False,False,True,False,False,False,False,True,False,True,True,False,False,False,False
23,77.21,64.35,67,40,94,76,75,64,76,72,1,3,10,1,5,6,1,6,True,False,False,True,False,False,False,False,False,True,False,False,True,False,False,False,False,True,False,False,False,True,False
19,86.78,79.88,70,74,70,84,69,55,90,85,8,1,4,5,1,6,0,5,True,False,False,False,False,False,True,False,False,False,False,True,True,False,False,False,False,True,False,False,True,False,False
19,78.14,91.49,89,74,52,81,79,44,71,83,9,4,6,1,2,6,1,6,False,True,False,False,False,False,True,True,False,False,False,False,False,False,False,True,False,True,False,False,True,False,False
19,89.67,78.82,47,60,50,52,57,78,54,86,1,6,5,3,6,3,1,5,True,False,False,False,False,False,True,True,False,False,False,False,False,False,False,True,False,True,False,False,True,False,False
19,68.13,68.94,75,88,79,93,64,71,85,92,1,1,10,1,6,4,1,2,True,False,False,False,False,False,True,True,False,False,False,False,False,False,False,True,True,False,False,True,False,False,False
19,92.79,76.76,89,87,61,97,45,56,81,87,1,1,6,1,5,10,5,3,False,True,False,False,False,False,True,False,True,False,False,False,False,False,False,True,True,False,True,False,False,False,False
18,92.27,83.73,56,59,51,62,76,38,53,92,2,6,3,1,4,7,4,1,True,False,False,False,False,False,True,True,False,False,False,False,False,False,False,True,False,True,False,True,False,False,False
17,87.65,78.89,79,57,94,90,75,75,88,49,5,2,4,6,4,3,5,4,True,False,False,False,False,True,False,False,False,True,False,False,False,False,True,False,True,False,True,False,False,False,False
22,99.0,89.07,78,67,51,77,100,64,80,62,3,10,5,1,3,5,0,7,True,False,False,False,True,False,False,False,False,False,False,True,False,True,False,False,False,True,False,False,False,False,True
18,77.39,97.9,64,92,41,89,53,52,66,78,9,5,6,3,1,1,2,4,False,True,False,False,False,False,True,False,False,False,False,True,False,False,False,True,True,False,False,False,False,False,True
20,89.08,84.86,76,84,55,66,35,47,56,82,5,4,7,3,1,10,2,2,False,True,False,False,False,False,True,False,True,False,False,False,False,False,False,True,True,False,True,False,False,False,False
20,78.99,83.55,95,91,49,88,55,35,60,93,3,2,5,5,9,6,0,2,True,False,False,False,False,False,True,False,False,False,True,False,False,False,False,True,True,False,True,False,False,False,False
21,71.07,90.13,69,90,62,73,46,80,58,81,7,1,6,3,5,3,1,1,False,True,False,False,False,False,True,False,False,False,False,True,False,False,False,True,True,False,False,False,True,False,False
21,76.24,68.52,37,55,88,45,70,35,68,78,2,2,4,2,4,9,2,2,False,True,False,False,False,False,True,False,True,False,False,False,False,False,False,True,True,False,True,False,False,False,False
19,82.51,93.19,76,65,79,77,58,37,72,90,7,2,6,2,3,2,2,3,True,False,False,False,False,False,True,False,False,False,False,True,False,False,False,True,False,True,False,False,False,False,True
17,86.87,84.04,69,50,83,51,44,72,48,86,3,3,3,7,6,8,4,2,False,True,False,False,False,False,True,False,False,False,True,False,False,False,False,True,False,True,False,False,False,False,True
20,67.66,75.47,77,88,77,89,62,82,71,100,10,5,8,1,3,4,4,5,True,False,False,False,False,False,True,False,False,False,False,True,False,False,False,True,True,False,False,False,True,False,False
20,91.67,80.85,92,99,71,94,61,42,100,78,6,1,1,2,5,9,2,2,True,False,False,False,False,False,True,False,True,False,False,False,False,False,False,True,True,False,True,False,False,False,False
19,86.68,78.34,80,47,100,71,79,70,75,87,4,4,10,7,4,4,2,6,True,False,False,True,False,False,False,False,False,True,False,False,True,False,False,False,True,False,True,False,False,False,False
17,73.37,63.91,47,45,77,47,95,35,56,57,2,6,1,6,1,8,0,0,False,False,True,False,True,False,False,False,False,False,False,True,False,True,False,False,True,False,True,False,False,False,False
20,75.6,76.83,81,51,38,92,62,48,82,98,3,1,9,4,5,1,2,2,True,False,False,True,False,False,False,True,False,False,False,False,True,False,False,False,True,False,False,False,True,False,False
17,82.59,62.66,100,64,72,88,64,61,86,86,2,3,9,5,3,2,3,2,False,True,False,True,False,False,False,True,False,False,False,False,True,False,False,False,True,False,False,False,False,True,False
17,76.75,76.44,76,86,65,85,42,44,50,72,8,2,4,1,3,2,1,2,False,True,False,False,False,False,True,False,False,False,False,True,False,False,False,True,True,False,False,False,True,False,False
20,84.16,83.35,100,47,86,65,74,45,88,84,4,6,10,3,8,6,3,5,True,False,False,True,False,False,False,True,False,False,False,False,True,False,False,False,True,False,False,False,True,False,False
20,81.18,60.92,72,49,49,66,79,54,80,78,3,4,10,3,2,4,1,1,True,False,False,True,False,False,False,False,False,True,False,False,True,False,False,False,True,False,False,False,False,True,False
19,87.7,73.74,59,85,44,83,53,74,72,75,10,1,3,2,3,5,1,4,True,False,False,False,False,False,True,False,False,False,False,True,False,False,False,True,False,True,False,False,True,False,False
23,74.34,78.93,56,74,88,59,63,83,84,92,6,2,3,9,5,1,2,3,True,False,False,False,False,True,False,False,False,True,False,False,False,False,True,False,True,False,True,False,False,False,False
21,72.51,89.42,75,93,51,100,35,35,87,90,7,3,3,3,7,2,1,3,False,True,False,False,False,False,True,False,False,False,False,True,False,False,False,True,False,True,False,False,True,False,False
17,73.41,65.06,57,60,50,55,68,60,81,71,5,6,6,5,2,6,1,3,True,False,False,False,False,False,True,False,False,False,False,True,True,False,False,False,True,False,False,False,False,False,True
18,94.89,79.61,87,75,59,90,50,53,80,83,1,1,7,2,3,10,4,3,False,True,False,False,False,False,True,False,True,False,False,False,False,False,False,True,True,False,True,False,False,False,False
18,79.86,82.48,95,99,57,70,56,74,87,94,10,2,8,4,1,4,3,5,False,True,False,False,False,False,True,False,False,False,False,True,False,False,False,True,False,True,False,False,True,False,False
17,84.26,72.01,76,65,96,82,43,89,53,91,6,2,9,10,1,3,2,2,False,True,False,False,False,True,False,False,False,True,False,False,False,False,True,False,True,False,False,False,False,True,False
19,91.99,69.99,91,88,76,84,39,58,72,83,10,4,1,6,6,1,2,3,False,True,False,False,False,False,True,False,False,False,False,True,False,False,False,True,False,True,False,False,False,False,True
20,89.65,86.1,68,86,54,70,35,48,60,80,6,1,3,1,1,10,0,4,False,True,False,False,False,False,True,False,True,False,False,False,False,False,False,True,True,False,True,False,False,False,False
18,80.95,87.86,85,76,91,90,70,70,53,94,4,6,2,4,2,10,1,1,True,False,False,False,False,False,True,False,True,False,False,False,False,False,False,True,True,False,True,False,False,False,False
21,84.35,81.2,95,71,37,78,56,40,52,74,9,5,3,3,3,3,0,4,False,True,False,False,False,False,True,False,False,False,False,True,False,False,False,True,True,False,False,False,False,False,True
19,77.13,61.51,100,87,60,89,79,33,54,96,9,6,6,6,2,5,1,6,True,False,False,False,False,False,True,False,False,False,False,True,False,False,False,True,False,True,True,False,False,False,False
20,72.98,64.12,70,90,79,69,83,60,56,93,7,5,1,6,3,6,2,1,True,False,False,False,False,False,True,False,False,False,False,True,True,False,False,False,True,False,False,False,True,False,False
19,71.51,92.55,79,75,72,80,83,64,100,96,1,2,5,1,5,9,3,1,True,False,False,False,False,False,True,False,True,False,False,False,False,False,False,True,True,False,True,False,False,False,False
20,74.99,85.75,85,73,95,82,62,48,97,88,7,6,1,6,4,1,2,1,False,True,False,False,False,False,True,False,False,False,False,True,True,False,False,False,True,False,False,False,False,False,True
17,81.61,61.17,74,99,73,71,53,74,92,93,9,2,3,4,6,6,7,4,True,False,False,False,False,False,True,True,False,False,False,False,False,False,False,True,False,True,False,False,True,False,False
20,84.59,77.95,67,94,83,80,63,73,56,88,1,2,8,3,5,3,1,5,True,False,False,False,False,False,True,True,False,False,False,False,False,False,False,True,False,True,False,False,True,False,False
18,83.83,63.91,86,57,48,68,79,45,77,79,3,3,10,4,1,4,0,4,True,False,False,True,False,False,False,False,False,True,False,False,True,False,False,False,True,False,False,False,False,True,False
19,71.34,70.9,63,53,72,87,100,51,72,68,3,8,2,6,1,1,2,1,False,True,False,False,True,False,False,False,False,False,False,True,False,True,False,False,True,False,False,False,False,False,True
20,70.52,77.36,64,65,78,72,100,44,83,59,4,10,3,1,6,1,2,7,True,False,False,False,True,False,False,False,False,False,False,True,False,True,False,False,False,True,False,False,False,False,True
21,67.7,85.49,88,82,85,71,62,73,56,70,8,2,6,4,3,6,0,1,True,False,False,False,False,False,True,False,False,False,False,True,False,False,False,True,True,False,False,False,False,False,True
18,70.82,77.9,68,50,76,73,54,84,100,67,5,3,10,3,5,7,1,2,True,False,False,False,False,True,False,True,False,False,False,False,False,False,True,False,True,False,False,False,True,False,False
20,82.52,71.85,67,79,65,77,84,72,75,54,2,10,1,1,5,5,4,0,False,True,False,False,True,False,False,False,False,False,False,True,False,True,False,False,True,False,False,False,False,False,True
17,65.61,88.62,79,85,93,94,46,72,63,100,10,3,8,6,6,6,3,4,True,False,False,False,False,False,True,False,False,False,False,True,False,False,False,True,True,False,False,False,True,False,False
18,86.3,68.64,82,74,71,99,82,49,81,92,1,6,10,8,3,6,2,1,False,True,False,False,False,False,True,False,False,True,False,False,False,False,False,True,True,False,True,False,False,False,False
23,64.74,72.03,69,100,82,92,44,58,98,96,1,6,5,1,10,1,6,0,False,True,False,False,False,False,True,False,False,False,True,False,False,False,False,True,True,False,True,False,False,False,False
19,79.67,73.51,82,53,51,88,56,60,93,87,1,1,10,6,6,2,1,3,True,False,False,True,False,False,False,True,False,False,False,False,True,False,False,False,True,False,False,False,True,False,False
18,86.46,81.49,94,93,93,77,51,43,97,91,1,1,8,4,6,4,3,0,False,True,False,False,False,False,True,False,False,True,False,False,False,False,False,True,True,False,True,False,False,False,False
20,74.0,74.62,86,99,51,86,49,30,67,73,4,1,4,6,6,10,3,4,True,False,False,False,False,False,True,False,True,False,False,False,False,False,False,True,True,False,False,False,True,False,False
20,86.66,88.68,79,44,58,65,61,35,79,93,4,1,10,8,8,6,1,4,True,False,False,True,False,False,False,False,False,True,False,False,True,False,False,False,True,False,False,False,False,True,False
19,92.12,87.32,76,90,96,91,63,40,85,85,10,8,1,5,4,3,3,5,True,False,False,False,False,False,True,False,False,False,False,True,False,False,False,True,True,False,False,False,True,False,False
20,65.56,69.09,94,61,66,100,74,72,61,75,4,1,10,6,4,7,0,4,True,False,False,True,False,False,False,True,False,False,False,False,True,False,False,False,True,False,False,True,False,False,False
19,91.69,66.42,71,77,62,66,84,35,49,50,4,10,8,5,3,1,2,5,True,False,False,False,True,False,False,False,False,False,False,True,False,True,False,False,True,False,False,False,False,False,True
22,80.72,74.77,82,84,70,95,55,74,58,76,2,1,9,5,4,4,1,6,True,False,False,False,False,False,True,False,False,True,False,False,False,False,False,True,False,True,True,False,False,False,False
20,71.8,64.65,45,59,48,45,99,41,82,87,6,5,4,4,2,5,2,5,False,True,False,False,True,False,False,False,True,False,False,False,False,True,False,False,False,True,True,False,False,False,False
18,77.71,57.93,58,55,86,67,100,60,81,58,2,10,5,7,1,4,2,3,False,True,False,False,True,False,False,False,False,False,False,True,False,True,False,False,True,False,False,False,False,False,True
17,94.78,63.51,60,40,88,44,39,36,60,87,5,2,6,3,5,3,2,2,True,False,False,True,False,False,False,False,False,False,False,True,True,False,False,False,True,False,True,False,False,False,False
19,76.46,61.41,75,70,62,92,55,53,60,93,10,6,6,3,6,6,2,8,False,True,False,False,False,False,True,False,False,False,False,True,False,False,False,True,False,True,False,False,True,False,False
19,72.85,84.2,80,56,76,83,50,55,81,79,1,2,7,1,6,3,1,0,True,False,False,True,False,False,False,False,False,True,False,False,True,False,False,False,True,False,True,False,False,False,False
22,93.5,56.2,73,78,74,93,58,72,82,95,4,2,4,1,4,10,3,2,False,True,False,False,False,False,True,False,True,False,False,False,False,False,False,True,True,False,True,False,False,False,False
22,73.5,91.97,74,55,88,89,56,80,100,58,8,2,4,7,3,6,4,1,False,False,True,False,False,True,False,False,False,True,False,False,False,False,True,False,True,False,True,False,False,False,False
19,90.89,76.73,52,54,64,56,74,64,97,74,1,1,1,7,1,9,1,6,False,True,False,False,False,False,True,False,True,False,False,False,False,False,False,True,False,True,True,False,False,False,False
21,87.41,85.34,53,75,51,77,91,64,84,53,2,8,2,6,6,2,5,1,True,False,False,False,True,False,False,False,False,False,False,True,False,True,False,False,True,False,False,False,False,False,True
19,86.9,82.59,83,72,45,71,77,69,65,99,5,5,3,3,9,5,3,4,False,True,False,False,False,False,True,False,False,False,True,False,False,False,False,True,True,False,True,False,False,False,False
21,80.25,91.15,76,80,53,81,86,41,77,80,5,5,4,5,10,5,2,5,True,False,False,False,False,False,True,False,False,False,True,False,False,False,False,True,False,True,True,False,False,False,False
22,71.51,73.02,45,59,92,59,35,34,75,74,5,6,2,2,3,4,2,4,False,True,False,True,False,False,False,True,False,False,False,False,True,False,False,False,False,True,False,False,False,False,True
20,83.62,80.81,95,95,57,98,65,39,58,72,2,1,10,6,2,2,3,2,False,True,False,False,False,False,True,True,False,False,False,False,False,False,False,True,True,False,False,False,True,False,False
21,79.09,77.78,86,47,85,59,74,55,80,81,5,3,10,1,6,5,1,5,True,False,False,True,False,False,False,True,False,False,False,False,True,False,False,False,True,False,False,False,True,False,False
20,72.09,80.92,92,95,64,100,78,44,90,99,6,4,10,5,3,6,4,4,False,True,False,False,False,False,True,True,False,False,False,False,False,False,False,True,True,False,False,True,False,False,False
21,94.9,92.17,67,56,49,88,78,42,70,95,2,1,8,4,1,5,1,4,False,True,False,True,False,False,False,False,False,True,False,False,True,False,False,False,True,False,False,True,False,False,False
18,71.41,80.96,60,71,84,62,61,31,91,91,3,1,8,1,6,4,1,2,False,True,False,True,False,False,False,False,False,True,False,False,True,False,False,False,True,False,False,False,False,True,False
21,85.98,79.27,83,48,100,82,57,100,88,82,2,2,10,10,1,1,1,2,False,True,False,False,False,True,False,False,False,True,False,False,False,False,True,False,True,False,True,False,False,False,False
18,62.53,70.61,43,54,62,75,87,61,87,76,4,5,4,6,1,4,2,1,False,True,False,False,True,False,False,False,False,False,False,True,False,True,False,False,True,False,True,False,False,False,False
18,82.22,82.09,67,65,72,89,85,37,63,74,10,1,6,5,5,2,3,6,True,False,False,False,False,False,True,False,False,False,False,True,False,False,False,True,False,True,True,False,False,False,False
23,68.92,66.41,86,96,62,79,51,67,100,89,1,5,3,1,5,10,0,3,True,False,False,False,False,False,True,False,True,False,False,False,False,False,False,True,True,False,True,False,False,False,False
21,74.57,75.56,82,97,89,88,44,55,46,78,10,1,2,6,4,7,3,3,False,True,False,False,False,False,True,False,False,False,False,True,False,False,False,True,True,False,False,False,True,False,False
19,81.77,93.32,48,61,60,79,100,61,95,83,6,10,6,1,4,4,0,3,False,True,False,False,True,False,False,False,False,False,False,True,False,True,False,False,True,False,False,False,False,False,True
22,74.9,87.87,82,100,64,100,35,42,84,87,4,4,8,7,4,4,2,1,False,True,False,False,False,False,True,True,False,False,False,False,False,False,False,True,True,False,False,True,False,False,False
20,69.73,94.86,82,83,71,87,78,72,100,93,1,2,6,1,6,10,4,2,True,False,False,False,False,False,True,False,True,False,False,False,False,False,False,True,True,False,True,False,False,False,False
23,71.61,66.06,69,93,77,90,64,50,67,72,2,3,10,2,4,5,1,2,True,False,False,False,False,False,True,True,False,False,False,False,False,False,False,True,True,False,False,True,False,False,False
19,80.92,78.25,91,88,80,85,35,68,56,82,1,7,8,1,6,5,0,2,True,False,False,False,False,False,True,False,False,True,False,False,False,False,False,True,True,False,True,False,False,False,False
18,92.47,59.88,96,82,83,77,79,63,54,95,10,5,5,2,5,1,1,2,True,False,False,False,False,False,True,False,False,False,False,True,False,False,False,True,True,False,False,False,True,False,False
17,82.93,77.4,62,72,98,57,41,90,85,51,2,3,7,9,4,1,2,2,False,True,False,False,False,True,False,False,False,True,False,False,False,False,True,False,True,False,True,False,False,False,False
20,74.9,79.95,72,60,46,99,62,53,93,88,1,2,10,7,6,1,1,0,True,False,False,True,False,False,False,True,False,False,False,False,True,False,False,False,True,False,False,False,True,False,False
20,74.07,67.99,72,71,70,79,75,43,80,88,9,6,2,5,2,3,2,4,False,True,False,False,False,False,True,False,False,False,False,True,True,False,False,False,True,False,False,False,False,False,True
21,71.57,84.96,62,86,65,84,100,59,71,77,4,10,3,1,2,4,3,4,True,False,False,False,True,False,False,False,False,False,False,True,False,True,False,False,True,False,False,False,False,False,True
23,87.15,55.21,72,56,65,86,89,68,87,78,2,8,1,4,5,3,5,7,False,True,False,False,True,False,False,False,False,False,False,True,False,True,False,False,False,True,False,False,False,False,True
20,72.95,74.96,78,82,65,95,38,35,82,88,10,8,7,2,5,1,3,2,True,False,False,False,False,False,True,False,False,False,False,True,False,False,False,True,True,False,False,False,True,False,False
18,80.57,78.89,92,87,58,84,58,60,80,98,7,1,6,4,6,4,3,3,True,False,False,False,False,False,True,False,False,False,False,True,False,False,False,True,False,True,False,False,False,False,True
18,73.92,80.54,68,91,80,82,78,54,71,74,7,8,6,5,6,2,3,2,False,True,False,False,False,False,True,True,False,False,False,False,False,False,False,True,False,True,False,True,False,False,False
17,82.87,80.27,88,82,46,98,57,37,71,100,6,1,5,6,4,10,2,0,False,True,False,False,False,False,True,False,True,False,False,False,False,False,False,True,False,True,False,False,True,False,False
18,90.6,89.35,87,69,67,70,52,51,91,71,10,1,4,5,3,5,0,3,False,True,False,False,False,False,True,False,False,False,False,True,False,False,False,True,True,False,True,False,False,False,False
20,72.21,80.38,94,82,45,85,81,48,53,81,9,1,4,6,2,6,2,4,True,False,False,False,False,False,True,True,False,False,False,False,False,False,False,True,True,False,False,False,True,False,False
17,80.74,75.7,100,79,54,93,76,72,67,100,8,1,4,5,3,6,0,4,False,True,False,False,False,False,True,True,False,False,False,False,False,False,False,True,True,False,False,False,True,False,False
18,69.7,85.43,55,80,91,53,40,59,73,80,6,2,1,8,5,1,1,2,False,True,False,True,False,False,False,True,False,False,False,False,True,False,False,False,True,False,False,False,True,False,False
17,85.14,82.88,55,75,53,69,71,37,48,94,1,4,5,1,7,5,2,6,True,False,False,True,False,False,False,True,False,False,False,False,True,False,False,False,False,True,False,False,True,False,False
17,72.04,74.63,88,100,86,96,81,51,58,75,10,1,5,5,2,3,2,5,True,False,False,False,False,False,True,True,False,False,False,False,False,False,False,True,False,True,False,False,True,False,False
17,81.13,64.93,61,55,54,68,54,59,61,86,6,1,6,1,1,3,1,3,False,True,False,True,False,False,False,True,False,False,False,False,True,False,False,False,True,False,False,True,False,False,False
21,72.48,99.0,46,65,95,66,80,81,67,59,6,3,4,8,1,1,4,4,False,True,False,False,False,True,False,False,False,True,False,False,False,False,True,False,True,False,True,False,False,False,False
21,76.94,69.05,84,95,46,99,45,46,75,100,10,3,2,5,2,1,0,4,False,True,False,False,False,False,True,False,False,False,False,True,False,False,False,True,True,False,False,False,True,False,False
17,84.74,75.86,85,73,78,82,44,37,58,90,8,4,6,2,2,3,4,3,True,False,False,False,False,False,True,False,False,False,False,True,False,False,False,True,True,False,False,False,True,False,False
22,92.27,71.83,73,79,71,80,76,83,91,66,5,7,2,1,8,6,3,2,False,True,False,False,False,False,True,False,False,False,False,True,True,False,False,False,True,False,False,False,False,False,True
21,85.2,80.73,69,85,92,89,77,48,85,89,7,1,4,4,6,6,3,2,False,True,False,False,False,False,True,False,False,False,False,True,True,False,False,False,True,False,False,False,True,False,False
17,79.64,60.9,62,42,64,58,70,78,62,76,2,4,2,3,1,5,3,1,False,True,False,False,False,False,True,False,True,False,False,False,False,False,False,True,True,False,False,False,False,False,True
22,96.19,81.85,74,100,47,94,53,41,74,73,5,1,9,6,3,1,2,3,False,True,False,False,False,False,True,True,False,False,False,False,False,False,False,True,True,False,False,False,True,False,False
22,79.07,68.27,60,84,76,75,59,73,55,70,4,3,9,5,2,3,3,4,True,False,False,False,False,False,True,True,False,False,False,False,False,False,False,True,True,False,False,True,False,False,False
20,75.85,85.09,71,84,47,98,35,37,90,92,7,2,1,4,6,1,2,1,False,True,False,False,False,False,True,False,False,False,False,True,False,False,False,True,False,True,False,False,True,False,False
19,72.83,91.54,67,75,58,91,38,42,53,84,4,3,8,5,6,6,2,0,False,True,False,False,False,False,True,True,False,False,False,False,False,False,False,True,True,False,False,True,False,False,False
21,74.48,77.31,81,65,46,64,100,66,96,69,3,9,2,4,2,5,2,2,False,True,False,False,True,False,False,False,False,False,False,True,False,True,False,False,True,False,False,False,False,False,True
20,92.26,72.57,78,65,90,90,95,46,99,76,5,8,1,2,6,1,2,1,True,False,False,False,True,False,False,False,False,False,False,True,False,True,False,False,True,False,False,False,False,False,True
22,87.76,72.14,100,68,48,100,51,81,60,81,10,7,6,3,4,5,3,0,True,False,False,False,False,False,True,True,False,False,False,False,False,False,False,True,True,False,False,False,True,False,False
21,87.41,69.9,94,68,55,93,56,74,54,78,10,6,6,1,2,5,2,1,True,False,False,False,False,False,True,True,False,False,False,False,False,False,False,True,True,False,False,False,True,False,False
21,64.01,69.57,73,36,71,66,99,61,76,88,4,10,1,3,5,5,2,2,True,False,False,False,True,False,False,False,False,False,False,True,False,True,False,False,True,False,False,False,False,False,True
18,87.69,73.22,99,47,74,76,62,52,93,77,6,4,10,5,6,6,4,3,False,True,False,True,False,False,False,False,False,True,False,False,True,False,False,False,True,False,False,False,False,True,False
17,89.0,74.23,93,100,89,100,80,78,61,91,10,2,1,2,2,8,3,5,True,False,False,False,False,False,True,True,False,False,False,False,False,False,False,True,True,False,False,True,False,False,False
17,60.99,90.81,56,68,59,89,100,41,60,72,5,9,3,3,2,3,1,0,False,False,True,False,True,False,False,False,False,False,False,True,False,True,False,False,False,True,False,False,False,False,True
22,70.51,74.85,88,73,54,72,100,64,94,67,3,10,1,5,4,5,3,3,False,True,False,False,True,False,False,False,False,False,False,True,False,True,False,False,True,False,False,False,False,False,True
18,77.3,99.0,98,77,44,89,88,35,80,69,10,7,5,8,1,7,3,4,False,False,True,False,False,False,True,False,False,False,False,True,False,False,False,True,True,False,True,False,False,False,False
17,77.19,77.93,90,86,80,100,78,54,69,94,3,7,10,1,1,2,4,3,False,True,False,False,False,False,True,True,False,False,False,False,False,False,False,True,True,False,False,True,False,False,False
21,79.5,76.62,84,81,44,94,68,57,63,94,2,2,8,2,1,1,3,2,False,True,False,False,False,False,True,False,False,True,False,False,False,False,False,True,True,False,True,False,False,False,False
17,70.97,82.99,62,96,68,88,48,80,64,90,10,3,2,2,5,4,0,3,True,False,False,False,False,False,True,True,False,False,False,False,False,False,False,True,True,False,False,False,True,False,False
21,85.34,71.27,99,70,53,88,38,34,70,81,7,4,3,3,2,1,1,3,True,False,False,False,False,False,True,False,False,False,False,True,False,False,False,True,False,True,False,False,True,False,False
18,65.86,65.31,57,58,76,65,81,31,86,64,3,8,2,2,6,6,1,4,True,False,False,False,True,False,False,False,False,False,False,True,False,True,False,False,True,False,False,False,False,False,True
19,69.73,69.47,71,97,82,70,38,46,67,71,3,4,1,6,10,3,1,2,False,True,False,False,False,False,True,False,False,False,True,False,False,False,False,True,False,True,True,False,False,False,False
20,70.85,74.21,95,73,85,74,80,67,96,93,3,3,4,6,1,10,6,4,True,False,False,False,False,False,True,False,True,False,False,False,False,False,False,True,True,False,False,False,True,False,False
22,80.1,71.15,62,88,82,78,82,48,53,99,4,1,2,4,9,6,1,5,True,False,False,False,False,False,True,False,False,False,True,False,False,False,False,True,False,True,True,False,False,False,False
19,90.61,86.37,85,85,90,84,61,75,86,82,10,4,4,3,1,3,0,1,False,True,False,False,False,False,True,False,False,False,False,True,False,False,False,True,True,False,False,False,False,False,True
17,75.53,89.31,63,40,49,70,82,38,93,75,5,1,10,1,3,5,1,2,False,True,False,True,False,False,False,False,False,True,False,False,True,False,False,False,True,False,True,False,False,False,False
18,81.95,79.25,50,44,52,57,40,66,49,77,1,1,1,4,6,3,2,4,False,True,False,True,False,False,False,True,False,False,False,False,True,False,False,False,True,False,False,False,True,False,False
20,82.13,80.69,84,85,63,82,70,77,78,87,1,4,2,1,2,10,6,4,False,True,False,False,False,False,True,False,True,False,False,False,False,False,False,True,True,False,False,False,True,False,False
17,87.25,99.0,82,75,88,65,62,59,94,87,1,1,7,4,3,10,1,1,True,False,False,False,False,False,True,False,True,False,False,False,False,False,False,True,True,False,False,False,True,False,False
18,78.01,70.85,73,81,82,61,65,73,83,96,1,1,8,1,4,8,1,2,False,True,False,True,False,False,False,False,False,True,False,False,True,False,False,False,True,False,False,False,False,True,False
17,87.64,81.83,51,74,82,61,80,61,55,84,5,10,1,8,3,4,3,4,False,True,False,False,True,False,False,False,False,False,False,True,False,True,False,False,False,True,False,False,False,False,True
21,86.12,77.44,74,72,98,51,78,35,90,72,5,4,10,6,4,4,1,10,True,False,False,True,False,False,False,False,False,True,False,False,True,False,False,False,False,True,True,False,False,False,False
17,88.23,67.44,96,72,90,67,36,64,58,95,3,5,10,3,3,6,2,3,False,True,False,True,False,False,False,False,False,True,False,False,True,False,False,False,True,False,True,False,False,False,False
20,87.04,65.99,76,70,86,91,68,52,58,93,6,8,10,4,1,2,3,3,True,False,False,False,False,False,True,False,False,True,False,False,False,False,False,True,True,False,True,False,False,False,False
20,85.89,93.03,83,84,77,100,86,70,96,99,2,3,1,1,4,9,3,2,True,False,False,False,False,False,True,False,True,False,False,False,False,False,False,True,True,False,False,False,True,False,False
17,76.38,76.37,61,73,85,78,58,37,79,71,10,7,8,1,3,4,0,2,True,False,False,False,False,False,True,False,False,False,False,True,True,False,False,False,False,True,False,False,False,False,True
17,77.37,75.32,59,81,75,79,72,67,75,97,3,2,5,1,1,2,1,4,False,True,False,False,False,False,True,True,False,False,False,False,False,False,False,True,True,False,False,False,False,False,True
20,77.24,87.29,95,85,51,99,64,39,89,99,10,6,1,1,7,5,3,0,True,False,False,False,False,False,True,False,False,False,False,True,False,False,False,True,False,True,True,False,False,False,False
18,96.79,78.15,75,74,78,75,40,41,51,84,3,1,8,4,1,4,2,2,True,False,False,False,False,False,True,True,False,False,False,False,False,False,False,True,True,False,False,True,False,False,False
21,61.23,75.59,73,90,83,83,73,79,52,75,10,2,5,3,5,2,3,5,True,False,False,False,False,False,True,False,False,False,False,True,True,False,False,False,False,True,False,False,False,False,True
19,71.78,69.68,74,55,71,72,35,70,84,81,7,4,9,7,4,3,3,1,True,False,False,True,False,False,False,True,False,False,False,False,True,False,False,False,True,False,False,False,True,False,False
20,87.92,73.19,68,72,71,89,48,79,89,72,10,1,3,1,1,7,3,4,True,False,False,False,False,False,True,False,False,False,False,True,False,False,False,True,True,False,False,False,True,False,False
19,70.27,65.32,94,91,94,74,56,64,66,81,8,4,1,2,6,6,2,5,False,True,False,False,False,False,True,False,False,False,False,True,False,False,False,True,False,True,False,False,True,False,False
20,89.9,63.04,43,65,79,78,67,73,62,78,3,3,5,7,5,1,4,7,True,False,False,False,False,True,False,False,False,True,False,False,False,False,True,False,False,True,True,False,False,False,False
18,66.99,85.52,89,58,84,57,83,66,98,92,3,3,10,2,1,3,0,5,True,False,False,True,False,False,False,False,False,True,False,False,True,False,False,False,False,True,False,False,False,True,False
18,88.59,89.36,63,93,76,87,44,36,87,71,5,1,6,2,3,10,2,4,False,True,False,False,False,False,True,False,True,False,False,False,False,False,False,True,True,False,False,False,True,False,False
20,81.14,96.38,81,65,83,83,53,35,78,82,10,1,8,4,2,2,3,3,True,False,False,False,False,False,True,False,False,False,False,True,False,False,False,True,False,True,False,False,False,False,True
19,75.94,97.34,82,78,74,82,77,56,79,80,6,8,6,6,2,3,1,2,True,False,False,False,True,False,False,False,False,False,False,True,False,True,False,False,True,False,False,False,False,False,True
21,82.59,96.09,72,99,57,81,54,35,78,100,3,1,6,2,10,4,0,3,False,True,False,False,False,False,True,False,False,False,True,False,False,False,False,True,True,False,True,False,False,False,False
22,71.05,85.82,83,94,92,84,51,74,69,96,7,3,1,2,2,3,2,4,False,True,False,False,False,False,True,False,False,False,False,True,True,False,False,False,True,False,False,False,True,False,False
19,75.48,89.18,65,78,92,63,97,63,61,80,5,8,3,3,1,1,4,2,True,False,False,False,True,False,False,False,False,False,False,True,False,True,False,False,True,False,False,False,False,False,True
19,83.07,91.39,100,94,86,100,76,77,60,92,4,6,10,4,3,3,1,0,True,False,False,False,False,False,True,True,False,False,False,False,False,False,False,True,False,True,False,True,False,False,False
17,95.33,70.52,100,90,50,85,78,35,52,80,4,1,7,5,1,1,4,0,False,True,False,False,False,False,True,True,False,False,False,False,False,False,False,True,True,False,False,True,False,False,False
21,85.54,75.09,91,76,53,93,64,40,56,78,10,6,2,6,6,3,0,3,False,True,False,False,False,False,True,False,False,False,False,True,False,False,False,True,True,False,False,False,False,False,True
17,86.52,88.99,73,78,50,80,97,47,55,80,5,10,3,5,8,5,2,7,True,False,False,False,True,False,False,False,False,False,False,True,False,True,False,False,False,True,False,False,False,False,True
21,81.46,72.5,100,84,93,99,37,61,55,98,6,6,4,4,1,2,3,3,False,True,False,False,False,False,True,True,False,False,False,False,False,False,False,True,True,False,False,False,True,False,False
17,69.5,98.44,85,80,88,100,90,78,89,74,10,3,5,2,6,6,1,2,True,False,False,False,False,False,True,False,False,False,False,True,False,False,False,True,True,False,True,False,False,False,False
19,72.0,80.01,43,62,77,49,77,30,78,82,6,3,6,3,5,1,3,1,True,False,False,False,True,False,False,True,False,False,False,False,False,True,False,False,True,False,False,False,False,True,False
19,80.98,77.01,97,76,52,68,55,54,54,80,3,1,5,3,1,3,0,5,False,True,False,True,False,False,False,True,False,False,False,False,True,False,False,False,True,False,False,False,False,True,False
20,83.81,72.36,61,53,87,69,99,47,98,59,5,10,3,1,3,3,4,4,True,False,False,False,True,False,False,False,False,False,False,True,False,True,False,False,True,False,False,False,False,False,True
19,81.81,75.93,71,91,83,79,62,82,65,70,6,4,6,3,8,8,1,4,True,False,False,False,False,False,True,True,False,False,False,False,False,False,False,True,True,False,False,True,False,False,False
17,73.58,81.15,57,78,85,83,58,35,88,72,7,3,5,1,1,5,1,1,True,False,False,False,False,False,True,False,False,False,False,True,True,False,False,False,False,True,False,False,False,False,True
20,74.97,70.37,49,37,51,61,92,54,84,90,1,3,4,6,1,2,2,0,False,True,False,True,False,False,False,False,True,False,False,False,True,False,False,False,True,False,False,True,False,False,False
17,81.75,88.45,50,57,90,41,62,74,51,83,3,4,2,1,5,6,1,5,False,True,False,False,False,False,True,False,False,False,False,True,False,False,False,True,False,True,True,False,False,False,False
18,99.0,80.85,52,44,81,63,76,48,60,62,3,10,4,3,4,1,6,0,True,False,False,False,True,False,False,False,False,False,False,True,False,True,False,False,True,False,False,False,False,False,True
21,76.46,67.22,82,92,94,71,53,77,57,78,10,2,1,6,1,5,1,2,True,False,False,False,False,False,True,False,False,False,False,True,False,False,False,True,False,True,False,False,False,False,True
20,87.76,69.97,88,78,42,73,67,49,70,74,10,6,3,2,2,6,5,3,True,False,False,False,False,False,True,False,False,False,False,True,False,False,False,True,True,False,False,False,False,False,True
19,91.59,84.28,75,74,79,76,44,47,82,89,10,7,4,8,2,5,2,0,False,False,True,False,False,False,True,False,False,False,False,True,False,False,False,True,True,False,True,False,False,False,False
19,71.41,74.99,95,71,88,75,83,66,93,89,2,2,5,6,2,10,6,2,True,False,False,False,False,False,True,False,True,False,False,False,False,False,False,True,True,False,False,False,True,False,False
19,71.38,74.78,64,65,70,93,91,46,88,73,3,7,3,1,2,4,2,1,True,False,False,False,True,False,False,False,False,False,False,True,False,True,False,False,True,False,False,False,False,False,True
22,69.43,82.3,63,46,45,56,84,67,73,82,6,9,5,5,2,2,1,4,True,False,False,False,True,False,False,False,False,False,False,True,False,True,False,False,True,False,False,False,False,False,True
20,79.54,80.37,61,89,98,73,62,35,67,95,3,5,10,1,6,3,4,4,True,False,False,False,False,False,True,False,False,True,False,False,False,False,False,True,True,False,True,False,False,False,False
17,75.8,60.92,87,77,47,66,100,35,82,54,3,10,3,1,4,5,1,1,True,False,False,False,True,False,False,False,False,False,False,True,False,True,False,False,True,False,False,False,False,False,True
22,78.68,73.63,50,52,97,83,64,76,90,53,4,3,4,7,7,1,0,5,True,False,False,False,False,True,False,False,False,True,False,False,False,False,True,False,True,False,True,False,False,False,False
20,62.71,70.92,77,91,45,94,42,35,79,77,1,5,3,6,10,6,1,3,True,False,False,False,False,False,True,False,False,False,True,False,False,False,False,True,True,False,True,False,False,False,False
18,85.94,75.93,81,82,93,75,51,69,91,86,10,1,2,4,6,3,1,4,True,False,False,False,False,False,True,False,False,False,False,True,True,False,False,False,True,False,False,False,False,False,True
20,88.44,73.79,90,82,50,75,55,35,79,82,1,5,1,1,1,10,2,4,False,True,False,False,False,False,True,False,True,False,False,False,False,False,False,True,True,False,False,False,True,False,False
18,86.91,77.71,76,50,86,82,68,78,80,50,3,1,2,7,4,1,4,2,True,False,False,False,False,True,False,False,False,True,False,False,False,False,True,False,True,False,True,False,False,False,False
19,76.58,64.52,61,54,41,73,40,35,99,73,5,3,2,2,7,3,2,6,True,False,False,True,False,False,False,True,False,False,False,False,True,False,False,False,False,True,False,True,False,False,False
19,85.39,72.15,79,46,79,60,97,35,63,73,3,8,1,5,5,1,2,1,False,True,False,False,True,False,False,False,False,False,False,True,False,True,False,False,True,False,False,False,False,False,True
22,78.75,89.77,80,59,87,75,94,58,84,75,4,10,1,4,5,2,3,2,False,True,False,False,True,False,False,False,False,False,False,True,False,True,False,False,True,False,False,False,False,False,True
19,69.05,76.88,82,80,86,81,47,68,91,83,4,2,4,3,6,9,6,2,False,True,False,False,False,False,True,False,True,False,False,False,False,False,False,True,True,False,False,False,True,False,False
20,78.18,72.27,95,70,66,73,60,73,64,81,4,1,2,5,10,1,1,6,True,False,False,False,False,False,True,False,False,False,True,False,False,False,False,True,True,False,True,False,False,False,False
18,77.9,64.35,63,95,46,85,60,72,91,91,9,5,1,5,2,4,2,1,True,False,False,False,False,False,True,False,False,False,False,True,False,False,False,True,True,False,True,False,False,False,False
20,65.44,73.61,51,57,59,77,82,50,96,71,2,9,4,5,1,5,2,2,True,False,False,False,True,False,False,False,False,False,False,True,False,True,False,False,True,False,False,False,False,False,True
19,65.17,82.61,78,67,84,81,98,59,72,77,2,10,6,6,1,4,1,2,True,False,False,False,True,False,False,False,False,False,False,True,False,True,False,False,True,False,False,False,False,False,True
17,85.21,65.81,98,67,79,98,72,35,66,99,8,4,3,8,1,8,4,5,True,False,False,False,False,False,True,True,False,False,False,False,False,False,False,True,True,False,False,True,False,False,False
21,79.92,88.28,60,74,58,87,100,77,71,81,1,10,6,4,6,1,1,6,True,False,False,False,True,False,False,False,False,False,False,True,False,True,False,False,True,False,False,False,False,False,True
17,97.36,70.07,93,83,57,80,74,39,55,78,6,3,7,5,3,2,4,1,False,True,False,False,False,False,True,True,False,False,False,False,False,False,False,True,True,False,False,True,False,False,False
21,86.38,76.33,79,92,86,87,68,65,92,78,4,5,9,4,2,4,2,4,True,False,False,False,False,False,True,True,False,False,False,False,False,False,False,True,True,False,False,False,True,False,False
17,82.79,78.5,79,93,44,92,83,35,43,89,1,3,2,1,4,10,0,1,False,True,False,False,False,False,True,False,True,False,False,False,False,False,False,True,True,False,True,False,False,False,False
17,91.86,88.62,73,82,77,76,72,50,74,92,6,3,7,1,2,10,0,2,False,True,False,False,False,False,True,False,True,False,False,False,False,False,False,True,True,False,True,False,False,False,False
18,79.79,66.21,64,66,56,79,81,39,83,74,1,8,5,3,5,4,1,2,False,True,False,False,True,False,False,False,False,False,False,True,False,True,False,False,True,False,False,False,False,False,True
20,59.36,55.56,79,66,50,41,38,43,66,99,1,3,4,1,1,5,3,1,True,False,False,False,False,False,True,True,False,False,False,False,False,False,False,True,False,True,False,False,True,False,False
19,81.0,70.74,81,73,88,83,62,54,100,88,6,5,10,6,1,4,4,6,False,False,True,False,False,False,True,False,False,True,False,False,False,False,False,True,True,False,True,False,False,False,False
20,79.1,75.23,59,91,45,95,52,54,55,79,10,1,4,8,2,1,2,1,False,True,False,False,False,False,True,False,False,False,False,True,False,False,False,True,True,False,False,False,True,False,False
20,71.18,78.39,74,70,92,86,64,73,93,86,7,2,4,5,1,1,2,1,True,False,False,False,False,True,False,False,False,True,False,False,False,False,True,False,True,False,False,False,False,True,False
19,77.52,78.65,95,70,92,71,62,59,68,85,10,1,3,6,5,3,3,6,True,False,False,False,False,False,True,False,False,False,False,True,True,False,False,False,False,True,False,False,True,False,False
21,73.28,79.48,58,39,89,58,89,41,81,86,4,7,5,3,8,5,2,1,False,True,False,False,False,False,True,False,True,False,False,False,False,False,False,True,True,False,False,False,False,True,False
19,64.52,97.6,94,97,51,63,38,38,89,100,10,3,1,1,2,4,1,2,False,True,False,False,False,False,True,False,False,False,False,True,True,False,False,False,False,True,False,False,False,False,True
19,77.86,65.58,59,40,89,80,100,55,65,76,1,10,2,4,4,1,1,4,False,True,False,False,True,False,False,False,False,False,False,True,False,True,False,False,True,False,False,False,False,False,True
18,73.1,79.18,94,78,75,96,72,52,97,100,7,4,3,6,4,4,0,1,True,False,False,False,False,False,True,False,False,False,False,True,False,False,False,True,True,False,False,False,True,False,False
22,69.46,81.43,54,74,87,57,67,85,79,88,4,4,2,9,5,1,3,2,True,False,False,False,False,True,False,False,False,True,False,False,False,False,True,False,True,False,True,False,False,False,False
20,79.45,79.01,83,91,96,94,68,40,65,79,10,1,1,2,4,5,2,2,True,False,False,False,False,False,True,False,False,False,False,True,False,False,False,True,True,False,True,False,False,False,False
18,55.48,73.64,99,74,47,79,83,39,80,72,10,1,1,2,3,2,4,3,True,False,False,False,False,False,True,False,False,False,False,True,False,False,False,True,True,False,True,False,False,False,False
20,88.49,68.0,79,71,86,79,66,51,93,92,4,7,10,1,3,1,4,4,True,False,False,True,False,False,False,False,False,True,False,False,True,False,False,False,True,False,True,False,False,False,False
23,81.42,83.24,61,78,53,87,54,34,67,91,10,5,4,1,3,5,2,3,True,False,False,False,False,False,True,False,False,False,False,True,False,False,False,True,True,False,False,False,False,False,True
19,74.84,67.62,50,60,68,70,82,38,83,98,4,5,4,1,2,5,3,2,True,False,False,True,False,False,False,False,False,True,False,False,True,False,False,False,True,False,False,False,False,True,False
19,74.5,76.74,67,100,68,96,71,65,67,85,3,5,1,1,10,3,1,0,True,False,False,False,False,False,True,False,False,False,True,False,False,False,False,True,True,False,True,False,False,False,False
20,94.21,75.19,80,70,50,100,46,64,69,94,6,1,2,2,5,9,1,1,False,True,False,False,False,False,True,False,True,False,False,False,False,False,False,True,True,False,False,False,True,False,False
19,78.54,97.67,91,53,81,91,43,47,73,72,3,4,10,1,3,3,1,1,False,False,True,True,False,False,False,True,False,False,False,False,True,False,False,False,True,False,False,False,False,True,False
20,86.41,82.67,93,81,54,78,64,33,82,76,9,5,6,2,5,6,1,3,True,False,False,False,False,False,True,False,False,False,False,True,True,False,False,False,False,True,False,False,True,False,False
20,85.17,78.6,93,92,80,84,64,73,91,89,10,1,3,6,6,6,2,3,False,True,False,False,False,False,True,True,False,False,False,False,False,False,False,True,True,False,False,True,False,False,False
20,77.03,77.48,68,57,58,49,68,50,88,89,3,3,5,5,6,3,4,2,False,True,False,False,False,False,True,False,False,False,True,False,False,False,False,True,True,False,False,True,False,False,False
17,80.15,94.94,86,68,56,98,61,67,68,83,8,6,4,5,1,1,3,5,False,True,False,False,False,False,True,False,False,False,False,True,False,False,False,True,False,True,False,False,True,False,False
23,82.62,58.78,70,57,71,84,90,72,87,70,3,8,1,3,6,5,4,5,False,True,False,False,True,False,False,False,False,False,False,True,False,True,False,False,False,True,False,False,False,False,True
20,82.43,69.54,73,100,83,72,42,38,62,83,9,7,2,3,8,3,0,5,True,False,False,False,False,False,True,False,False,False,False,True,False,False,False,True,True,False,True,False,False,False,False
20,87.96,82.69,67,37,37,57,71,35,55,76,3,4,10,4,2,5,1,2,False,True,False,True,False,False,False,False,False,True,False,False,True,False,False,False,True,False,False,False,False,True,False
19,88.44,83.48,59,52,48,55,73,37,57,86,4,6,4,1,3,6,3,2,True,False,False,False,False,False,True,False,True,False,False,False,False,False,False,True,False,True,False,True,False,False,False
20,69.66,99.0,87,84,84,69,62,37,54,93,1,4,10,8,1,1,1,2,True,False,False,False,False,False,True,False,False,True,False,False,False,False,False,True,False,True,True,False,False,False,False
20,81.11,84.54,73,57,77,76,94,31,60,77,4,9,1,3,4,4,2,3,True,False,False,False,True,False,False,False,False,False,False,True,False,True,False,False,False,True,False,False,False,False,True
18,76.63,62.37,80,75,77,70,42,78,83,69,1,2,6,7,5,5,2,4,True,False,False,False,False,True,False,False,False,True,False,False,False,False,True,False,True,False,False,False,False,True,False
19,69.59,92.16,75,73,95,99,51,35,85,93,1,5,2,5,10,4,3,1,False,True,False,False,False,False,True,False,False,False,True,False,False,False,False,True,False,True,True,False,False,False,False
20,76.63,69.73,93,66,74,76,62,61,71,74,1,1,2,3,10,4,2,5,True,False,False,False,False,False,True,False,False,False,True,False,False,False,False,True,True,False,True,False,False,False,False
21,79.04,72.47,55,47,97,89,61,81,86,52,3,2,1,7,5,1,1,3,True,False,False,False,False,True,False,False,False,True,False,False,False,False,True,False,True,False,True,False,False,False,False
19,77.12,97.35,94,100,57,99,63,75,100,81,9,1,5,4,5,5,2,4,False,True,False,False,False,False,True,False,False,False,False,True,False,False,False,True,False,True,False,False,False,False,True
21,79.73,92.93,47,68,62,57,68,59,65,87,2,3,4,5,7,7,3,5,False,True,False,False,False,False,True,False,False,False,True,False,False,False,False,True,True,False,False,False,False,True,False
23,63.04,91.74,72,83,72,57,88,56,68,84,3,1,6,3,2,4,2,5,False,True,False,True,False,False,False,True,False,False,False,False,True,False,False,False,True,False,False,False,False,True,False
17,71.34,83.97,75,76,81,72,89,61,58,87,3,10,6,4,4,4,0,2,False,True,False,False,True,False,False,False,False,False,False,True,False,True,False,False,True,False,False,False,False,False,True
20,74.24,54.82,89,97,65,93,82,40,80,97,10,2,3,5,2,4,4,0,True,False,False,False,False,False,True,False,False,False,False,True,False,False,False,True,True,False,False,False,True,False,False
19,89.06,73.6,96,86,100,79,63,46,65,86,1,7,8,6,6,2,3,5,False,True,False,False,False,False,True,True,False,False,False,False,False,False,False,True,False,True,False,False,True,False,False
20,85.39,86.84,60,64,57,58,62,56,80,99,2,2,9,6,6,6,3,5,True,False,False,True,False,False,False,False,False,True,False,False,True,False,False,False,False,True,False,True,False,False,False
20,72.82,69.83,69,72,44,91,73,53,83,68,1,3,9,1,3,5,3,2,True,False,False,True,False,False,False,True,False,False,False,False,True,False,False,False,False,True,False,False,True,False,False
18,88.93,84.39,59,100,57,76,68,67,70,91,10,4,2,2,1,5,0,6,False,True,False,False,False,False,True,False,False,False,False,True,False,False,False,True,False,True,False,False,True,False,False
17,80.05,91.37,74,44,90,62,95,33,98,68,6,7,5,6,6,6,2,1,False,True,False,False,True,False,False,False,False,False,False,True,False,True,False,False,True,False,False,False,False,False,True
18,75.9,64.79,75,66,100,84,81,71,86,44,6,4,4,6,3,1,3,3,False,True,False,False,False,True,False,False,False,True,False,False,False,False,True,False,False,True,True,False,False,False,False
18,85.14,77.92,59,51,90,69,97,78,63,63,3,10,1,2,6,4,0,1,False,True,False,False,True,False,False,False,False,False,False,True,False,True,False,False,True,False,False,False,False,False,True
22,83.33,78.11,83,84,72,87,58,80,50,78,1,1,10,7,3,5,0,8,True,False,False,False,False,False,True,False,False,True,False,False,False,False,False,True,False,True,True,False,False,False,False
22,76.58,77.34,100,52,67,90,48,79,94,78,3,6,10,1,3,5,3,5,True,False,False,True,False,False,False,True,False,False,False,False,True,False,False,False,True,False,False,True,False,False,False
17,86.49,81.0,86,100,83,89,67,37,78,87,5,7,9,3,3,1,1,2,False,True,False,False,False,False,True,True,False,False,False,False,False,False,False,True,True,False,False,True,False,False,False
21,83.26,83.42,67,45,97,56,39,77,85,71,4,4,6,9,4,3,4,7,True,False,False,False,False,True,False,False,False,True,False,False,False,False,True,False,False,True,True,False,False,False,False
17,85.99,99.0,82,74,82,67,67,49,98,77,1,1,3,4,3,10,2,3,True,False,False,False,False,False,True,False,True,False,False,False,False,False,False,True,True,False,False,False,True,False,False
19,61.54,56.83,70,54,54,40,36,37,68,94,1,2,3,2,3,3,2,1,True,False,False,False,False,False,True,False,False,False,False,True,False,False,False,True,False,True,False,False,True,False,False
19,84.27,81.36,74,100,79,97,65,35,81,89,6,6,9,2,1,3,0,4,False,True,False,False,False,False,True,True,False,False,False,False,False,False,False,True,True,False,False,True,False,False,False
17,84.32,77.99,68,71,96,61,45,95,83,53,4,3,5,10,4,3,2,3,False,True,False,False,False,True,False,False,False,True,False,False,False,False,True,False,True,False,True,False,False,False,False
18,74.48,85.54,100,62,86,73,50,72,67,95,8,2,3,7,2,6,2,4,True,False,False,False,False,False,True,False,False,False,False,True,True,False,False,False,False,True,False,False,True,False,False
21,66.99,99.0,65,68,90,48,86,77,74,82,3,6,1,4,2,5,2,4,False,True,False,False,True,False,False,True,False,False,False,False,False,True,False,False,True,False,False,True,False,False,False
20,85.66,84.73,87,100,86,74,36,51,64,94,10,4,4,1,1,4,1,3,False,True,False,False,False,False,True,False,False,False,False,True,False,False,False,True,True,False,False,False,True,False,False
21,85.17,64.8,68,70,49,77,99,56,44,94,4,10,5,1,6,2,3,2,False,True,False,False,True,False,False,False,False,False,False,True,False,True,False,False,True,False,False,False,False,False,True
18,95.61,88.26,100,78,86,91,71,36,64,80,10,3,1,2,2,3,0,0,True,False,False,False,False,False,True,False,False,False,False,True,False,False,False,True,True,False,False,False,True,False,False
19,70.46,88.38,53,58,77,67,40,82,77,55,8,7,10,6,3,7,1,5,True,False,False,False,False,True,False,False,False,True,False,False,False,False,True,False,True,False,True,False,False,False,False
21,70.83,84.0,70,92,91,80,70,36,79,85,2,7,9,2,5,3,3,2,True,False,False,False,False,False,True,False,False,True,False,False,False,False,False,True,True,False,True,False,False,False,False
20,94.93,96.7,92,100,65,85,64,51,85,88,8,5,3,8,4,2,0,1,False,True,False,False,False,False,True,False,False,False,False,True,True,False,False,False,True,False,False,False,True,False,False
17,81.73,78.45,88,91,54,91,42,66,63,69,6,1,10,5,1,1,2,5,False,True,False,False,False,False,True,False,False,True,False,False,False,False,False,True,True,False,True,False,False,False,False
18,84.55,77.0,82,75,80,68,83,95,100,67,6,3,10,10,1,1,1,2,False,True,False,False,False,True,False,False,False,True,False,False,False,False,True,False,True,False,False,False,False,True,False
22,79.49,91.84,69,86,63,89,43,37,78,93,2,5,10,6,5,2,2,0,False,True,False,False,False,False,True,True,False,False,False,False,False,False,False,True,True,False,False,True,False,False,False
21,75.17,84.63,92,71,83,86,63,35,73,65,3,4,8,1,1,4,1,6,False,True,False,True,False,False,False,True,False,False,False,False,True,False,False,False,False,True,False,False,True,False,False
19,72.12,88.16,84,63,88,77,40,47,90,100,6,4,7,4,6,6,2,4,True,False,False,True,False,False,False,False,False,True,False,False,True,False,False,False,True,False,True,False,False,False,False
18,91.58,81.8,89,100,69,66,70,35,52,68,10,2,4,3,3,1,6,4,True,False,False,False,False,False,True,False,False,False,False,True,False,False,False,True,False,True,True,False,False,False,False
17,76.65,88.67,64,52,70,70,65,36,88,91,5,6,10,1,4,7,4,0,True,False,False,True,False,False,False,False,False,True,False,False,True,False,False,False,False,True,False,False,False,True,False
20,67.12,84.7,96,63,91,57,49,45,96,76,2,5,9,3,4,4,4,6,True,False,False,True,False,False,False,False,False,True,False,False,True,False,False,False,False,True,False,False,True,False,False
20,71.79,69.83,39,70,100,60,52,36,61,94,1,5,3,1,1,4,0,1,True,False,False,True,False,False,False,True,False,False,False,False,True,False,False,False,True,False,False,False,False,True,False
19,85.14,67.46,83,88,83,99,64,36,91,81,7,4,4,5,1,5,1,1,False,False,True,False,False,False,True,True,False,False,False,False,False,False,False,True,True,False,False,False,True,False,False
20,61.64,70.05,79,63,77,61,86,90,55,71,3,5,8,6,4,2,0,4,False,True,False,False,False,True,False,False,False,True,False,False,False,False,True,False,False,True,False,False,False,True,False
19,92.71,72.48,75,78,46,99,39,58,62,100,6,3,4,3,5,8,1,2,False,True,False,False,False,False,True,False,True,False,False,False,False,False,False,True,True,False,False,False,True,False,False
19,73.22,72.69,96,71,63,90,50,77,50,80,1,2,1,6,4,8,0,3,False,True,False,False,False,False,True,False,True,False,False,False,False,False,False,True,True,False,True,False,False,False,False
17,87.67,58.47,79,82,70,87,60,49,62,95,4,8,10,4,5,4,1,2,True,False,False,False,False,False,True,True,False,False,False,False,False,False,False,True,True,False,False,True,False,False,False
19,75.39,87.36,100,79,66,95,42,64,81,94,10,7,4,3,4,6,0,3,True,False,False,False,False,False,True,True,False,False,False,False,False,False,False,True,True,False,False,False,True,False,False
19,75.2,86.5,85,67,67,86,78,55,87,69,3,7,4,5,5,2,3,3,True,False,False,False,True,False,False,False,False,False,False,True,False,True,False,False,True,False,False,False,False,False,True
20,71.29,71.44,74,94,82,79,64,77,79,100,3,6,10,4,1,2,3,4,True,False,False,False,False,False,True,False,False,True,False,False,False,False,False,True,False,True,True,False,False,False,False
20,77.14,67.79,62,85,69,75,55,62,69,96,5,1,5,2,4,8,1,4,False,True,False,False,False,False,True,False,True,False,False,False,False,False,False,True,True,False,False,False,True,False,False
17,88.0,82.47,81,100,75,81,76,36,78,92,3,7,8,2,3,4,2,2,False,True,False,False,False,False,True,True,False,False,False,False,False,False,False,True,True,False,False,True,False,False,False
21,69.99,87.97,57,48,87,73,92,47,85,88,1,7,3,3,6,7,2,2,False,True,False,False,False,False,True,False,True,False,False,False,False,False,False,True,True,False,False,False,False,True,False
21,63.11,69.88,75,97,88,86,76,33,86,98,9,3,1,1,4,4,1,2,True,False,False,False,False,False,True,False,False,False,False,True,False,False,False,True,False,True,False,False,True,False,False
19,81.22,71.12,61,93,89,72,75,44,78,78,1,6,10,2,3,1,2,3,True,False,False,False,False,False,True,False,False,True,False,False,False,False,False,True,True,False,True,False,False,False,False
19,84.41,81.89,78,77,96,81,100,70,81,50,3,10,1,4,4,1,3,1,True,False,False,False,True,False,False,False,False,False,False,True,False,True,False,False,True,False,False,False,False,False,True
22,71.29,69.14,38,58,90,60,43,40,73,66,5,8,5,2,3,2,2,3,False,True,False,True,False,False,False,True,False,False,False,False,True,False,False,False,False,True,False,False,False,False,True
20,72.37,64.87,63,46,74,44,62,76,60,99,3,5,10,3,1,7,1,3,False,True,False,False,False,False,True,False,False,False,False,True,False,False,False,True,True,False,False,False,False,False,True
19,77.54,91.81,54,73,87,40,68,99,65,64,1,3,8,3,1,5,0,4,True,False,False,False,False,True,False,False,False,False,True,False,False,False,True,False,True,False,False,False,True,False,False
20,72.28,76.58,77,72,64,100,39,31,79,85,10,6,6,3,4,3,2,3,True,False,False,False,False,False,True,False,False,False,False,True,False,False,False,True,True,False,False,False,True,False,False
21,81.76,77.91,85,71,47,89,66,75,61,80,1,5,10,4,6,4,0,5,True,False,False,False,False,False,True,False,False,True,False,False,False,False,False,True,True,False,True,False,False,False,False
23,85.24,74.38,75,84,61,95,36,34,86,87,4,6,1,2,2,8,1,3,True,False,False,False,False,False,True,False,True,False,False,False,False,False,False,True,True,False,False,False,True,False,False
17,84.16,82.14,90,80,46,98,78,81,68,100,7,1,1,6,2,5,2,6,False,True,False,False,False,False,True,True,False,False,False,False,False,False,False,True,True,False,False,False,True,False,False
22,73.41,80.91,55,77,80,73,76,77,85,81,1,2,10,5,4,5,4,6,True,False,False,False,False,True,False,False,False,True,False,False,False,False,True,False,False,True,False,False,False,True,False
19,82.94,65.37,58,45,71,44,83,77,52,82,4,6,6,4,5,6,0,2,True,False,False,False,False,False,True,False,False,True,False,False,False,False,False,True,False,True,False,False,True,False,False
18,79.04,67.0,52,39,95,64,43,61,58,100,8,4,3,1,5,3,0,3,True,False,False,False,False,False,True,False,False,False,True,False,False,False,False,True,False,True,False,False,False,True,False
18,71.6,85.06,74,86,80,81,87,56,90,91,3,5,6,4,9,3,2,3,False,True,False,False,False,False,True,False,False,False,True,False,False,False,False,True,True,False,True,False,False,False,False
19,77.56,86.62,83,63,64,95,51,65,83,83,3,3,10,2,6,6,3,8,True,False,False,False,False,False,True,False,False,True,False,False,False,False,False,True,False,True,True,False,False,False,False
23,69.2,75.68,49,60,71,68,79,61,68,66,3,10,2,5,1,6,1,1,False,True,False,False,True,False,False,False,False,False,False,True,False,True,False,False,False,True,False,False,False,False,True
18,91.81,81.21,59,64,85,88,86,30,82,68,1,7,1,5,5,5,2,0,False,True,False,False,True,False,False,False,False,False,False,True,False,True,False,False,True,False,False,False,False,False,True
19,99.0,75.12,71,79,55,90,52,35,69,77,1,4,7,4,2,5,1,4,False,True,False,False,False,False,True,True,False,False,False,False,False,False,False,True,True,False,False,False,True,False,False
18,67.4,69.62,47,59,70,68,83,65,94,73,5,1,2,6,1,5,3,1,False,True,False,False,True,False,False,False,False,False,False,True,False,True,False,False,True,False,True,False,False,False,False
19,69.71,68.25,90,86,86,100,64,46,89,97,7,6,2,1,6,6,7,2,False,True,False,False,False,False,True,False,False,False,False,True,False,False,False,True,True,False,True,False,False,False,False
21,78.6,71.58,69,71,74,63,40,76,91,80,8,4,8,6,3,5,4,0,True,False,False,True,False,False,False,True,False,False,False,False,True,False,False,False,True,False,False,False,True,False,False
18,70.9,74.41,63,100,85,79,65,80,76,100,1,6,10,1,1,3,4,3,True,False,False,False,False,False,True,False,False,True,False,False,False,False,False,True,True,False,True,False,False,False,False
21,70.3,84.78,100,95,68,81,54,61,69,81,1,4,10,3,3,1,2,3,False,True,False,False,False,False,True,True,False,False,False,False,False,False,False,True,True,False,False,False,True,False,False
20,88.62,71.66,91,71,47,83,71,73,59,88,1,1,8,4,4,1,5,4,True,False,False,False,False,False,True,True,False,False,False,False,False,False,False,True,True,False,False,True,False,False,False
17,76.01,73.34,100,78,87,89,45,78,94,100,9,4,1,3,5,4,2,5,False,True,False,False,False,False,True,True,False,False,False,False,False,False,False,True,False,True,False,False,True,False,False
17,75.25,70.4,74,96,74,94,81,35,62,92,10,5,3,4,4,4,1,2,True,False,False,False,False,False,True,False,False,False,False,True,False,False,False,True,False,True,False,False,False,False,True
20,73.06,72.56,100,72,83,94,46,64,81,72,9,5,3,6,5,4,2,2,False,True,False,False,False,False,True,True,False,False,False,False,False,False,False,True,True,False,False,False,True,False,False
21,74.89,76.65,99,55,70,87,53,75,82,74,1,4,8,2,1,3,3,2,True,False,False,True,False,False,False,True,False,False,False,False,True,False,False,False,True,False,False,True,False,False,False
19,57.79,72.17,85,75,83,64,69,71,79,94,1,3,10,2,6,3,3,3,True,False,False,True,False,False,False,False,False,True,False,False,True,False,False,False,True,False,False,False,True,False,False
18,69.69,78.65,98,87,94,87,72,54,84,80,1,4,7,5,5,8,1,2,True,False,False,False,False,False,True,False,True,False,False,False,False,False,False,True,True,False,False,False,True,False,False
18,81.9,82.01,84,50,95,57,87,75,76,84,6,7,10,3,3,5,1,5,True,False,False,True,False,False,False,False,False,True,False,False,True,False,False,False,True,False,True,False,False,False,False
19,86.56,83.54,79,97,65,70,41,35,66,91,9,3,1,4,1,1,4,8,True,False,False,False,False,False,True,False,False,False,False,True,True,False,False,False,False,True,False,False,False,False,True
19,72.23,85.83,76,91,80,71,57,60,69,80,3,5,10,4,6,4,3,2,False,True,False,False,False,False,True,False,False,True,False,False,False,False,False,True,True,False,True,False,False,False,False
19,65.02,83.6,62,68,53,86,73,33,52,99,5,6,9,3,4,5,2,2,True,False,False,False,False,False,True,True,False,False,False,False,False,False,False,True,True,False,False,False,True,False,False
19,90.7,69.87,75,70,89,72,74,72,78,77,6,10,1,3,5,1,1,4,True,False,False,False,True,False,False,False,False,False,False,True,False,True,False,False,False,True,False,False,False,False,True
22,94.57,76.82,82,70,91,95,67,74,75,75,2,1,3,1,7,4,4,4,False,True,False,False,False,False,True,False,False,False,True,False,False,False,False,True,True,False,True,False,False,False,False
20,72.77,59.0,100,87,72,93,35,74,65,86,10,5,6,6,4,5,2,2,False,True,False,False,False,False,True,False,False,False,False,True,False,False,False,True,False,True,False,False,False,False,True
23,83.54,71.54,63,61,66,93,49,41,77,72,4,7,8,2,7,10,0,0,True,False,False,False,False,False,True,False,True,False,False,False,False,False,False,True,False,True,False,False,True,False,False
19,79.73,80.15,76,83,55,90,35,35,96,91,10,3,1,2,6,1,2,1,False,True,False,False,False,False,True,False,False,False,False,True,False,False,False,True,False,True,False,False,True,False,False
17,83.35,77.39,69,73,72,59,55,53,99,91,5,2,10,1,1,7,0,4,True,False,False,True,False,False,False,False,False,True,False,False,True,False,False,False,True,False,True,False,False,False,False
21,91.1,65.69,88,75,76,83,78,75,89,82,8,4,4,2,8,3,1,5,False,True,False,False,False,False,True,False,False,False,False,True,True,False,False,False,True,False,False,False,False,False,True
18,68.94,87.26,63,68,58,61,100,82,86,64,6,10,4,3,4,6,0,0,False,True,False,False,True,False,False,False,False,False,False,True,False,True,False,False,True,False,False,False,False,False,True
21,74.73,90.93,74,66,60,66,79,68,66,75,2,1,10,4,5,3,3,2,True,False,False,True,False,False,False,False,False,True,False,False,True,False,False,False,True,False,False,False,False,True,False
19,80.13,70.66,76,84,83,97,57,41,77,79,1,2,1,7,10,6,2,5,True,False,False,False,False,False,True,False,False,False,True,False,False,False,False,True,False,True,True,False,False,False,False
21,52.49,81.1,41,58,91,40,78,35,72,80,5,1,3,5,6,6,1,4,False,False,True,False,False,False,True,False,False,False,False,True,False,False,False,True,True,False,False,False,False,True,False
23,69.11,85.01,87,93,79,79,62,48,66,98,8,1,4,3,6,5,1,7,True,False,False,False,False,False,True,False,False,False,False,True,False,False,False,True,False,True,False,False,True,False,False
19,88.58,93.0,68,94,84,83,80,43,54,94,5,4,10,4,6,3,2,2,False,True,False,False,False,False,True,True,False,False,False,False,False,False,False,True,True,False,False,False,True,False,False
18,76.0,78.06,80,91,54,88,83,71,74,77,7,6,4,2,4,1,0,6,True,False,False,False,False,False,True,False,False,False,False,True,False,False,False,True,False,True,False,False,True,False,False
18,82.05,80.4,86,77,87,68,56,71,84,81,10,2,1,3,6,2,1,3,True,False,False,False,False,False,True,False,False,False,False,True,True,False,False,False,True,False,False,False,False,False,True
18,83.44,74.11,75,82,88,78,83,71,78,83,1,10,1,7,8,5,0,3,False,True,False,False,True,False,False,False,False,False,False,True,False,True,False,False,True,False,False,False,False,False,True
21,74.72,77.46,68,100,59,92,73,35,83,83,3,5,10,1,1,7,1,3,False,True,False,False,False,False,True,True,False,False,False,False,False,False,False,True,True,False,False,True,False,False,False
18,86.98,79.82,94,86,41,95,55,35,77,93,4,1,6,4,6,10,2,0,False,True,False,False,False,False,True,False,True,False,False,False,False,False,False,True,False,True,False,False,True,False,False
22,72.87,82.47,45,45,96,65,82,85,59,77,8,2,3,6,2,5,1,6,False,True,False,False,False,True,False,False,False,True,False,False,False,False,True,False,False,True,False,False,False,True,False
20,75.95,72.08,55,74,97,74,53,39,66,98,9,2,7,7,3,1,3,2,True,False,False,False,False,False,True,False,False,False,False,True,False,False,False,True,True,False,False,True,False,False,False
18,72.6,71.45,63,95,62,100,35,35,81,78,7,5,3,2,1,2,2,0,True,False,False,False,False,False,True,True,False,False,False,False,False,False,False,True,True,False,False,False,True,False,False
21,82.66,77.75,76,83,47,98,75,52,67,94,2,2,8,1,2,3,3,2,False,True,False,False,False,False,True,False,False,True,False,False,False,False,False,True,True,False,True,False,False,False,False
17,78.28,67.19,70,59,96,87,73,71,87,52,6,2,3,8,4,3,2,4,False,True,False,False,False,True,False,False,False,True,False,False,False,False,True,False,False,True,True,False,False,False,False
19,82.26,77.6,96,65,70,69,43,45,67,90,10,8,1,6,7,7,1,6,True,False,False,False,False,False,True,False,False,False,False,True,False,False,False,True,True,False,False,False,True,False,False
18,80.73,80.1,63,98,75,82,69,63,99,100,10,1,1,4,1,7,4,5,False,True,False,False,False,False,True,False,False,False,False,True,False,False,False,True,False,True,False,False,True,False,False
18,76.08,67.46,53,45,69,68,80,67,75,77,6,10,1,4,5,4,1,4,False,True,False,False,True,False,False,False,False,False,False,True,False,True,False,False,True,False,False,False,False,False,True
18,77.36,69.29,56,61,59,53,47,79,59,82,1,5,5,3,3,9,3,4,False,True,False,False,False,False,True,False,True,False,False,False,False,False,False,True,False,True,False,False,False,False,True
17,78.39,77.73,67,91,63,72,79,34,70,84,8,2,2,6,1,1,3,5,False,True,False,False,False,False,True,True,False,False,False,False,False,False,False,True,False,True,False,True,False,False,False
18,74.47,69.27,56,65,88,69,85,79,71,67,4,6,4,1,4,6,1,5,True,False,False,False,False,True,False,False,False,False,True,False,False,False,True,False,True,False,True,False,False,False,False
21,75.84,72.35,68,38,80,72,88,59,76,79,3,2,10,2,3,4,3,6,True,False,False,True,False,False,False,False,False,True,False,False,True,False,False,False,False,True,False,False,False,True,False
21,76.5,77.31,65,96,66,55,76,48,67,85,10,4,3,6,1,1,1,4,False,True,False,False,False,False,True,False,False,False,False,True,True,False,False,False,True,False,False,False,True,False,False
18,67.21,68.03,81,69,94,61,82,58,65,84,1,10,4,3,5,6,0,9,True,False,False,False,True,False,False,False,False,False,False,True,False,True,False,False,False,True,False,False,False,False,True
17,77.26,70.68,57,59,81,72,35,71,66,75,3,3,10,4,2,5,3,5,False,True,False,False,False,False,True,False,False,True,False,False,False,False,False,True,False,True,False,False,True,False,False
20,70.68,65.04,56,79,87,91,73,45,53,79,7,1,10,3,2,3,0,0,True,False,False,False,False,False,True,False,False,True,False,False,False,False,False,True,True,False,True,False,False,False,False
17,83.21,84.42,97,73,60,100,42,60,86,93,9,7,7,2,3,6,2,6,True,False,False,False,False,False,True,True,False,False,False,False,False,False,False,True,True,False,False,False,True,False,False
19,88.0,70.94,51,70,91,78,71,71,76,55,1,5,2,10,4,1,1,4,False,False,True,False,False,True,False,False,False,True,False,False,False,False,True,False,True,False,True,False,False,False,False
17,81.81,81.89,80,75,87,93,100,67,74,60,5,10,3,4,3,3,5,0,True,False,False,False,True,False,False,False,False,False,False,True,False,True,False,False,True,False,False,False,False,False,True
20,74.31,79.82,69,67,79,76,66,73,94,82,3,3,7,6,1,3,3,4,True,False,False,False,False,True,False,False,False,True,False,False,False,False,True,False,True,False,False,False,False,True,False
18,88.16,73.43,67,69,57,80,67,50,56,84,10,4,4,2,5,4,3,1,False,True,False,False,False,False,True,False,False,False,False,True,False,False,False,True,False,True,False,False,True,False,False
18,78.78,76.8,89,64,59,70,53,55,53,83,2,1,7,4,1,2,0,4,False,True,False,True,False,False,False,False,False,True,False,False,True,False,False,False,True,False,False,False,False,True,False
20,75.63,73.88,92,73,69,70,58,66,64,73,2,2,1,5,9,3,1,4,True,False,False,False,False,False,True,False,False,False,True,False,False,False,False,True,True,False,True,False,False,False,False
21,74.2,63.34,62,52,94,59,61,73,70,76,3,4,3,3,6,5,4,0,False,False,True,False,False,False,True,False,False,False,True,False,False,False,False,True,True,False,False,False,True,False,False
18,90.33,85.76,44,58,65,49,89,35,84,71,6,7,5,6,4,2,0,0,False,True,False,False,True,False,False,False,False,False,False,True,False,True,False,False,False,True,False,False,True,False,False
19,75.99,76.43,62,64,77,64,100,65,72,62,5,10,6,6,4,2,1,4,True,False,False,False,True,False,False,False,False,False,False,True,False,True,False,False,True,False,False,False,False,False,True
20,75.58,54.62,80,100,72,97,81,50,87,87,5,4,10,3,6,6,2,5,False,True,False,False,False,False,True,True,False,False,False,False,False,False,False,True,False,True,False,False,True,False,False
21,85.88,73.52,91,78,79,92,41,40,86,74,8,4,2,6,2,5,1,0,True,False,False,False,False,False,True,False,False,False,False,True,False,False,False,True,False,True,True,False,False,False,False
20,81.35,75.43,62,91,82,75,57,35,82,79,3,4,9,4,5,1,2,3,False,True,False,False,False,False,True,True,False,False,False,False,False,False,False,True,True,False,False,False,True,False,False
20,71.11,74.58,76,97,88,81,47,58,62,87,10,1,1,6,5,4,3,2,False,True,False,False,False,False,True,False,False,False,False,True,False,False,False,True,True,False,False,False,True,False,False
20,67.85,89.02,94,73,77,87,68,47,93,82,3,3,10,1,1,7,4,2,True,False,False,True,False,False,False,False,False,True,False,False,True,False,False,False,True,False,True,False,False,False,False
20,92.08,76.4,89,83,56,66,77,64,75,75,9,1,8,4,1,4,1,4,False,True,False,False,False,False,True,False,False,False,False,True,True,False,False,False,True,False,False,False,True,False,False
18,87.14,95.53,69,75,83,88,95,87,48,78,1,10,4,3,3,4,2,4,True,False,False,False,True,False,False,False,False,False,False,True,False,True,False,False,True,False,False,False,False,False,True
19,73.62,62.04,61,74,49,75,71,78,64,79,3,2,3,5,10,4,2,4,True,False,False,False,False,False,True,False,False,False,True,False,False,False,False,True,True,False,True,False,False,False,False
17,80.11,81.32,92,79,53,99,51,38,79,100,4,1,6,4,3,10,2,2,False,True,False,False,False,False,True,False,True,False,False,False,False,False,False,True,False,True,False,False,True,False,False
18,82.7,75.47,60,69,85,71,49,74,67,74,4,4,4,4,4,9,2,5,False,True,False,False,False,False,True,False,True,False,False,False,False,False,False,True,False,True,True,False,False,False,False
21,75.22,64.71,62,90,83,93,42,82,60,94,1,5,4,2,6,10,4,4,True,False,False,False,False,False,True,False,True,False,False,False,False,False,False,True,False,True,True,False,False,False,False
20,78.79,86.74,47,88,94,86,82,91,85,78,7,1,10,6,1,1,1,7,False,True,False,False,False,True,False,False,False,True,False,False,False,False,True,False,False,True,False,False,False,True,False
18,80.23,57.74,75,70,81,63,44,79,76,77,2,1,9,5,7,6,3,3,True,False,False,False,False,True,False,False,False,True,False,False,False,False,True,False,True,False,False,False,False,True,False
19,76.12,92.2,87,87,84,87,68,55,90,83,1,1,10,3,2,4,2,3,False,True,False,False,False,False,True,False,False,True,False,False,False,False,False,True,False,True,True,False,False,False,False
17,79.28,98.88,80,71,61,90,66,75,63,89,9,6,2,5,2,2,4,4,False,True,False,False,False,False,True,False,False,False,False,True,False,False,False,True,False,True,False,False,True,False,False
21,63.89,75.03,78,54,82,62,35,100,95,93,1,3,7,2,3,6,0,3,True,False,False,False,False,True,False,False,True,False,False,False,False,False,True,False,False,True,False,True,False,False,False
18,92.16,68.67,83,81,45,70,71,45,65,75,10,4,1,3,3,6,4,4,True,False,False,False,False,False,True,False,False,False,False,True,False,False,False,True,True,False,False,False,False,False,True
19,68.57,69.06,75,97,90,82,68,40,57,83,1,6,6,7,3,10,0,4,True,False,False,False,False,False,True,False,True,False,False,False,False,False,False,True,False,True,False,False,True,False,False
20,72.18,66.17,75,90,55,71,35,59,60,90,10,2,3,3,3,1,0,3,True,False,False,False,False,False,True,False,False,False,False,True,True,False,False,False,True,False,False,False,False,False,True
22,80.44,84.82,89,73,50,84,89,47,60,95,5,4,10,3,1,1,4,3,True,False,False,False,False,False,True,False,False,True,False,False,False,False,False,True,False,True,True,False,False,False,False
20,79.54,79.92,54,73,82,58,35,68,70,100,4,2,3,2,4,6,7,4,False,True,False,False,False,False,True,False,False,False,False,True,False,False,False,True,True,False,False,False,True,False,False
20,77.45,77.31,49,52,92,67,36,39,50,99,6,5,6,3,5,4,1,3,True,False,False,False,False,False,True,False,False,False,True,False,False,False,False,True,True,False,False,False,True,False,False
20,81.37,95.75,65,78,66,81,82,61,51,92,8,5,5,1,1,6,2,4,False,False,True,False,False,False,True,False,False,False,False,True,False,False,False,True,True,False,True,False,False,False,False
20,78.64,69.24,67,69,72,58,72,60,79,69,4,1,10,7,1,3,2,5,False,True,False,True,False,False,False,False,False,True,False,False,True,False,False,False,False,True,True,False,False,False,False
22,84.56,79.66,59,66,43,60,66,49,45,86,4,8,7,1,1,5,1,6,False,True,False,True,False,False,False,False,False,False,False,True,True,False,False,False,False,True,False,False,False,True,False
19,89.05,76.25,90,88,87,75,43,45,45,66,9,3,3,5,1,2,3,6,False,False,True,False,False,False,True,True,False,False,False,False,False,False,False,True,True,False,False,False,True,False,False
18,77.83,72.01,80,100,80,83,36,40,66,85,8,1,6,2,2,2,1,5,True,False,False,False,False,False,True,False,False,False,False,True,False,False,False,True,False,True,False,False,True,False,False
21,77.35,71.3,71,64,53,89,65,32,64,73,5,1,8,4,6,4,1,3,True,False,False,True,False,False,False,False,False,True,False,False,True,False,False,False,True,False,False,True,False,False,False
20,81.78,78.85,99,98,71,100,56,52,52,80,10,5,4,1,6,6,1,3,True,False,False,False,False,False,True,False,False,False,False,True,False,False,False,True,True,False,False,False,False,False,True
19,90.99,73.54,94,53,95,83,70,44,70,81,4,5,10,4,5,4,1,3,False,True,False,True,False,False,False,False,False,True,False,False,True,False,False,False,True,False,False,False,False,True,False
17,82.39,66.07,57,58,82,62,47,72,67,75,1,6,9,1,4,3,3,4,False,True,False,False,False,False,True,False,False,True,False,False,False,False,False,True,False,True,False,False,True,False,False
22,86.54,61.21,60,52,80,60,58,73,63,81,5,5,5,3,6,5,4,4,False,True,False,True,False,False,False,True,False,False,False,False,True,False,False,False,True,False,False,False,False,False,True
17,70.73,73.75,59,43,79,74,53,74,89,70,3,3,10,4,4,7,1,2,True,False,False,False,False,True,False,True,False,False,False,False,False,False,True,False,True,False,False,False,True,False,False
17,85.73,71.07,57,75,77,67,43,68,64,74,6,3,4,5,4,10,1,7,False,True,False,False,False,False,True,False,True,False,False,False,False,False,False,True,False,True,True,False,False,False,False
17,81.37,74.55,72,51,53,74,79,69,56,99,4,1,8,3,3,1,0,6,False,True,False,True,False,False,False,False,False,True,False,False,True,False,False,False,False,True,False,False,False,True,False
18,71.35,73.78,57,75,44,77,51,65,51,82,5,1,1,5,10,4,4,0,True,False,False,False,False,False,True,False,False,False,True,False,False,False,False,True,True,False,True,False,False,False,False
18,86.24,68.94,70,77,67,89,45,67,63,97,3,7,7,4,10,5,2,4,False,True,False,False,False,False,True,False,False,False,True,False,False,False,False,True,True,False,True,False,False,False,False
19,80.82,77.51,61,60,75,56,93,61,76,67,4,9,4,5,3,1,1,3,True,False,False,False,True,False,False,False,False,False,False,True,False,True,False,False,True,False,False,False,False,False,True
20,61.78,75.07,100,86,61,100,45,66,63,92,7,8,1,3,3,4,2,5,False,True,False,False,False,False,True,True,False,False,False,False,False,False,False,True,True,False,False,True,False,False,False
19,82.86,65.39,85,100,80,63,81,43,90,80,8,1,2,6,3,1,4,5,False,True,False,False,False,False,True,False,False,False,False,True,True,False,False,False,False,True,False,False,True,False,False
21,66.62,97.2,62,76,86,42,86,71,67,77,4,7,1,4,1,6,1,4,False,True,False,False,True,False,False,False,False,False,False,True,False,True,False,False,True,False,False,True,False,False,False
19,78.11,68.44,65,61,44,61,81,65,68,92,2,5,6,3,2,10,3,3,True,False,False,False,False,False,True,False,True,False,False,False,False,False,False,True,True,False,False,False,True,False,False
18,70.24,70.72,89,53,46,100,64,56,85,100,1,3,8,7,4,4,1,1,False,True,False,True,False,False,False,True,False,False,False,False,True,False,False,False,False,True,False,False,False,True,False
21,78.87,93.45,91,82,82,98,42,64,56,76,1,1,3,1,3,7,1,3,True,False,False,False,False,False,True,False,True,False,False,False,False,False,False,True,True,False,True,False,False,False,False
22,64.51,74.45,63,100,77,77,35,61,97,90,10,8,3,2,4,6,0,4,True,False,False,False,False,False,True,False,False,False,False,True,False,False,False,True,False,True,False,False,True,False,False
19,82.11,79.78,52,63,51,66,68,64,63,92,1,1,3,3,1,4,3,2,False,True,False,False,False,False,True,True,False,False,False,False,False,False,False,True,True,False,False,False,False,True,False
20,87.85,61.92,93,75,55,87,78,49,65,90,2,2,10,2,5,2,2,5,False,True,False,False,False,False,True,False,False,True,False,False,False,False,False,True,True,False,True,False,False,False,False
20,83.65,79.35,97,80,68,83,62,73,77,81,1,6,4,1,2,10,2,3,True,False,False,False,False,False,True,False,True,False,False,False,False,False,False,True,True,False,False,False,True,False,False
20,91.83,74.98,72,54,74,77,58,74,71,55,4,5,4,9,3,4,0,1,True,False,False,False,False,True,False,False,False,True,False,False,False,False,True,False,False,True,False,False,False,True,False
17,79.61,84.32,50,66,83,82,87,34,54,66,6,10,1,3,2,4,2,1,True,False,False,False,True,False,False,False,False,False,False,True,False,True,False,False,True,False,False,False,False,False,True
18,92.75,64.35,91,72,62,99,41,37,77,100,5,6,9,3,1,4,6,3,False,True,False,False,False,False,True,False,False,True,False,False,False,False,False,True,True,False,True,False,False,False,False
20,69.93,71.93,83,88,84,85,58,67,66,83,10,6,1,1,4,3,0,1,True,False,False,False,False,False,True,False,False,False,False,True,False,False,False,True,False,True,False,False,True,False,False
18,81.04,69.33,64,62,42,58,75,70,55,90,1,6,5,2,5,8,3,1,True,False,False,False,False,False,True,False,True,False,False,False,False,False,False,True,True,False,False,False,True,False,False
21,91.65,96.5,66,73,84,81,71,76,76,86,1,1,10,2,2,2,3,3,True,False,False,True,False,False,False,False,False,True,False,False,True,False,False,False,True,False,False,False,False,True,False
17,67.68,71.89,87,92,72,83,65,56,53,96,8,1,6,2,5,5,1,3,False,True,False,False,False,False,True,False,False,False,False,True,True,False,False,False,True,False,False,False,True,False,False
19,83.83,58.37,55,55,64,49,93,53,97,63,2,6,2,3,2,5,0,3,True,False,False,False,True,False,False,False,False,False,False,True,False,True,False,False,True,False,True,False,False,False,False
18,59.08,91.4,87,83,89,100,45,79,66,100,10,1,7,3,5,5,1,1,True,False,False,False,False,False,True,False,False,False,False,True,False,False,False,True,True,False,False,False,True,False,False
20,65.18,74.15,71,45,74,54,35,88,88,84,1,3,9,4,1,6,0,1,True,False,False,False,False,True,False,False,True,False,False,False,False,False,True,False,False,True,False,True,False,False,False
18,77.29,70.76,62,70,95,58,69,65,79,79,4,4,9,5,1,2,3,1,False,True,False,True,False,False,False,False,False,True,False,False,True,False,False,False,True,False,False,False,True,False,False
17,84.48,73.2,99,83,79,73,53,63,88,79,9,2,5,2,4,1,1,4,False,True,False,False,False,False,True,True,False,False,False,False,False,False,False,True,True,False,False,True,False,False,False
20,83.79,64.83,100,78,61,89,52,59,75,91,6,5,6,7,6,4,0,0,True,False,False,False,False,False,True,True,False,False,False,False,False,False,False,True,True,False,False,True,False,False,False
19,67.56,82.31,86,89,69,58,61,66,57,82,6,1,2,1,1,2,0,4,False,True,False,False,False,False,True,False,False,False,False,True,True,False,False,False,False,True,False,False,True,False,False
21,86.87,69.85,69,100,78,81,49,47,71,94,10,4,1,3,5,5,1,1,True,False,False,False,False,False,True,False,False,False,False,True,False,False,False,True,False,True,True,False,False,False,False
20,73.01,81.12,91,79,60,80,66,51,61,83,5,2,7,2,2,5,1,8,True,False,False,True,False,False,False,False,False,True,False,False,True,False,False,False,False,True,False,True,False,False,False
20,63.03,84.83,98,62,84,62,51,40,97,78,3,7,10,1,4,5,5,8,True,False,False,True,False,False,False,True,False,False,False,False,True,False,False,False,False,True,False,False,True,False,False
20,88.65,77.17,66,80,65,77,80,51,88,87,1,7,10,6,6,1,4,3,False,True,False,True,False,False,False,True,False,False,False,False,True,False,False,False,True,False,False,False,False,True,False
17,76.78,80.72,76,95,44,94,84,35,55,89,3,4,1,1,2,10,0,2,False,True,False,False,False,False,True,False,True,False,False,False,False,False,False,True,True,False,True,False,False,False,False
18,84.54,84.83,78,75,42,85,48,60,59,93,7,1,4,3,5,5,0,3,False,False,True,False,False,False,True,False,False,False,False,True,True,False,False,False,True,False,False,False,False,False,True
22,82.96,79.32,98,59,63,73,50,80,96,90,1,3,10,3,4,5,2,2,False,True,False,True,False,False,False,False,False,True,False,False,True,False,False,False,True,False,True,False,False,False,False
19,80.17,73.19,66,54,45,54,81,68,62,85,1,6,6,4,3,4,3,1,True,False,False,False,False,False,True,False,True,False,False,False,False,False,False,True,True,False,False,False,True,False,False
18,75.12,79.32,50,58,69,52,79,35,58,68,3,10,2,3,1,4,2,0,False,True,False,False,True,False,False,False,False,False,False,True,False,True,False,False,False,True,False,False,False,False,True
19,99.0,84.87,97,71,93,87,63,36,70,81,9,2,1,2,4,3,1,0,True,False,False,False,False,False,True,False,False,False,False,True,False,False,False,True,True,False,False,False,True,False,False
21,78.98,72.99,100,72,91,74,44,71,58,74,6,5,6,5,4,10,2,2,True,False,False,False,False,False,True,False,True,False,False,False,False,False,False,True,False,True,False,False,True,False,False
21,87.32,75.93,73,78,58,71,85,61,88,84,4,1,10,3,3,4,1,2,True,False,False,False,False,False,True,True,False,False,False,False,False,False,False,True,True,False,False,True,False,False,False
21,72.36,79.73,91,83,59,88,60,59,56,87,4,1,7,3,2,3,0,7,True,False,False,True,False,False,False,True,False,False,False,False,True,False,False,False,False,True,False,True,False,False,False
20,72.41,77.39,83,55,74,71,80,55,52,53,6,8,5,6,2,1,4,3,True,False,False,False,True,False,False,False,False,False,False,True,False,True,False,False,False,True,False,False,False,False,True
17,87.85,80.34,77,76,72,55,58,57,93,93,3,1,9,3,3,6,1,2,True,False,False,True,False,False,False,False,False,True,False,False,True,False,False,False,True,False,True,False,False,False,False
21,72.13,78.97,79,100,86,90,80,68,58,70,8,6,4,5,2,1,6,5,True,False,False,False,False,False,True,False,False,False,False,True,False,False,False,True,False,True,True,False,False,False,False
20,80.37,70.58,48,47,99,81,66,73,79,52,4,4,4,9,5,3,2,3,True,False,False,False,False,True,False,False,False,True,False,False,False,False,True,False,True,False,True,False,False,False,False
17,88.19,81.34,81,100,74,85,62,41,75,93,3,4,6,3,3,1,1,5,False,True,False,False,False,False,True,True,False,False,False,False,False,False,False,True,True,False,False,True,False,False,False
22,64.8,77.95,83,79,77,92,35,35,45,85,6,3,5,3,3,10,1,2,True,False,False,False,False,False,True,False,True,False,False,False,False,False,False,True,True,False,False,False,True,False,False
17,85.3,62.27,100,77,60,88,54,59,100,69,10,8,5,1,6,4,0,0,False,True,False,False,False,False,True,False,False,False,False,True,False,False,False,True,False,True,True,False,False,False,False
18,87.38,56.21,70,46,43,58,80,60,81,68,4,1,10,4,1,5,1,1,True,False,False,True,False,False,False,False,False,True,False,False,True,False,False,False,True,False,False,False,False,True,False
21,79.62,88.66,99,83,45,71,43,64,89,86,10,7,1,1,4,1,0,7,False,True,False,False,False,False,True,False,False,False,False,True,False,False,False,True,False,True,True,False,False,False,False
22,60.63,71.11,81,89,79,81,73,76,50,81,8,4,7,1,4,1,3,5,True,False,False,False,False,False,True,False,False,False,False,True,True,False,False,False,False,True,False,False,False,False,True
19,77.08,74.84,91,87,95,98,67,40,59,83,7,1,2,1,5,6,1,1,True,False,False,False,False,False,True,False,False,False,False,True,False,False,False,True,True,False,True,False,False,False,False
20,63.88,63.35,71,55,76,81,45,52,57,94,4,5,9,3,7,2,1,5,False,True,False,True,False,False,False,True,False,False,False,False,True,False,False,False,False,True,False,False,False,True,False
22,70.12,83.17,75,67,54,66,86,53,83,78,5,5,1,4,5,1,4,2,False,True,False,False,False,False,True,False,False,False,True,False,False,False,False,True,True,False,False,False,True,False,False
21,81.37,72.73,47,66,76,62,46,40,96,73,3,6,5,1,3,6,0,2,False,True,False,True,False,False,False,False,False,True,False,False,True,False,False,False,True,False,False,False,True,False,False
21,76.13,72.76,81,75,84,83,71,35,92,87,8,6,4,5,1,3,3,4,False,True,False,False,False,False,True,False,False,False,False,True,False,False,False,True,True,False,False,False,False,False,True
23,81.49,74.17,81,82,78,88,61,75,65,74,2,2,10,6,4,2,0,7,True,False,False,False,False,False,True,False,False,True,False,False,False,False,False,True,False,True,True,False,False,False,False
21,81.92,72.6,51,65,92,77,35,44,51,100,5,5,5,1,4,2,0,4,True,False,False,False,False,False,True,True,False,False,False,False,False,False,False,True,True,False,False,False,True,False,False
19,72.58,75.54,58,88,54,80,58,67,61,77,4,3,1,7,10,5,3,1,True,False,False,False,False,False,True,False,False,False,True,False,False,False,False,True,True,False,True,False,False,False,False
18,68.59,86.5,88,66,91,84,48,54,82,100,7,6,10,2,8,4,2,3,True,False,False,True,False,False,False,False,False,True,False,False,True,False,False,False,True,False,True,False,False,False,False
19,85.86,80.92,75,100,81,83,70,35,81,72,4,3,5,2,4,10,0,0,True,False,False,False,False,False,True,False,True,False,False,False,False,False,False,True,True,False,True,False,False,False,False
20,67.25,83.97,81,66,80,87,100,65,80,82,3,10,6,5,1,3,1,1,True,False,False,False,True,False,False,False,False,False,False,True,False,True,False,False,True,False,False,False,False,False,True
21,71.2,86.91,63,87,88,100,35,68,96,87,3,6,10,5,4,3,1,3,False,True,False,False,False,False,True,True,False,False,False,False,False,False,False,True,True,False,False,True,False,False,False
21,78.34,78.05,68,65,63,43,63,49,81,82,5,5,5,4,6,5,4,2,False,True,False,False,False,False,True,False,True,False,False,False,False,False,False,True,True,False,False,True,False,False,False
19,69.08,75.8,68,97,85,84,72,82,52,78,10,2,8,6,3,1,2,3,False,False,True,False,False,False,True,False,False,False,False,True,False,False,False,True,True,False,False,False,True,False,False
20,74.91,69.49,85,81,88,100,35,40,71,84,10,1,1,4,3,5,1,5,True,False,False,False,False,False,True,False,False,False,False,True,False,False,False,True,True,False,False,False,False,False,True
18,80.11,84.37,57,86,86,55,100,58,56,82,5,10,4,4,1,2,4,4,True,False,False,False,True,False,False,False,False,False,False,True,False,True,False,False,True,False,False,False,False,False,True
20,69.67,80.3,57,96,69,87,72,78,54,80,10,4,6,6,4,1,0,5,False,False,True,False,False,False,True,False,False,False,False,True,False,False,False,True,True,False,False,False,True,False,False
19,93.28,86.86,74,44,48,78,79,32,86,73,4,1,9,6,6,1,3,3,False,True,False,True,False,False,False,False,False,True,False,False,True,False,False,False,False,True,False,False,False,True,False
17,71.57,70.66,98,100,86,94,73,44,60,71,10,1,6,6,4,4,1,5,True,False,False,False,False,False,True,True,False,False,False,False,False,False,False,True,False,True,False,False,True,False,False
18,86.19,66.75,80,73,48,87,39,38,80,86,10,5,1,7,3,3,1,2,False,True,False,False,False,False,True,True,False,False,False,False,False,False,False,True,True,False,False,False,True,False,False
20,80.54,65.58,54,42,88,82,93,48,63,74,1,9,4,6,6,1,1,2,False,True,False,False,True,False,False,False,False,False,False,True,False,True,False,False,True,False,False,False,False,False,True
20,68.16,67.06,77,43,87,78,38,73,86,91,2,1,9,5,5,1,4,0,True,False,False,True,False,False,False,False,False,True,False,False,True,False,False,False,True,False,False,False,False,True,False
20,84.83,73.79,93,100,59,83,46,33,75,83,2,2,9,4,6,2,3,4,False,True,False,False,False,False,True,False,False,True,False,False,False,False,False,True,True,False,True,False,False,False,False
18,81.91,86.03,55,45,87,45,68,76,50,77,2,4,2,1,5,4,0,5,False,True,False,False,False,False,True,False,False,False,True,False,False,False,False,True,False,True,True,False,False,False,False
17,87.5,93.71,64,79,83,70,64,32,52,73,8,2,6,3,3,4,1,1,True,False,False,False,False,False,True,False,False,False,False,True,False,False,False,True,True,False,False,False,True,False,False
21,86.98,87.99,92,64,60,79,55,33,94,72,3,5,9,1,2,5,2,3,False,True,False,True,False,False,False,False,False,True,False,False,True,False,False,False,True,False,False,False,True,False,False
18,94.77,82.76,92,87,76,83,38,67,56,75,6,6,4,1,8,1,7,0,True,False,False,False,False,False,True,False,False,False,True,False,False,False,False,True,True,False,True,False,False,False,False
19,76.9,75.65,55,79,80,86,98,77,66,54,3,10,1,4,2,1,4,2,True,False,False,False,True,False,False,False,False,False,False,True,False,True,False,False,True,False,False,False,False,False,True
17,79.69,82.36,82,91,46,77,49,59,75,100,10,4,5,7,1,4,3,7,False,True,False,False,False,False,True,False,False,False,False,True,False,False,False,True,False,True,False,False,True,False,False
17,76.75,75.48,61,65,88,63,81,88,68,54,4,8,6,1,3,5,1,5,True,False,False,False,False,True,False,False,False,False,True,False,False,False,True,False,True,False,True,False,False,False,False
21,76.69,73.59,56,76,73,89,63,56,64,78,10,6,4,2,3,4,2,4,False,True,False,False,False,False,True,False,False,False,False,True,False,False,False,True,True,False,False,False,False,False,True
17,83.03,89.37,75,54,71,74,79,79,79,73,6,4,1,8,3,4,0,1,False,True,False,False,False,True,False,False,False,True,False,False,False,False,True,False,False,True,False,False,False,True,False
20,75.21,71.11,64,58,76,61,41,76,89,84,6,3,10,5,4,4,3,1,True,False,False,True,False,False,False,False,False,True,False,False,True,False,False,False,True,False,False,False,True,False,False
17,86.8,83.67,70,77,68,57,63,64,100,88,3,1,10,1,3,5,1,3,True,False,False,True,False,False,False,False,False,True,False,False,True,False,False,False,True,False,True,False,False,False,False
18,75.18,88.65,72,86,78,97,42,46,76,76,10,3,1,3,5,5,3,1,False,True,False,False,False,False,True,True,False,False,False,False,False,False,False,True,True,False,False,True,False,False,False
22,79.95,91.65,95,100,69,91,66,72,79,84,10,4,3,1,4,7,0,4,True,False,False,False,False,False,True,False,False,False,False,True,False,False,False,True,True,False,False,False,True,False,False
21,78.26,82.03,88,96,85,78,76,61,54,81,8,4,2,3,3,4,3,3,True,False,False,False,False,False,True,True,False,False,False,False,False,False,False,True,False,True,False,True,False,False,False
20,82.98,68.5,63,40,83,83,58,31,73,88,2,5,8,1,4,4,1,2,True,False,False,True,False,False,False,False,False,True,False,False,True,False,False,False,False,True,False,False,False,True,False
18,85.14,99.0,74,84,65,86,41,67,70,90,10,6,4,2,3,2,5,2,False,True,False,False,False,False,True,False,False,False,False,True,True,False,False,False,True,False,False,False,True,False,False
17,83.34,92.25,77,80,83,90,85,79,55,83,1,8,5,4,3,6,2,2,True,False,False,False,True,False,False,False,False,False,False,True,False,True,False,False,True,False,False,False,False,False,True
19,91.79,62.2,97,85,79,79,82,69,48,100,10,3,3,1,6,2,1,3,True,False,False,False,False,False,True,False,False,False,False,True,False,False,False,True,True,False,False,False,True,False,False
22,72.2,65.82,84,45,78,81,52,55,60,100,4,2,7,1,7,2,3,2,False,True,False,True,False,False,False,True,False,False,False,False,True,False,False,False,False,True,False,False,False,True,False
23,86.54,75.19,48,45,88,40,71,72,51,92,2,4,4,4,4,5,3,0,False,True,False,False,False,False,True,False,False,False,True,False,False,False,False,True,True,False,False,False,True,False,False
18,84.62,85.31,80,54,80,69,89,79,93,80,4,7,2,2,5,6,1,3,True,False,False,False,True,False,False,False,False,False,False,True,False,True,False,False,False,True,False,False,False,False,True
19,85.7,83.53,51,62,55,48,79,48,87,75,3,7,4,1,2,3,1,0,True,False,False,False,True,False,False,False,False,False,False,True,False,True,False,False,True,False,False,False,False,False,True
20,71.04,66.92,60,62,74,77,86,55,75,65,6,7,4,2,5,1,1,1,True,False,False,False,True,False,False,False,False,False,False,True,False,True,False,False,True,False,False,False,False,False,True
17,68.79,65.21,64,60,56,61,67,67,75,69,4,8,6,3,1,6,0,3,True,False,False,False,False,False,True,False,False,False,False,True,True,False,False,False,True,False,False,False,False,False,True
18,85.35,73.43,41,45,68,45,66,44,77,81,2,3,6,1,3,1,4,1,False,True,False,False,False,False,True,False,False,False,True,False,False,False,False,True,False,True,False,False,True,False,False
18,87.72,85.65,81,75,95,85,100,71,78,52,5,10,1,2,5,1,3,0,True,False,False,False,True,False,False,False,False,False,False,True,False,True,False,False,True,False,False,False,False,False,True
21,67.36,76.57,76,62,86,80,82,77,93,75,4,5,8,10,5,1,3,2,False,True,False,False,False,True,False,False,False,True,False,False,False,False,True,False,True,False,True,False,False,False,False
19,68.28,78.58,76,68,82,76,58,67,87,74,8,5,3,4,2,2,1,4,False,True,False,False,False,False,True,True,False,False,False,False,False,False,False,True,False,True,False,False,True,False,False
21,88.01,78.34,66,62,48,60,66,39,54,100,2,8,6,3,3,2,1,8,False,True,False,True,False,False,False,False,False,False,False,True,True,False,False,False,False,True,False,False,False,True,False
18,80.93,61.78,71,52,66,82,40,89,75,79,2,3,10,9,3,6,1,2,False,True,False,False,False,True,False,False,False,True,False,False,False,False,True,False,True,False,True,False,False,False,False
20,76.5,68.38,65,90,80,76,80,55,49,97,7,4,1,5,3,5,3,0,True,False,False,False,False,False,True,False,False,False,False,True,True,False,False,False,True,False,False,False,True,False,False
25,73.38,60.14,100,81,50,100,56,51,92,78,2,3,6,4,10,5,0,4,True,False,False,False,False,False,True,False,False,False,True,False,False,False,False,True,True,False,True,False,False,False,False
22,80.45,64.77,63,66,82,93,66,55,72,100,4,5,10,5,4,1,2,4,True,False,False,False,False,False,True,False,False,True,False,False,False,False,False,True,True,False,True,False,False,False,False
18,82.46,55.48,86,100,41,100,60,68,67,74,3,6,10,5,5,6,1,6,False,False,True,False,False,False,True,True,False,False,False,False,False,False,False,True,True,False,False,False,True,False,False
20,84.56,72.67,61,73,64,65,77,58,83,95,3,6,9,5,4,3,3,3,False,True,False,True,False,False,False,False,False,True,False,False,True,False,False,False,True,False,False,False,False,True,False
17,83.89,86.64,64,92,79,81,56,43,73,95,3,4,7,2,6,2,3,1,False,True,False,False,False,False,True,False,False,True,False,False,False,False,False,True,True,False,True,False,False,False,False
21,77.53,86.75,96,77,50,88,84,78,68,97,3,2,10,4,2,3,4,4,True,False,False,False,False,False,True,False,False,True,False,False,False,False,False,True,False,True,True,False,False,False,False
19,86.77,85.43,86,89,69,93,67,80,76,85,4,5,4,1,5,10,7,1,False,True,False,False,False,False,True,False,True,False,False,False,False,False,False,True,True,False,False,False,True,False,False
18,85.56,66.37,84,72,75,89,80,34,58,99,8,5,4,6,3,6,4,3,True,False,False,False,False,False,True,True,False,False,False,False,False,False,False,True,True,False,False,True,False,False,False
20,58.12,73.55,99,79,63,96,41,60,60,91,8,6,1,1,1,5,3,3,False,True,False,False,False,False,True,True,False,False,False,False,False,False,False,True,True,False,False,True,False,False,False
20,78.38,59.88,67,92,81,74,61,42,64,98,7,4,4,7,5,1,5,4,True,False,False,False,False,False,True,True,False,False,False,False,False,False,False,True,True,False,False,False,True,False,False
18,82.61,84.47,72,82,69,75,53,75,58,70,6,4,5,5,3,7,0,1,False,True,False,False,False,False,True,False,True,False,False,False,False,False,False,True,True,False,False,False,True,False,False
21,64.84,68.3,57,62,98,53,44,83,59,63,1,1,10,7,4,1,1,9,False,True,False,False,False,True,False,False,False,True,False,False,False,False,True,False,False,True,True,False,False,False,False
20,80.54,75.51,64,53,74,94,44,85,48,94,7,4,6,7,4,7,0,2,True,False,False,False,False,True,False,False,False,True,False,False,False,False,True,False,True,False,False,False,False,True,False
20,91.12,83.58,71,70,57,65,100,37,71,84,5,9,2,6,1,5,2,3,True,False,False,False,True,False,False,False,False,False,False,True,False,True,False,False,False,True,False,False,False,False,True
24,76.76,77.62,83,74,72,70,93,54,55,59,1,8,1,6,2,2,3,1,False,True,False,False,True,False,False,False,False,False,False,True,False,True,False,False,True,False,False,False,False,False,True
19,66.58,80.68,100,68,89,65,58,77,97,83,10,4,3,3,4,4,4,3,False,True,False,False,False,False,True,False,False,False,False,True,False,False,False,True,True,False,False,False,False,False,True
20,72.53,75.29,73,88,77,56,60,60,80,78,8,5,1,4,3,5,1,1,False,True,False,False,False,False,True,False,False,False,False,True,True,False,False,False,False,True,False,False,False,False,True
17,77.38,84.11,66,88,48,69,40,58,88,86,10,1,3,2,6,5,5,3,False,True,False,False,False,False,True,False,False,False,False,True,False,False,False,True,True,False,True,False,False,False,False
18,82.42,78.06,100,73,52,94,85,78,64,100,6,2,3,7,3,3,2,5,False,True,False,False,False,False,True,True,False,False,False,False,False,False,False,True,True,False,False,False,True,False,False
21,77.65,79.51,99,42,65,82,53,77,90,82,1,4,10,3,1,5,2,3,True,False,False,True,False,False,False,False,False,True,False,False,True,False,False,False,True,False,False,True,False,False,False
18,67.61,99.0,81,69,80,73,54,75,74,100,2,3,2,4,1,10,2,5,False,False,True,False,False,False,True,False,True,False,False,False,False,False,False,True,True,False,False,False,True,False,False
21,82.65,75.84,95,93,80,98,59,65,99,90,10,1,3,6,4,4,1,5,False,True,False,False,False,False,True,True,False,False,False,False,False,False,False,True,True,False,False,True,False,False,False
21,85.61,74.65,86,52,92,80,35,99,52,77,4,3,7,9,1,6,2,2,False,True,False,False,False,True,False,False,False,True,False,False,False,False,True,False,True,False,False,False,False,True,False
19,72.35,63.93,70,100,61,94,50,63,75,84,7,2,6,5,1,10,2,5,False,True,False,False,False,False,True,False,True,False,False,False,False,False,False,True,True,False,True,False,False,False,False
18,62.17,87.23,70,75,79,73,99,52,75,80,4,10,8,8,2,4,0,4,True,False,False,False,True,False,False,False,False,False,False,True,False,True,False,False,True,False,False,False,False,False,True
20,69.16,81.04,54,79,57,77,89,63,76,84,5,9,3,2,4,3,2,3,True,False,False,False,True,False,False,False,False,False,False,True,False,True,False,False,True,False,False,False,False,False,True
20,80.24,76.74,69,47,61,62,86,70,93,56,4,3,6,5,4,6,3,5,False,True,False,False,True,False,False,False,False,False,False,True,False,True,False,False,False,True,False,False,True,False,False
19,89.76,55.0,64,91,47,99,80,32,73,93,6,6,5,3,7,4,1,3,True,False,False,False,False,False,True,False,False,False,True,False,False,False,False,True,True,False,True,False,False,False,False
20,76.36,64.75,90,72,48,81,38,42,55,87,8,3,1,5,5,4,3,4,False,True,False,False,False,False,True,False,False,False,False,True,True,False,False,False,False,True,False,False,False,False,True
18,85.25,85.82,66,65,75,58,46,59,85,100,9,4,3,5,3,1,1,1,False,True,False,False,False,False,True,False,False,False,False,True,True,False,False,False,True,False,False,False,True,False,False
19,61.5,66.74,78,91,46,91,36,40,82,79,1,3,1,8,10,7,0,2,True,False,False,False,False,False,True,False,False,False,True,False,False,False,False,True,True,False,True,False,False,False,False
17,77.23,69.67,90,85,69,73,67,83,100,74,7,3,8,5,6,3,0,7,False,True,False,False,False,False,True,True,False,False,False,False,False,False,False,True,False,True,False,True,False,False,False
22,82.05,58.36,76,82,90,89,66,70,80,80,10,4,8,4,3,7,3,5,False,True,False,False,False,False,True,False,False,False,False,True,False,False,False,True,True,False,False,False,True,False,False
17,64.19,78.09,57,75,64,72,98,75,97,68,7,10,4,4,6,5,0,0,False,True,False,False,True,False,False,False,False,False,False,True,False,True,False,False,True,False,False,False,False,False,True
22,87.24,63.82,60,40,95,75,49,35,77,73,2,3,10,3,4,1,0,7,False,True,False,True,False,False,False,False,False,True,False,False,True,False,False,False,False,True,False,False,False,True,False
18,73.7,66.74,66,76,93,94,62,39,84,72,6,5,1,3,3,7,1,3,True,False,False,False,False,False,True,False,True,False,False,False,False,False,False,True,False,True,True,False,False,False,False
19,91.36,86.11,79,97,84,84,66,71,57,92,1,2,4,1,5,10,4,6,True,False,False,False,False,False,True,False,True,False,False,False,False,False,False,True,False,True,False,False,True,False,False
18,78.4,82.12,75,63,78,83,83,43,68,81,10,2,6,3,4,1,2,6,True,False,False,False,False,False,True,False,False,False,False,True,False,False,False,True,False,True,True,False,False,False,False
18,83.29,58.71,70,76,55,90,35,39,88,83,7,4,3,4,6,4,0,1,False,True,False,False,False,False,True,True,False,False,False,False,False,False,False,True,True,False,False,False,True,False,False
17,97.79,82.36,83,81,87,95,66,69,59,76,7,5,8,3,3,2,2,5,False,True,False,False,False,False,True,True,False,False,False,False,False,False,False,True,True,False,False,True,False,False,False
17,79.44,58.24,84,96,64,72,47,52,65,90,7,4,1,1,2,10,0,1,True,False,False,False,False,False,True,False,True,False,False,False,False,False,False,True,True,False,False,False,True,False,False
19,81.52,88.46,67,68,52,40,36,52,70,80,4,6,3,3,5,2,2,7,True,False,False,False,False,False,True,False,True,False,False,False,False,False,False,True,False,True,False,False,True,False,False
20,86.17,76.98,47,63,69,57,35,96,94,77,4,5,4,9,8,5,0,5,True,False,False,False,False,True,False,False,False,True,False,False,False,False,True,False,False,True,False,False,False,True,False
17,82.08,78.51,79,87,80,96,73,53,59,97,3,4,8,1,1,2,3,3,False,True,False,False,False,False,True,True,False,False,False,False,False,False,False,True,True,False,False,True,False,False,False
20,74.65,71.36,58,56,76,86,42,91,94,54,1,3,2,8,4,6,1,0,True,False,False,False,False,True,False,False,False,True,False,False,False,False,True,False,True,False,True,False,False,False,False
17,80.51,82.38,46,48,74,73,84,79,56,62,1,8,1,3,1,1,0,4,True,False,False,False,True,False,False,False,False,False,False,True,False,True,False,False,True,False,False,False,False,False,True
22,74.68,95.28,87,74,83,99,70,62,52,91,10,3,4,6,6,3,1,1,True,False,False,False,False,False,True,True,False,False,False,False,False,False,False,True,True,False,False,False,True,False,False
20,97.26,73.47,65,93,57,92,72,43,80,79,2,6,1,6,7,1,4,3,True,False,False,False,False,False,True,False,False,False,True,False,False,False,False,True,True,False,True,False,False,False,False
22,73.17,84.24,62,81,83,59,59,88,79,84,6,2,5,10,7,3,3,2,True,False,False,False,False,True,False,False,False,True,False,False,False,False,True,False,True,False,True,False,False,False,False
18,85.03,77.11,66,92,88,79,57,77,85,69,3,1,10,4,6,3,2,2,True,False,False,False,False,False,True,False,False,True,False,False,False,False,False,True,True,False,True,False,False,False,False
19,69.06,76.76,64,69,77,72,66,70,85,70,7,3,4,6,2,4,2,5,False,True,False,False,False,False,True,True,False,False,False,False,False,False,False,True,False,True,False,False,True,False,False
17,62.85,69.35,54,59,68,69,89,63,88,73,5,3,1,8,2,5,3,0,False,True,False,False,True,False,False,False,False,False,False,True,False,True,False,False,True,False,True,False,False,False,False
22,99.0,87.92,82,49,58,79,91,60,67,64,6,10,5,1,2,1,1,1,True,False,False,False,True,False,False,False,False,False,False,True,False,True,False,False,True,False,False,False,False,False,True
17,76.27,63.88,80,75,87,78,36,73,69,100,4,2,6,6,1,8,4,3,False,True,False,False,False,False,True,False,True,False,False,False,False,False,False,True,True,False,True,False,False,False,False
20,88.37,71.84,76,92,91,66,35,74,82,73,10,5,6,5,3,2,3,0,False,True,False,False,False,False,True,False,False,False,False,True,False,False,False,True,True,False,False,False,False,False,True
21,82.39,72.05,62,91,87,71,54,38,74,78,3,3,10,2,4,1,2,1,False,True,False,False,False,False,True,True,False,False,False,False,False,False,False,True,True,False,False,False,True,False,False
20,94.88,93.69,100,90,64,90,68,37,73,91,10,6,5,8,6,2,0,4,False,True,False,False,False,False,True,False,False,False,False,True,True,False,False,False,True,False,False,False,True,False,False
20,83.44,58.31,65,97,88,97,80,80,71,93,10,1,2,1,4,5,2,6,True,False,False,False,False,False,True,True,False,False,False,False,False,False,False,True,False,True,False,False,True,False,False
19,79.83,93.16,88,73,42,100,68,78,98,95,9,1,5,1,1,7,6,2,True,False,False,False,False,False,True,True,False,False,False,False,False,False,False,True,True,False,False,False,True,False,False
19,80.08,85.2,89,65,67,96,46,67,86,89,1,3,8,2,5,5,3,6,True,False,False,False,False,False,True,False,False,True,False,False,False,False,False,True,False,True,True,False,False,False,False
20,80.27,83.69,88,70,54,92,69,37,94,94,9,6,2,1,5,6,2,1,True,False,False,False,False,False,True,False,False,False,False,True,False,False,False,True,False,True,True,False,False,False,False
20,95.51,75.11,82,76,64,72,60,59,65,73,8,6,1,4,5,2,4,4,False,True,False,False,False,False,True,False,False,False,False,True,False,False,False,True,True,False,True,False,False,False,False
18,75.65,62.17,72,52,89,50,51,92,65,67,2,6,7,7,1,2,2,3,False,True,False,False,False,True,False,False,False,True,False,False,False,False,True,False,True,False,False,False,False,True,False
21,97.71,74.83,84,98,93,80,69,35,69,95,9,5,2,3,4,1,6,4,True,False,False,False,False,False,True,False,False,False,False,True,False,False,False,True,False,True,False,False,True,False,False
18,72.84,90.35,90,95,89,73,57,67,76,74,10,7,1,6,1,1,3,0,False,False,True,False,False,False,True,False,False,False,False,True,False,False,False,True,True,False,True,False,False,False,False
20,67.28,71.14,88,75,92,75,82,59,89,88,1,1,4,8,1,10,6,4,True,False,False,False,False,False,True,False,True,False,False,False,False,False,False,True,True,False,False,False,True,False,False
20,86.47,85.65,76,76,63,90,49,48,96,94,10,2,5,6,4,1,1,5,True,False,False,False,False,False,True,False,False,False,False,True,True,False,False,False,False,True,False,False,False,False,True
18,70.57,77.13,64,51,77,45,36,45,93,95,5,4,2,6,2,1,1,4,False,True,False,False,False,False,True,False,False,False,True,False,False,False,False,True,False,True,False,True,False,False,False
23,67.94,87.41,89,86,73,69,72,52,59,89,9,4,2,1,4,6,3,6,True,False,False,False,False,False,True,False,False,False,False,True,False,False,False,True,False,True,False,False,True,False,False
18,96.49,60.19,92,94,83,84,84,67,58,93,10,3,4,1,3,1,2,4,True,False,False,False,False,False,True,False,False,False,False,True,False,False,False,True,True,False,False,False,True,False,False
17,81.28,61.77,85,70,71,63,38,79,91,63,1,3,9,5,5,6,2,5,True,False,False,False,False,True,False,False,False,True,False,False,False,False,True,False,True,False,False,False,False,True,False
20,80.63,89.44,57,69,67,40,80,62,59,72,5,6,6,3,1,1,6,3,True,False,False,False,True,False,False,False,False,False,False,True,False,True,False,False,True,False,False,False,False,False,True
19,83.02,53.99,62,82,83,80,57,38,52,81,4,6,9,4,4,6,2,3,False,True,False,False,False,False,True,True,False,False,False,False,False,False,False,True,True,False,False,True,False,False,False
21,79.45,80.67,68,62,50,41,72,56,85,86,3,4,6,5,4,6,3,4,False,True,False,False,False,False,True,False,True,False,False,False,False,False,False,True,True,False,False,True,False,False,False
18,81.15,72.82,55,77,66,80,80,74,66,91,5,2,8,1,3,5,2,3,False,True,False,False,False,False,True,True,False,False,False,False,False,False,False,True,True,False,False,False,False,False,True
19,92.4,88.33,87,80,81,79,71,49,84,85,10,7,2,6,2,4,3,2,True,False,False,False,False,False,True,False,False,False,False,True,False,False,False,True,True,False,False,False,True,False,False
20,71.8,63.33,75,96,100,71,60,79,64,78,10,2,1,8,2,4,1,1,True,False,False,False,False,False,True,False,False,False,False,True,False,False,False,True,False,True,False,False,False,False,True
21,92.18,69.06,66,69,57,80,82,60,67,74,3,5,2,3,2,7,2,4,False,False,True,False,False,False,True,False,True,False,False,False,False,False,False,True,True,False,False,False,True,False,False
20,90.73,73.31,40,57,56,64,92,38,78,67,5,10,3,4,4,7,0,7,False,False,True,False,True,False,False,False,False,False,False,True,False,True,False,False,False,True,False,False,False,False,True
20,74.56,59.16,65,98,62,99,55,66,79,76,7,6,7,5,1,8,2,3,False,True,False,False,False,False,True,False,True,False,False,False,False,False,False,True,True,False,True,False,False,False,False
22,91.7,81.69,78,100,78,70,45,51,53,98,10,1,6,1,3,3,2,5,False,True,False,False,False,False,True,False,False,False,False,True,False,False,False,True,True,False,False,False,True,False,False
18,74.05,77.52,80,79,53,72,46,39,94,84,10,6,1,5,1,1,1,8,True,False,False,False,False,False,True,False,False,False,False,True,False,False,False,True,False,True,False,False,True,False,False
18,71.31,77.43,72,86,83,95,73,40,53,73,5,8,5,6,3,10,0,3,True,False,False,False,False,False,True,False,True,False,False,False,False,False,False,True,False,True,False,False,True,False,False
17,91.37,72.56,66,93,75,80,47,35,71,78,8,3,5,1,4,2,0,3,False,True,False,False,False,False,True,False,False,False,False,True,False,False,False,True,True,False,False,False,True,False,False
20,84.88,69.93,60,54,60,74,83,35,59,93,1,3,10,5,1,4,1,0,True,False,False,True,False,False,False,False,False,True,False,False,True,False,False,False,True,False,False,False,False,True,False
19,90.13,89.23,46,42,93,70,88,40,96,59,2,8,6,6,3,3,2,4,True,False,False,False,True,False,False,False,False,False,False,True,False,True,False,False,True,False,False,False,False,False,True
20,84.23,81.42,90,82,83,79,36,70,55,86,2,5,7,1,5,4,0,3,True,False,False,False,False,False,True,False,False,True,False,False,False,False,False,True,True,False,True,False,False,False,False
21,95.36,91.21,81,69,47,79,97,65,77,58,3,8,6,2,5,3,1,5,True,False,False,False,True,False,False,False,False,False,False,True,False,True,False,False,False,True,False,False,False,False,True
20,68.58,77.72,91,81,57,81,35,36,74,86,3,4,2,6,2,10,2,4,True,False,False,False,False,False,True,False,True,False,False,False,False,False,False,True,True,False,False,False,True,False,False
20,86.71,56.2,64,100,89,100,78,79,76,88,8,2,4,3,4,3,3,6,True,False,False,False,False,False,True,True,False,False,False,False,False,False,False,True,False,True,False,False,True,False,False
20,75.03,74.55,100,75,82,78,45,68,95,74,1,5,1,6,10,3,4,5,False,True,False,False,False,False,True,False,False,False,True,False,False,False,False,True,True,False,True,False,False,False,False
21,67.16,80.5,68,100,91,63,43,48,82,88,10,7,3,6,1,3,2,5,True,False,False,False,False,False,True,False,False,False,False,True,False,False,False,True,False,True,False,False,True,False,False
20,68.64,73.43,49,49,74,47,60,59,76,94,1,4,6,5,7,6,1,5,False,True,False,False,False,False,True,False,True,False,False,False,False,False,False,True,True,False,False,False,True,False,False
22,89.92,69.73,66,49,82,71,60,69,72,74,3,3,6,1,3,3,4,3,False,True,False,True,False,False,False,True,False,False,False,False,True,False,False,False,True,False,False,False,False,False,True
22,91.98,71.7,49,56,73,61,100,67,62,73,3,10,4,7,3,6,5,7,False,True,False,False,True,False,False,False,False,False,False,True,False,True,False,False,False,True,False,False,False,False,True
18,99.0,65.22,77,100,57,91,50,62,79,88,10,7,4,7,1,1,3,0,False,True,False,False,False,False,True,False,False,False,False,True,False,False,False,True,False,True,True,False,False,False,False
20,86.05,92.31,63,97,57,71,46,33,100,77,3,1,6,1,2,10,4,4,True,False,False,False,False,False,True,False,True,False,False,False,False,False,False,True,True,False,False,False,True,False,False
18,80.34,60.87,83,53,51,60,74,52,76,70,1,4,10,4,4,5,2,3,True,False,False,True,False,False,False,False,False,True,False,False,True,False,False,False,True,False,False,False,False,True,False
22,71.33,59.0,84,45,86,68,40,53,45,80,5,1,6,4,3,4,1,5,False,True,False,True,False,False,False,True,False,False,False,False,True,False,False,False,False,True,False,False,False,True,False
20,88.62,76.69,89,75,66,84,65,66,85,83,1,5,3,2,3,7,1,4,True,False,False,False,False,False,True,False,True,False,False,False,False,False,False,True,True,False,False,False,True,False,False
18,77.99,72.57,86,81,68,100,61,53,99,66,6,8,4,7,1,10,2,4,False,True,False,False,False,False,True,False,True,False,False,False,False,False,False,True,True,False,False,False,True,False,False
20,76.13,65.87,48,54,86,90,60,100,67,64,5,3,2,10,5,6,1,2,True,False,False,False,False,True,False,False,False,True,False,False,False,False,True,False,True,False,False,False,False,True,False
19,82.57,73.66,99,76,88,81,56,41,52,71,10,6,4,6,2,1,3,2,False,True,False,False,False,False,True,False,False,False,False,True,False,False,False,True,True,False,False,False,True,False,False
21,81.4,84.56,62,57,71,42,76,46,83,88,10,5,2,1,1,1,3,6,False,True,False,False,False,False,True,False,False,False,False,True,False,False,False,True,False,True,False,False,True,False,False
17,84.81,56.01,83,92,72,90,59,44,62,92,5,8,10,5,5,4,2,4,True,False,False,False,False,False,True,True,False,False,False,False,False,False,False,True,True,False,False,True,False,False,False
19,76.45,90.55,93,69,80,98,44,68,90,84,10,1,6,6,6,1,2,3,False,True,False,False,False,False,True,False,False,False,False,True,False,False,False,True,False,True,True,False,False,False,False
18,94.73,74.85,77,49,65,64,65,54,63,82,5,1,8,1,1,5,1,1,False,True,False,True,False,False,False,False,False,True,False,False,True,False,False,False,False,True,False,False,True,False,False
18,74.17,76.27,64,63,49,75,54,58,74,96,6,7,5,5,10,3,2,4,False,False,True,False,False,False,True,False,False,False,True,False,False,False,False,True,True,False,True,False,False,False,False
22,80.11,85.79,58,90,51,84,60,35,73,98,10,6,6,3,1,4,1,3,True,False,False,False,False,False,True,False,False,False,False,True,False,False,False,True,True,False,False,False,False,False,True
17,86.22,67.68,82,67,43,76,42,40,58,97,9,5,4,1,4,1,7,4,True,False,False,False,False,False,True,False,False,False,False,True,True,False,False,False,True,False,False,False,False,False,True
18,90.71,72.94,87,77,89,93,53,56,100,89,4,4,10,3,1,2,3,1,True,False,False,False,False,False,True,False,False,True,False,False,False,False,False,True,True,False,True,False,False,False,False
21,78.41,90.63,66,46,43,61,91,53,75,71,2,10,2,6,1,4,0,3,False,True,False,False,True,False,False,False,False,False,False,True,False,True,False,False,True,False,False,False,False,False,True
19,76.34,83.08,61,60,77,71,98,72,98,53,4,10,3,7,4,7,0,3,True,False,False,False,True,False,False,False,False,False,False,True,False,True,False,False,True,False,False,False,False,False,True
20,88.65,77.62,89,89,78,88,72,71,97,94,10,2,5,6,6,7,3,3,False,True,False,False,False,False,True,True,False,False,False,False,False,False,False,True,True,False,False,True,False,False,False
18,94.75,78.9,52,47,79,66,83,50,68,59,1,10,4,4,5,2,6,0,True,False,False,False,True,False,False,False,False,False,False,True,False,True,False,False,True,False,False,False,False,False,True
24,78.8,90.06,83,68,96,100,43,67,52,70,1,1,10,5,1,3,1,7,True,False,False,False,False,False,True,True,False,False,False,False,False,False,False,True,False,True,False,True,False,False,False
19,71.21,75.24,100,74,84,73,83,63,88,93,3,2,6,6,4,10,5,2,True,False,False,False,False,False,True,False,True,False,False,False,False,False,False,True,True,False,False,False,True,False,False
17,67.55,78.67,38,77,88,58,43,52,79,82,3,6,1,5,3,5,0,1,False,True,False,True,False,False,False,True,False,False,False,False,True,False,False,False,True,False,False,False,True,False,False
21,72.73,84.87,61,56,62,53,67,43,89,80,9,1,4,1,2,1,4,8,False,True,False,False,False,False,True,False,False,False,False,True,False,False,False,True,False,True,False,False,True,False,False
17,71.31,55.75,48,41,52,79,100,76,91,66,6,10,1,4,1,2,2,3,False,True,False,False,True,False,False,False,False,False,False,True,False,True,False,False,True,False,False,False,False,False,True
18,85.42,74.44,82,92,82,98,75,75,62,84,10,2,1,2,1,6,2,3,True,False,False,False,False,False,True,True,False,False,False,False,False,False,False,True,True,False,False,True,False,False,False
17,77.89,78.24,72,80,68,66,67,67,90,99,9,6,2,6,1,3,3,2,True,False,False,False,False,False,True,False,False,False,False,True,True,False,False,False,False,True,False,False,True,False,False
24,82.51,73.56,54,60,87,80,63,56,100,100,4,4,10,4,8,3,1,5,True,False,False,True,False,False,False,False,False,True,False,False,True,False,False,False,True,False,False,False,False,True,False
19,94.31,73.59,68,95,55,80,57,42,76,71,1,2,10,4,4,5,2,2,True,False,False,False,False,False,True,False,False,True,False,False,False,False,False,True,False,True,True,False,False,False,False
19,67.12,93.65,75,79,68,69,58,69,82,100,1,1,2,4,5,9,3,5,False,False,True,False,False,False,True,False,True,False,False,False,False,False,False,True,True,False,False,False,True,False,False
18,77.96,99.0,83,67,61,93,67,64,67,87,9,8,5,6,1,1,3,5,False,True,False,False,False,False,True,False,False,False,False,True,False,False,False,True,False,True,False,False,True,False,False
20,79.92,55.0,67,77,67,90,47,79,65,96,10,6,1,4,6,3,1,2,False,True,False,False,False,False,True,False,False,False,False,True,False,False,False,True,True,False,False,False,False,False,True
21,81.87,82.69,69,69,96,82,80,70,66,77,1,9,4,1,8,1,3,5,False,True,False,False,True,False,False,False,False,False,False,True,False,True,False,False,False,True,False,False,False,False,True
22,85.44,83.37,76,66,69,70,63,88,84,47,3,3,8,8,5,1,2,5,True,False,False,False,False,True,False,False,False,True,False,False,False,False,True,False,False,True,True,False,False,False,False
21,85.14,64.34,77,83,40,90,87,60,100,79,9,2,2,4,1,5,3,4,True,False,False,False,False,False,True,False,False,False,False,True,False,False,False,True,True,False,False,False,True,False,False
22,72.72,65.3,77,98,61,82,74,64,82,86,3,4,6,3,7,6,4,0,False,True,False,False,False,False,True,True,False,False,False,False,False,False,False,True,True,False,False,True,False,False,False
20,61.55,97.37,100,78,41,84,87,79,65,100,5,2,7,6,1,1,3,3,True,False,False,True,False,False,False,True,False,False,False,False,True,False,False,False,True,False,False,True,False,False,False
19,87.06,96.47,48,59,95,77,74,100,81,77,1,3,5,9,1,1,3,3,True,False,False,False,False,True,False,False,False,True,False,False,False,False,True,False,True,False,True,False,False,False,False
20,99.0,83.12,95,89,89,73,77,44,100,82,5,6,10,3,2,1,2,1,True,False,False,False,False,False,True,True,False,False,False,False,False,False,False,True,True,False,False,True,False,False,False
19,84.2,89.19,88,65,53,85,50,43,92,66,10,4,2,4,1,4,3,5,False,True,False,False,False,False,True,True,False,False,False,False,False,False,False,True,True,False,False,True,False,False,False
20,81.14,78.16,74,48,55,56,82,63,82,70,5,10,1,3,7,4,1,5,True,False,False,False,True,False,False,False,False,False,False,True,False,True,False,False,True,False,False,False,False,False,True
18,68.99,74.62,52,52,85,76,61,74,89,69,4,1,8,4,1,5,2,3,True,False,False,False,False,True,False,True,False,False,False,False,False,False,True,False,True,False,False,False,True,False,False
18,67.81,87.36,90,100,77,71,87,35,94,96,1,3,7,4,4,10,0,1,False,False,True,False,False,False,True,False,True,False,False,False,False,False,False,True,True,False,False,False,True,False,False
17,73.93,66.28,66,42,64,69,76,57,62,75,5,10,2,3,3,3,2,4,False,True,False,False,True,False,False,False,False,False,False,True,False,True,False,False,True,False,False,False,False,False,True
18,88.83,77.58,89,91,79,70,53,61,68,87,10,1,1,5,4,3,1,2,False,True,False,False,False,False,True,False,False,False,False,True,False,False,False,True,False,True,False,False,False,False,True
18,89.6,79.24,56,40,74,71,86,42,100,60,1,9,3,2,6,4,3,2,False,True,False,False,True,False,False,False,False,False,False,True,False,True,False,False,True,False,False,False,False,False,True
19,86.78,82.18,52,50,53,62,39,51,92,78,6,3,2,6,4,6,4,1,False,True,False,True,False,False,False,False,False,False,False,True,True,False,False,False,True,False,True,False,False,False,False
20,61.16,72.04,70,48,74,67,100,54,63,87,4,10,1,4,4,7,3,1,True,False,False,False,True,False,False,False,False,False,False,True,False,True,False,False,True,False,False,False,False,False,True
18,91.98,88.09,81,70,52,72,43,46,89,100,10,2,2,4,6,3,1,3,True,False,False,False,False,False,True,False,False,False,False,True,False,False,False,True,True,False,False,False,True,False,False
20,86.66,83.09,93,86,56,83,65,38,82,81,8,6,7,1,6,6,0,4,True,False,False,False,False,False,True,False,False,False,False,True,True,False,False,False,False,True,False,False,True,False,False
18,84.43,57.31,47,49,61,63,71,76,90,88,6,3,3,2,1,3,1,3,True,False,False,True,False,False,False,True,False,False,False,False,True,False,False,False,True,False,False,False,False,False,True
17,80.82,60.89,86,78,93,49,69,52,67,91,7,5,6,1,7,6,4,2,False,True,False,False,False,False,True,False,False,False,False,True,True,False,False,False,True,False,False,False,True,False,False
21,71.87,68.25,79,50,81,82,43,56,62,92,4,5,9,3,4,1,1,2,False,True,False,True,False,False,False,True,False,False,False,False,True,False,False,False,False,True,False,False,False,True,False
17,87.15,71.19,82,71,82,87,79,47,78,81,1,1,10,2,6,3,2,6,True,False,False,True,False,False,False,False,False,True,False,False,True,False,False,False,False,True,True,False,False,False,False
20,75.48,65.82,53,43,89,68,78,74,94,55,5,10,3,1,2,5,1,0,False,True,False,False,True,False,False,False,False,False,False,True,False,True,False,False,True,False,False,False,False,False,True
20,80.38,88.67,100,90,53,88,67,55,88,82,9,1,1,5,6,4,1,3,False,True,False,False,False,False,True,False,False,False,False,True,False,False,False,True,False,True,False,False,True,False,False
19,91.27,78.29,92,89,79,78,78,63,54,74,3,6,10,3,2,3,0,3,False,True,False,False,False,False,True,True,False,False,False,False,False,False,False,True,False,True,False,False,True,False,False
19,75.99,75.92,83,95,63,92,63,46,61,82,2,1,9,5,2,1,5,4,True,False,False,False,False,False,True,True,False,False,False,False,False,False,False,True,True,False,False,False,True,False,False
18,89.24,72.75,81,86,46,69,60,35,66,69,10,6,3,5,1,2,6,3,True,False,False,False,False,False,True,False,False,False,False,True,False,False,False,True,True,False,False,False,False,False,True
20,77.62,63.8,64,100,84,75,36,40,62,86,10,6,1,3,8,3,1,4,True,False,False,False,False,False,True,False,False,False,False,True,False,False,False,True,True,False,True,False,False,False,False
18,87.09,68.05,85,96,86,93,36,40,56,92,9,3,4,1,6,3,3,6,True,False,False,False,False,False,True,True,False,False,False,False,False,False,False,True,True,False,False,True,False,False,False
19,72.52,82.53,84,65,48,63,67,32,87,75,3,2,8,4,1,5,6,1,False,True,False,True,False,False,False,False,False,True,False,False,True,False,False,False,True,False,True,False,False,False,False
21,81.61,75.54,47,73,89,77,98,78,87,55,4,8,1,1,7,3,1,1,False,True,False,False,True,False,False,False,False,False,False,True,False,True,False,False,True,False,False,False,False,False,True
18,59.0,82.66,79,78,96,79,65,38,55,100,3,5,2,4,2,10,0,5,False,True,False,False,False,False,True,False,True,False,False,False,False,False,False,True,True,False,False,False,True,False,False
21,70.78,66.36,50,67,84,68,55,40,64,89,3,7,2,1,2,3,1,2,True,False,False,True,False,False,False,True,False,False,False,False,True,False,False,False,True,False,False,False,False,True,False
20,80.16,93.56,65,71,69,87,68,43,49,100,10,1,5,5,8,5,1,1,False,True,False,False,False,False,True,False,False,False,False,True,False,False,False,True,True,False,False,False,True,False,False
17,76.77,77.21,66,87,77,64,74,40,77,72,7,4,2,5,4,5,3,3,False,True,False,False,False,False,True,False,False,False,False,True,True,False,False,False,True,False,False,False,True,False,False
19,81.99,70.91,60,42,94,64,45,68,51,98,6,6,3,2,2,4,1,1,True,False,False,False,False,False,True,False,False,True,False,False,False,False,False,True,False,True,False,False,False,True,False
19,78.28,54.63,54,56,59,37,77,57,97,70,2,6,5,2,5,1,2,5,True,False,False,False,True,False,False,False,False,False,False,True,False,True,False,False,True,False,True,False,False,False,False
23,77.28,81.9,84,74,70,73,100,57,61,53,2,10,1,6,1,1,3,0,False,True,False,False,True,False,False,False,False,False,False,True,False,True,False,False,True,False,False,False,False,False,True
19,72.65,61.64,75,95,52,66,35,75,63,93,8,2,1,1,1,2,1,3,True,False,False,False,False,False,True,False,False,False,False,True,True,False,False,False,True,False,False,False,False,False,True
22,83.09,85.89,80,87,99,76,71,62,84,83,6,7,3,2,6,1,0,4,True,False,False,False,False,False,True,True,False,False,False,False,False,False,False,True,False,True,False,True,False,False,False
20,72.52,61.17,84,67,88,78,83,71,91,91,2,4,4,5,10,5,0,2,False,True,False,False,False,False,True,False,False,False,True,False,False,False,False,True,True,False,True,False,False,False,False
18,60.3,89.27,53,71,56,87,100,45,64,72,3,10,2,5,1,5,2,1,False,False,True,False,True,False,False,False,False,False,False,True,False,True,False,False,False,True,False,False,False,False,True
19,82.26,87.78,72,100,81,85,66,41,82,100,5,7,8,3,3,2,2,3,False,True,False,False,False,False,True,True,False,False,False,False,False,False,False,True,True,False,False,True,False,False,False
19,72.54,77.6,70,79,81,71,82,37,81,84,1,7,6,1,4,5,2,4,False,True,False,False,True,False,False,False,False,False,False,True,False,True,False,False,True,False,False,False,False,False,True
21,90.19,92.26,100,100,65,87,56,42,86,89,9,7,6,5,6,2,2,2,False,True,False,False,False,False,True,False,False,False,False,True,True,False,False,False,True,False,False,False,True,False,False
18,86.73,59.06,93,78,59,90,35,44,71,93,6,4,7,6,2,1,6,5,False,True,False,False,False,False,True,False,False,True,False,False,False,False,False,True,True,False,True,False,False,False,False
19,79.38,99.0,73,80,71,87,57,65,51,85,10,2,6,1,2,5,1,4,True,False,False,False,False,False,True,False,False,False,False,True,False,False,False,True,True,False,False,False,True,False,False
19,89.17,75.73,59,82,82,95,41,75,93,54,3,4,8,8,1,1,2,4,True,False,False,False,False,True,False,False,False,True,False,False,False,False,True,False,True,False,True,False,False,False,False
21,91.08,76.39,89,72,78,64,99,35,75,95,2,10,5,2,7,3,3,2,True,False,False,False,True,False,False,False,False,False,False,True,False,True,False,False,True,False,False,False,False,False,True
22,69.39,99.0,98,77,94,99,45,53,91,99,10,6,4,5,3,4,0,0,False,True,False,False,False,False,True,False,False,False,False,True,False,False,False,True,True,False,False,False,False,False,True
19,80.89,75.45,78,74,82,69,69,80,85,92,3,1,7,1,3,6,1,3,False,True,False,True,False,False,False,False,False,True,False,False,True,False,False,False,True,False,False,False,False,True,False
17,81.05,84.49,59,82,78,99,43,38,88,68,1,1,5,4,10,5,1,3,False,True,False,False,False,False,True,False,False,False,True,False,False,False,False,True,True,False,True,False,False,False,False
20,74.18,80.95,91,95,48,80,53,35,61,88,2,1,5,7,10,6,0,4,True,False,False,False,False,False,True,False,False,False,True,False,False,False,False,True,True,False,True,False,False,False,False
19,82.62,60.94,90,74,66,80,39,70,100,76,9,8,3,1,3,3,1,0,False,True,False,False,False,False,True,False,False,False,False,True,False,False,False,True,False,True,True,False,False,False,False
19,83.51,74.93,64,70,78,74,52,87,89,76,2,5,4,5,3,7,0,2,False,True,False,False,False,True,False,False,False,True,False,False,False,False,True,False,True,False,True,False,False,False,False
21,73.3,78.56,84,86,95,82,48,59,54,86,10,2,2,5,3,6,3,3,False,True,False,False,False,False,True,False,False,False,False,True,False,False,False,True,True,False,False,False,True,False,False
20,74.08,76.07,43,65,74,57,43,73,78,88,6,6,4,2,1,5,2,4,False,False,True,False,False,False,True,False,False,False,True,False,False,False,False,True,False,True,False,True,False,False,False
23,85.11,82.28,96,60,61,65,60,77,85,92,4,3,10,1,1,5,4,3,False,True,False,True,False,False,False,False,False,True,False,False,True,False,False,False,True,False,True,False,False,False,False
21,83.83,91.99,71,82,63,72,79,49,80,70,4,6,1,6,10,5,2,6,True,False,False,False,False,False,True,False,False,False,True,False,False,False,False,True,False,True,True,False,False,False,False
21,85.82,63.51,57,40,67,58,89,77,59,62,5,7,6,5,4,6,1,4,True,False,False,False,True,False,False,False,False,False,False,True,False,True,False,False,True,False,False,False,False,False,True
19,92.63,80.19,74,77,47,96,52,49,63,83,8,5,4,3,6,1,1,6,True,False,False,False,False,False,True,True,False,False,False,False,False,False,False,True,True,False,False,False,True,False,False
19,72.34,68.4,61,64,73,90,40,87,99,58,2,4,5,7,6,4,0,0,True,False,False,False,False,True,False,False,False,True,False,False,False,False,True,False,True,False,True,False,False,False,False
19,73.68,89.32,64,52,51,71,39,35,77,72,2,4,8,1,3,2,0,3,True,False,False,True,False,False,False,False,False,True,False,False,True,False,False,False,True,False,True,False,False,False,False
21,76.93,71.64,84,95,53,99,55,37,50,71,10,4,2,3,2,1,2,0,False,True,False,False,False,False,True,False,False,False,False,True,False,False,False,True,True,False,True,False,False,False,False
17,82.59,72.68,66,55,50,72,52,40,66,88,6,4,10,7,7,6,1,3,False,False,True,True,False,False,False,False,False,True,False,False,True,False,False,False,True,False,False,False,False,True,False
23,77.92,71.2,61,61,92,86,68,60,96,96,3,2,7,3,6,1,2,4,True,False,False,True,False,False,False,False,False,True,False,False,True,False,False,False,True,False,False,False,False,True,False
20,83.36,82.16,70,96,55,78,60,78,93,73,3,3,9,5,5,7,3,5,True,False,False,False,False,False,True,True,False,False,False,False,False,False,False,True,True,False,False,True,False,False,False
20,84.04,75.32,52,66,71,55,86,35,56,81,7,10,3,4,3,1,3,2,False,True,False,False,True,False,False,False,False,False,False,True,False,True,False,False,False,True,False,False,False,False,True
20,84.75,67.57,64,99,78,89,79,43,95,89,1,2,9,3,6,1,1,1,True,False,False,False,False,False,True,True,False,False,False,False,False,False,False,True,False,True,False,False,True,False,False
19,81.67,76.66,49,43,60,47,37,71,57,72,3,2,1,3,5,4,2,2,False,True,False,True,False,False,False,False,False,False,True,False,True,False,False,False,True,False,False,False,True,False,False
21,77.88,62.72,53,42,65,58,77,50,98,77,1,2,3,7,1,1,2,0,False,True,False,True,False,False,False,False,True,False,False,False,True,False,False,False,True,False,False,True,False,False,False
19,82.6,78.67,71,62,65,54,82,57,94,83,10,4,1,5,2,6,4,5,True,False,False,False,False,False,True,False,False,False,False,True,True,False,False,False,True,False,False,False,True,False,False
18,60.47,76.05,100,95,55,74,45,51,55,92,9,3,1,4,4,1,0,0,True,False,False,False,False,False,True,True,False,False,False,False,False,False,False,True,True,False,False,False,True,False,False
19,69.22,86.92,73,85,70,70,84,32,81,100,7,3,3,2,3,1,2,2,False,True,False,False,False,False,True,True,False,False,False,False,False,False,False,True,True,False,False,False,True,False,False
22,71.24,89.63,57,62,53,73,92,81,88,52,3,8,5,6,3,7,2,0,True,False,False,False,True,False,False,False,False,False,False,True,False,True,False,False,False,True,False,False,True,False,False
18,74.98,54.89,89,100,89,97,61,35,69,68,10,4,3,4,1,3,4,1,False,True,False,False,False,False,True,False,False,False,False,True,False,False,False,True,True,False,True,False,False,False,False
17,76.65,57.85,74,78,81,71,35,80,90,75,1,1,10,5,6,6,3,6,True,False,False,False,False,True,False,False,False,True,False,False,False,False,True,False,True,False,False,False,False,True,False
21,74.9,81.88,62,100,57,80,80,75,43,92,10,1,4,4,4,1,0,6,False,True,False,False,False,False,True,False,False,False,False,True,False,False,False,True,True,False,False,False,False,False,True
20,83.98,78.0,93,100,85,88,69,60,100,74,5,4,8,2,3,2,1,3,True,False,False,False,False,False,True,True,False,False,False,False,False,False,False,True,True,False,False,False,True,False,False
20,73.54,78.78,100,63,81,85,38,36,88,100,2,1,10,2,1,1,1,5,True,False,False,True,False,False,False,False,False,True,False,False,True,False,False,False,False,True,True,False,False,False,False
21,80.66,97.8,96,75,52,100,61,41,94,80,9,1,3,2,5,5,4,5,True,False,False,False,False,False,True,False,False,False,False,True,False,False,False,True,False,True,False,False,True,False,False
17,71.6,66.41,66,71,85,92,58,35,92,78,4,4,2,1,2,10,1,3,True,False,False,False,False,False,True,False,True,False,False,False,False,False,False,True,False,True,True,False,False,False,False
20,89.12,69.46,85,73,78,87,41,40,78,72,7,6,2,6,1,3,1,1,True,False,False,False,False,False,True,False,False,False,False,True,False,False,False,True,False,True,True,False,False,False,False
21,84.33,63.72,68,73,79,85,60,50,66,100,4,6,10,5,3,3,2,4,True,False,False,False,False,False,True,False,False,True,False,False,False,False,False,True,True,False,True,False,False,False,False
21,71.84,88.89,84,88,87,67,64,42,56,88,7,5,3,1,4,8,1,7,True,False,False,False,False,False,True,False,False,False,False,True,False,False,False,True,False,True,False,False,True,False,False
21,90.23,91.93,71,76,81,90,78,73,71,78,2,1,10,2,1,4,2,2,True,False,False,True,False,False,False,True,False,False,False,False,True,False,False,False,True,False,False,False,False,True,False
18,86.46,85.68,63,99,76,96,74,54,88,89,5,3,3,2,10,6,3,1,True,False,False,False,False,False,True,False,False,False,True,False,False,False,False,True,True,False,True,False,False,False,False
20,99.0,79.3,71,78,62,93,46,36,55,74,2,3,8,1,5,5,0,4,False,True,False,False,False,False,True,True,False,False,False,False,False,False,False,True,True,False,False,False,True,False,False
21,76.09,74.51,49,66,74,71,50,68,85,92,4,5,2,1,1,3,2,3,False,False,True,False,False,False,True,True,False,False,False,False,False,False,False,True,False,True,False,True,False,False,False
18,86.93,75.29,66,70,66,64,99,35,70,84,4,10,5,5,1,4,3,1,True,False,False,False,True,False,False,False,False,False,False,True,False,True,False,False,False,True,False,False,False,False,True
22,82.83,85.83,56,69,70,70,60,87,94,67,3,2,7,6,2,3,2,9,True,False,False,False,False,True,False,False,False,True,False,False,False,False,True,False,False,True,False,False,False,True,False
21,84.86,80.38,96,95,57,94,63,57,82,100,10,1,2,3,4,2,1,1,False,True,False,False,False,False,True,False,False,False,False,True,False,False,False,True,True,False,False,False,True,False,False
21,77.0,92.4,60,65,80,50,59,41,95,71,6,1,2,2,1,5,3,6,False,True,False,False,False,False,True,True,False,False,False,False,False,False,False,True,False,True,False,False,False,False,True
22,77.86,74.47,64,80,77,96,62,78,68,78,7,2,5,1,2,4,1,5,True,False,False,False,False,False,True,False,False,False,False,True,False,False,False,True,False,True,False,False,True,False,False
19,87.64,79.54,64,75,62,58,93,35,70,88,6,7,3,5,1,6,2,2,True,False,False,False,True,False,False,False,False,False,False,True,False,True,False,False,False,True,False,False,False,False,True
19,85.34,89.6,92,88,54,73,49,56,73,76,8,3,1,4,6,3,4,3,True,False,False,False,False,False,True,False,False,False,False,True,True,False,False,False,True,False,False,False,False,False,True
18,76.84,78.21,87,64,73,81,62,51,76,83,1,4,10,4,6,1,2,2,True,False,False,True,False,False,False,False,False,True,False,False,True,False,False,False,True,False,True,False,False,False,False
18,72.41,89.42,92,67,95,70,42,55,88,95,7,6,10,5,7,6,2,5,True,False,False,True,False,False,False,False,False,True,False,False,True,False,False,False,True,False,True,False,False,False,False
23,68.35,93.19,82,88,82,77,77,54,59,98,8,3,5,2,4,8,3,6,True,False,False,False,False,False,True,False,False,False,False,True,False,False,False,True,False,True,False,False,True,False,False
21,93.35,71.51,57,41,83,52,57,86,50,81,1,3,4,4,6,1,1,0,False,True,False,False,False,True,False,False,False,False,False,True,False,False,True,False,True,False,False,False,True,False,False
19,68.25,90.87,63,43,86,41,79,57,71,67,6,3,1,2,6,2,4,3,False,True,False,False,True,False,False,False,False,False,True,False,False,True,False,False,True,False,True,False,False,False,False
21,84.7,89.45,92,92,81,96,80,74,78,96,6,8,1,3,7,10,1,6,False,True,False,False,False,False,True,False,True,False,False,False,False,False,False,True,True,False,True,False,False,False,False
21,83.38,79.96,88,75,77,75,35,75,61,87,3,5,10,1,5,6,0,2,True,False,False,False,False,False,True,False,False,True,False,False,False,False,False,True,True,False,True,False,False,False,False
18,85.34,83.62,72,100,75,82,68,34,80,95,4,6,7,2,1,2,1,3,False,True,False,False,False,False,True,True,False,False,False,False,False,False,False,True,True,False,False,True,False,False,False
20,77.48,59.92,74,89,54,76,83,73,96,91,9,3,3,4,4,3,2,4,False,True,False,False,False,False,True,False,False,False,False,True,True,False,False,False,True,False,False,False,True,False,False
17,81.05,87.73,84,92,90,92,41,79,52,87,10,6,1,5,5,4,2,3,True,False,False,False,False,False,True,False,False,False,False,True,False,False,False,True,True,False,False,False,False,False,True
22,95.12,85.95,89,85,73,85,72,41,77,77,4,5,3,5,2,10,1,0,False,True,False,False,False,False,True,False,True,False,False,False,False,False,False,True,True,False,False,False,True,False,False
22,67.1,90.2,61,94,45,72,73,64,63,92,10,6,4,3,5,3,0,3,False,True,False,False,False,False,True,False,False,False,False,True,True,False,False,False,True,False,False,False,True,False,False
20,66.04,79.53,99,55,48,78,80,38,90,85,3,2,9,1,4,7,3,4,True,False,False,True,False,False,False,True,False,False,False,False,True,False,False,False,False,True,False,False,False,True,False
21,76.85,56.29,70,100,71,84,86,50,96,91,5,1,10,1,4,7,3,7,False,True,False,False,False,False,True,True,False,False,False,False,False,False,False,True,False,True,False,False,True,False,False
21,79.03,84.54,80,72,79,73,95,70,92,81,1,10,2,1,1,1,1,7,False,True,False,False,True,False,False,False,False,False,False,True,False,True,False,False,False,True,False,False,False,False,True
19,78.58,75.68,60,45,61,73,88,72,100,81,1,6,2,6,5,1,0,2,False,True,False,True,False,False,False,True,False,False,False,False,True,False,False,False,True,False,False,True,False,False,False
22,85.54,91.64,93,70,81,100,89,58,93,70,2,3,9,1,1,7,2,5,False,True,False,False,False,False,True,True,False,False,False,False,False,False,False,True,True,False,False,True,False,False,False
21,83.95,89.03,98,95,77,89,65,79,87,86,10,5,3,1,3,5,1,3,True,False,False,False,False,False,True,False,False,False,False,True,False,False,False,True,True,False,False,False,True,False,False
20,83.56,73.66,68,74,87,70,43,84,85,80,3,7,8,5,3,5,0,4,False,True,False,False,False,True,False,False,False,True,False,False,False,False,True,False,True,False,True,False,False,False,False
19,84.41,78.82,96,93,64,85,59,52,68,88,9,1,1,5,3,5,0,2,False,True,False,False,False,False,True,False,False,False,False,True,False,False,False,True,True,False,False,False,True,False,False
19,79.18,79.63,92,65,76,98,80,54,66,99,5,5,3,6,4,10,1,4,False,True,False,False,False,False,True,False,True,False,False,False,False,False,False,True,True,False,False,False,True,False,False
17,69.15,74.82,82,91,90,100,45,40,74,75,7,2,1,1,3,10,4,4,True,False,False,False,False,False,True,False,True,False,False,False,False,False,False,True,True,False,True,False,False,False,False
19,69.96,74.46,82,54,67,92,74,66,60,87,5,1,10,6,7,5,1,1,True,False,False,True,False,False,False,True,False,False,False,False,True,False,False,False,True,False,False,True,False,False,False
20,83.8,72.65,47,51,93,91,61,73,86,46,2,4,5,9,3,3,2,5,True,False,False,False,False,True,False,False,False,True,False,False,False,False,True,False,True,False,True,False,False,False,False
19,86.33,78.41,81,66,43,86,38,45,54,84,10,1,5,6,4,7,0,3,False,False,True,False,False,False,True,False,False,False,False,True,True,False,False,False,True,False,False,False,False,False,True
20,78.66,60.73,61,57,76,69,83,86,56,63,6,5,10,8,5,5,2,4,True,False,False,False,False,True,False,False,False,True,False,False,False,False,True,False,False,True,True,False,False,False,False
20,76.59,63.07,45,61,87,85,57,100,63,72,7,1,5,10,7,7,1,1,True,False,False,False,False,True,False,False,False,True,False,False,False,False,True,False,True,False,False,False,False,True,False
21,76.37,84.68,100,72,64,85,67,43,57,84,1,4,6,3,3,10,2,2,False,False,True,False,False,False,True,False,True,False,False,False,False,False,False,True,True,False,True,False,False,False,False
19,67.17,85.64,84,65,73,56,91,36,84,60,3,9,4,2,5,8,5,5,True,False,False,False,True,False,False,False,False,False,False,True,False,True,False,False,True,False,False,False,False,False,True
17,84.77,74.08,96,83,46,82,59,58,81,74,2,1,7,2,5,4,3,3,False,True,False,False,False,False,True,True,False,False,False,False,False,False,False,True,False,True,False,False,True,False,False
19,78.16,87.59,88,80,83,79,59,63,62,99,10,3,1,3,2,4,7,1,False,False,True,False,False,False,True,False,False,False,False,True,False,False,False,True,True,False,False,False,True,False,False
18,93.84,69.34,64,70,73,100,81,47,87,81,10,5,4,3,1,4,2,1,True,False,False,False,False,False,True,False,False,False,False,True,False,False,False,True,True,False,False,False,False,False,True
20,76.13,69.02,65,41,47,61,40,31,91,78,5,4,1,1,6,3,2,7,True,False,False,True,False,False,False,True,False,False,False,False,True,False,False,False,False,True,False,True,False,False,False
19,91.24,77.51,62,87,74,85,50,54,73,81,4,2,9,4,2,2,2,1,False,True,False,False,False,False,True,False,False,True,False,False,False,False,False,True,True,False,True,False,False,False,False
18,77.5,78.81,87,71,94,90,54,60,92,79,3,3,6,4,4,10,7,0,False,True,False,False,False,False,True,False,True,False,False,False,False,False,False,True,True,False,False,False,True,False,False
18,80.35,96.27,88,73,39,85,57,62,95,90,10,7,4,5,6,1,0,4,False,True,False,False,False,False,True,False,False,False,False,True,True,False,False,False,True,False,False,False,True,False,False
19,79.64,63.92,67,83,83,96,47,67,63,100,7,1,4,4,5,7,5,1,True,False,False,False,False,False,True,False,False,False,False,True,True,False,False,False,True,False,False,False,False,False,True
21,81.08,83.19,85,97,87,86,79,35,76,77,8,1,3,6,4,5,1,4,True,False,False,False,False,False,True,False,False,False,False,True,False,False,False,True,True,False,False,False,True,False,False
21,85.35,83.52,63,73,45,70,58,70,60,79,1,2,9,5,2,3,1,6,False,True,False,False,False,False,True,False,False,True,False,False,False,False,False,True,False,True,True,False,False,False,False
18,81.41,78.88,73,67,46,71,93,42,48,70,1,10,4,4,2,7,6,6,False,True,False,False,True,False,False,False,False,False,False,True,False,True,False,False,False,True,False,False,False,False,True
17,77.44,94.62,82,82,44,81,75,35,90,79,4,3,10,1,6,1,2,1,True,False,False,False,False,False,True,True,False,False,False,False,False,False,False,True,True,False,False,True,False,False,False
20,75.78,72.45,93,78,66,72,44,45,75,82,10,5,1,6,7,4,1,3,True,False,False,False,False,False,True,False,False,False,False,True,False,False,False,True,True,False,False,False,True,False,False
23,78.25,81.09,54,74,72,67,68,79,87,75,3,1,5,7,2,5,3,7,True,False,False,False,False,True,False,False,False,True,False,False,False,False,True,False,False,True,False,False,False,True,False
19,89.99,83.66,96,99,70,97,69,41,100,85,8,1,1,1,3,10,2,1,True,False,False,False,False,False,True,False,True,False,False,False,False,False,False,True,True,False,True,False,False,False,False
19,82.32,73.85,61,47,65,56,97,65,100,61,5,8,6,4,2,7,3,7,False,True,False,False,True,False,False,False,False,False,False,True,False,True,False,False,False,True,False,False,True,False,False
19,79.02,88.01,71,51,55,63,43,35,76,80,6,7,10,1,3,4,2,4,True,False,False,True,False,False,False,False,False,True,False,False,True,False,False,False,True,False,True,False,False,False,False
19,79.66,79.15,73,90,85,77,53,84,67,75,5,1,6,1,8,5,2,6,True,False,False,False,False,False,True,True,False,False,False,False,False,False,False,True,True,False,False,True,False,False,False
20,80.39,95.17,46,69,60,51,72,62,59,80,1,2,4,6,2,6,3,3,False,True,False,False,False,False,True,False,False,False,False,True,False,False,False,True,True,False,False,False,False,True,False
19,69.28,54.01,87,83,85,86,58,82,61,100,1,4,1,1,10,5,2,5,False,True,False,False,False,False,True,False,False,False,True,False,False,False,False,True,True,False,True,False,False,False,False
18,88.41,79.46,88,71,72,73,57,39,70,81,8,3,2,6,3,6,1,6,True,False,False,False,False,False,True,False,False,False,False,True,False,False,False,True,False,True,False,False,False,False,True
18,79.13,87.77,99,76,61,94,40,60,88,92,9,6,6,4,4,6,1,4,True,False,False,False,False,False,True,True,False,False,False,False,False,False,False,True,True,False,False,False,True,False,False
22,69.63,79.8,68,67,67,78,83,58,83,95,2,6,3,2,3,8,1,5,True,False,False,False,False,False,True,False,True,False,False,False,False,False,False,True,False,True,False,False,True,False,False
22,82.97,86.55,81,65,47,60,46,72,55,86,2,2,8,5,1,2,0,4,True,False,False,True,False,False,False,False,False,True,False,False,True,False,False,False,True,False,False,False,False,True,False
20,84.73,69.93,85,75,49,75,60,34,77,74,1,5,1,1,2,9,3,3,False,True,False,False,False,False,True,False,True,False,False,False,False,False,False,True,True,False,False,False,True,False,False
22,72.37,82.99,93,75,89,97,46,44,57,85,2,2,3,3,4,9,2,2,True,False,False,False,False,False,True,False,True,False,False,False,False,False,False,True,True,False,True,False,False,False,False
19,73.13,66.09,88,81,49,83,65,55,79,82,10,6,4,5,5,2,3,3,False,True,False,False,False,False,True,False,False,False,False,True,False,False,False,True,True,False,False,False,True,False,False
20,80.16,77.05,91,43,51,66,72,70,95,85,5,3,10,5,1,1,3,5,False,True,False,True,False,False,False,False,False,True,False,False,True,False,False,False,False,True,False,True,False,False,False
17,73.06,85.12,67,49,66,65,76,30,92,70,3,10,4,6,1,3,2,2,False,True,False,False,True,False,False,False,False,False,False,True,False,True,False,False,False,True,False,False,False,False,True
17,80.75,75.1,89,93,47,85,49,66,58,76,5,2,8,6,1,1,3,4,False,True,False,False,False,False,True,False,False,True,False,False,False,False,False,True,True,False,True,False,False,False,False
21,64.95,71.91,49,36,74,43,57,55,83,86,3,6,6,4,4,4,2,3,False,True,False,False,False,False,True,False,True,False,False,False,False,False,False,True,True,False,False,False,True,False,False
18,98.18,82.4,75,66,58,79,62,80,66,93,2,3,6,5,10,3,1,2,True,False,False,False,False,False,True,False,False,False,True,False,False,False,False,True,True,False,True,False,False,False,False
17,65.44,82.14,91,71,62,91,65,41,95,91,7,4,2,3,5,6,0,1,False,False,True,False,False,False,True,False,False,False,False,True,False,False,False,True,True,False,False,False,True,False,False
17,65.69,55.92,93,86,94,88,84,53,97,80,3,1,8,4,1,1,1,5,True,False,False,False,False,False,True,False,False,True,False,False,False,False,False,True,False,True,True,False,False,False,False
18,73.75,78.45,89,42,92,87,65,47,94,74,7,2,10,3,8,5,3,1,False,True,False,True,False,False,False,True,False,False,False,False,True,False,False,False,True,False,False,False,True,False,False
18,83.46,82.77,59,100,69,94,70,56,91,95,7,5,5,1,10,8,3,2,True,False,False,False,False,False,True,False,False,False,True,False,False,False,False,True,True,False,True,False,False,False,False
18,89.09,84.23,49,44,77,74,91,38,100,63,1,10,1,1,6,6,2,2,False,True,False,False,True,False,False,False,False,False,False,True,False,True,False,False,True,False,False,False,False,False,True
21,81.18,93.04,78,78,45,100,43,73,83,100,8,1,8,4,1,3,2,5,False,True,False,False,False,False,True,True,False,False,False,False,False,False,False,True,True,False,False,True,False,False,False
19,83.31,85.25,69,69,71,69,53,50,87,91,6,1,6,2,4,1,0,1,False,True,False,False,False,False,True,False,False,False,False,True,True,False,False,False,True,False,False,False,True,False,False
20,83.29,65.49,69,97,94,71,75,79,99,80,5,4,1,7,1,10,1,2,False,True,False,False,False,False,True,False,True,False,False,False,False,False,False,True,True,False,True,False,False,False,False
22,89.19,66.9,72,68,80,84,70,73,94,72,8,3,3,2,7,5,1,4,False,True,False,False,False,False,True,False,False,False,False,True,True,False,False,False,True,False,False,False,False,False,True
19,79.07,67.62,59,62,72,73,45,77,59,65,3,4,9,1,2,3,4,3,False,True,False,False,False,False,True,False,False,True,False,False,False,False,False,True,False,True,False,False,True,False,False
21,85.81,81.59,75,70,76,83,53,57,77,70,2,5,10,2,3,2,3,3,True,False,False,False,False,False,True,True,False,False,False,False,False,False,False,True,True,False,False,True,False,False,False
17,74.47,72.03,76,78,72,88,78,46,83,74,3,1,9,6,6,3,0,5,False,True,False,True,False,False,False,True,False,False,False,False,True,False,False,False,False,True,False,True,False,False,False
22,50.59,82.09,42,68,95,51,69,41,79,74,6,1,2,6,4,7,1,4,False,False,True,False,False,False,True,False,False,False,False,True,False,False,False,True,True,False,False,False,False,True,False
19,76.92,74.05,82,52,41,60,92,69,79,85,5,10,1,4,3,4,0,3,True,False,False,False,True,False,False,False,False,False,False,True,False,True,False,False,True,False,False,False,False,False,True
23,89.67,99.0,70,67,62,98,39,42,65,78,2,1,2,3,2,7,2,3,False,True,False,False,False,False,True,False,True,False,False,False,False,False,False,True,True,False,True,False,False,False,False
19,64.98,82.04,60,83,39,72,55,35,55,84,10,5,6,4,4,2,0,2,False,True,False,False,False,False,True,False,False,False,False,True,False,False,False,True,True,False,False,False,True,False,False
17,64.88,75.38,50,71,91,71,77,57,54,85,6,4,2,1,5,1,1,2,False,True,False,False,False,False,True,True,False,False,False,False,False,False,False,True,False,True,False,True,False,False,False
22,85.23,95.82,99,100,63,88,71,35,100,80,6,1,9,1,7,2,1,3,False,True,False,False,False,False,True,True,False,False,False,False,False,False,False,True,True,False,False,True,False,False,False
19,75.38,77.48,81,100,86,79,76,67,78,97,10,1,5,7,2,4,2,5,False,True,False,False,False,False,True,False,False,False,False,True,False,False,False,True,True,False,True,False,False,False,False
17,90.94,77.95,74,99,50,88,61,65,72,82,1,6,3,6,7,4,1,2,True,False,False,False,False,False,True,False,False,False,True,False,False,False,False,True,True,False,True,False,False,False,False
21,80.26,69.03,98,78,55,86,35,48,52,93,7,3,2,4,4,2,2,4,False,True,False,False,False,False,True,False,False,False,False,True,True,False,False,False,False,True,False,False,False,False,True
20,77.84,85.26,92,80,93,74,37,51,67,77,4,5,4,2,8,1,1,4,True,False,False,False,False,False,True,False,False,False,True,False,False,False,False,True,True,False,True,False,False,False,False
21,90.67,72.37,79,92,94,85,77,63,86,99,6,3,9,4,4,4,4,5,True,False,False,False,False,False,True,True,False,False,False,False,False,False,False,True,False,True,False,True,False,False,False
20,68.41,85.54,81,78,86,69,84,49,75,74,1,10,3,3,2,4,4,2,False,True,False,False,True,False,False,False,False,False,False,True,False,True,False,False,True,False,False,False,False,False,True
19,93.74,74.14,92,90,83,77,45,64,69,85,10,2,2,6,5,1,2,3,False,True,False,False,False,False,True,False,False,False,False,True,False,False,False,True,False,True,False,False,False,False,True
19,90.24,76.08,70,70,90,96,76,41,85,98,6,2,9,4,4,1,1,7,False,True,False,False,False,False,True,True,False,False,False,False,False,False,False,True,False,True,False,True,False,False,False
21,72.47,74.29,59,90,77,73,46,67,77,79,1,1,10,1,7,7,2,5,True,False,False,True,False,False,False,True,False,False,False,False,True,False,False,False,False,True,False,True,False,False,False
22,73.62,74.63,87,100,81,90,54,56,72,72,10,2,2,2,4,3,3,3,True,False,False,False,False,False,True,False,False,False,False,True,False,False,False,True,True,False,False,False,True,False,False
21,95.67,82.57,83,100,46,90,84,72,65,83,3,1,8,4,6,4,1,2,False,True,False,False,False,False,True,True,False,False,False,False,False,False,False,True,False,True,False,True,False,False,False
21,80.17,76.89,87,100,72,76,53,35,58,89,8,1,1,3,3,3,3,5,True,False,False,False,False,False,True,False,False,False,False,True,True,False,False,False,False,True,False,False,False,False,True
19,70.72,68.99,52,70,57,57,86,57,90,79,3,8,3,3,5,6,1,7,False,True,False,False,True,False,False,False,False,False,False,True,False,True,False,False,False,True,False,False,False,False,True
17,77.4,73.52,86,69,61,92,73,45,50,78,2,1,1,4,3,10,6,2,False,True,False,False,False,False,True,False,True,False,False,False,False,False,False,True,False,True,True,False,False,False,False
23,71.58,55.41,87,87,50,95,65,50,100,84,2,1,3,4,10,5,1,1,True,False,False,False,False,False,True,False,False,False,True,False,False,False,False,True,True,False,True,False,False,False,False
17,81.55,79.14,74,86,95,80,69,49,71,99,10,5,3,2,6,5,1,5,True,False,False,False,False,False,True,False,False,False,False,True,False,False,False,True,False,True,True,False,False,False,False
19,79.6,89.15,68,76,80,70,40,58,79,100,6,5,2,1,5,4,0,2,False,True,False,False,False,False,True,False,False,False,False,True,True,False,False,False,True,False,False,False,True,False,False
20,81.24,83.39,80,76,77,84,52,55,54,93,10,4,3,3,1,5,7,1,False,False,True,False,False,False,True,False,False,False,False,True,False,False,False,True,True,False,False,False,True,False,False
19,81.33,66.54,67,35,100,56,47,69,43,93,5,5,2,3,7,5,1,2,True,False,False,False,False,False,True,False,False,False,True,False,False,False,False,True,False,True,False,False,False,True,False
19,84.25,94.09,94,74,70,81,64,37,75,94,7,4,10,2,2,1,0,7,False,True,False,True,False,False,False,False,False,True,False,False,True,False,False,False,False,True,False,False,False,True,False
20,68.91,71.33,41,56,92,58,54,34,59,88,3,5,2,1,2,4,0,1,True,False,False,True,False,False,False,False,False,False,True,False,True,False,False,False,True,False,False,False,False,True,False
17,60.58,65.26,65,58,69,61,49,63,99,81,4,6,6,3,1,2,5,2,True,False,False,False,False,False,True,False,False,False,True,False,False,False,False,True,True,False,False,True,False,False,False
19,69.68,77.46,76,78,78,81,63,74,78,78,9,2,5,7,4,5,2,6,False,True,False,False,False,False,True,True,False,False,False,False,False,False,False,True,False,True,False,False,True,False,False
21,63.41,77.14,72,38,71,73,97,51,70,84,4,10,3,5,3,5,2,3,True,False,False,False,True,False,False,False,False,False,False,True,False,True,False,False,True,False,False,False,False,False,True
21,74.05,71.78,87,93,95,76,46,60,62,77,7,1,2,6,5,2,3,3,True,False,False,False,False,False,True,False,False,False,False,True,True,False,False,False,True,False,False,False,True,False,False
19,79.8,70.3,73,83,62,82,94,76,75,55,1,10,1,3,6,3,3,2,False,True,False,False,True,False,False,False,False,False,False,True,False,True,False,False,True,False,False,False,False,False,True
19,86.95,74.24,75,70,52,44,70,40,100,83,1,1,7,5,2,10,0,3,True,False,False,False,False,False,True,False,True,False,False,False,False,False,False,True,True,False,True,False,False,False,False
18,67.4,63.08,86,100,92,75,54,69,71,78,10,2,1,3,6,4,1,5,False,True,False,False,False,False,True,False,False,False,False,True,False,False,False,True,False,True,False,False,True,False,False
21,83.38,63.76,84,94,89,93,40,41,68,77,10,4,2,5,5,7,2,4,True,False,False,False,False,False,True,False,False,False,False,True,False,False,False,True,True,False,False,False,False,False,True
20,68.28,70.78,100,71,57,97,48,75,46,88,1,3,1,4,6,10,1,2,False,True,False,False,False,False,True,False,True,False,False,False,False,False,False,True,True,False,True,False,False,False,False
17,78.29,85.14,71,89,44,86,66,72,100,100,10,8,3,5,3,1,6,2,True,False,False,False,False,False,True,False,False,False,False,True,False,False,False,True,True,False,False,False,True,False,False
18,65.09,80.59,100,81,100,76,84,75,68,85,1,2,5,1,1,10,1,4,False,True,False,False,False,False,True,False,True,False,False,False,False,False,False,True,False,True,False,False,True,False,False
20,60.31,72.11,100,78,67,98,47,55,65,89,9,4,2,1,1,6,2,5,False,True,False,False,False,False,True,True,False,False,False,False,False,False,False,True,True,False,False,True,False,False,False
18,87.28,86.05,49,70,48,67,78,45,50,89,3,5,3,1,5,3,2,5,True,False,False,True,False,False,False,True,False,False,False,False,True,False,False,False,False,True,False,False,True,False,False
20,86.99,78.95,82,78,49,97,68,44,60,92,3,2,10,1,1,4,2,4,False,True,False,False,False,False,True,False,False,True,False,False,False,False,False,True,True,False,True,False,False,False,False
19,90.88,74.47,67,72,54,81,69,57,58,90,8,2,5,3,3,3,3,0,False,True,False,False,False,False,True,False,False,False,False,True,False,False,False,True,False,True,False,False,True,False,False
19,83.29,91.09,92,95,88,91,52,54,72,93,10,3,1,6,4,2,3,1,True,False,False,False,False,False,True,False,False,False,False,True,False,False,False,True,True,False,False,False,False,False,True
21,70.76,90.51,70,58,90,89,55,79,94,70,8,2,7,10,1,6,2,3,False,False,True,False,False,True,False,False,False,True,False,False,False,False,True,False,True,False,True,False,False,False,False
19,80.49,56.74,65,57,83,72,98,58,81,65,2,9,4,6,1,5,3,4,False,True,False,False,True,False,False,False,False,False,False,True,False,True,False,False,True,False,False,False,False,False,True
20,76.62,63.93,46,47,92,78,100,41,61,76,1,9,4,6,6,2,0,3,False,True,False,False,True,False,False,False,False,False,False,True,False,True,False,False,True,False,False,False,False,False,True
17,85.71,89.61,58,62,83,63,75,67,82,79,4,4,7,6,5,3,2,1,True,False,False,True,False,False,False,False,False,False,False,True,True,False,False,False,True,False,False,False,True,False,False
20,83.51,93.11,85,74,57,92,66,54,72,86,5,1,1,4,4,9,1,2,False,True,False,False,False,False,True,False,True,False,False,False,False,False,False,True,True,False,True,False,False,False,False
20,82.58,79.09,79,96,69,73,45,34,61,89,10,1,2,5,1,1,3,6,True,False,False,False,False,False,True,False,False,False,False,True,True,False,False,False,False,True,False,False,False,False,True
19,84.38,82.1,69,85,56,74,54,41,72,75,10,1,1,4,5,4,4,2,True,False,False,False,False,False,True,True,False,False,False,False,False,False,False,True,False,True,False,True,False,False,False
21,70.53,87.38,90,72,47,76,64,72,67,92,2,4,2,3,5,7,3,3,True,False,False,False,False,False,True,False,True,False,False,False,False,False,False,True,False,True,True,False,False,False,False
20,76.03,54.64,80,100,56,100,79,41,79,84,10,1,2,4,1,2,4,0,True,False,False,False,False,False,True,False,False,False,False,True,False,False,False,True,True,False,False,False,True,False,False
21,70.58,79.16,100,90,68,78,48,53,55,75,1,2,9,1,1,1,4,2,False,True,False,False,False,False,True,True,False,False,False,False,False,False,False,True,True,False,False,False,True,False,False
18,71.35,79.67,79,81,46,81,73,70,90,77,10,6,1,4,5,2,0,2,True,False,False,False,False,False,True,False,False,False,False,True,False,False,False,True,True,False,False,False,True,False,False
20,79.75,75.16,72,80,84,71,94,38,65,65,1,10,4,5,3,6,0,2,True,False,False,False,True,False,False,False,False,False,False,True,False,True,False,False,True,False,False,False,False,False,True
17,69.81,81.75,49,65,67,62,72,55,94,80,4,1,3,1,1,1,0,4,False,True,False,False,False,False,True,False,False,False,True,False,True,False,False,False,False,True,False,False,False,True,False
18,72.01,75.21,90,51,77,95,51,53,83,85,7,5,6,4,5,8,2,4,False,True,False,True,False,False,False,True,False,False,False,False,True,False,False,False,True,False,False,False,True,False,False
18,85.14,68.6,72,58,89,84,41,81,53,88,7,4,4,10,3,1,2,1,False,True,False,False,False,True,False,False,False,True,False,False,False,False,True,False,True,False,False,False,False,True,False
18,72.78,78.15,75,49,68,62,57,71,95,73,6,3,7,6,5,1,0,3,False,False,True,True,False,False,False,False,False,True,False,False,True,False,False,False,True,False,True,False,False,False,False
20,96.33,59.69,62,68,85,76,52,32,98,78,8,2,2,5,4,3,2,0,True,False,False,False,False,False,True,False,False,False,False,True,False,False,False,True,True,False,False,False,False,False,True
19,85.96,84.48,59,63,79,57,86,69,64,75,6,10,1,5,2,5,4,4,False,True,False,False,True,False,False,False,False,False,False,True,False,True,False,False,False,True,False,False,False,False,True
22,81.18,75.95,52,45,59,52,53,50,79,73,5,6,5,2,3,4,0,5,True,False,False,False,False,False,True,True,False,False,False,False,False,False,False,True,False,True,True,False,False,False,False
17,73.18,63.65,65,94,54,90,63,79,94,86,8,6,2,5,4,3,1,2,True,False,False,False,False,False,True,False,False,False,False,True,False,False,False,True,True,False,True,False,False,False,False
17,84.44,82.84,55,64,75,80,95,39,50,59,5,10,1,2,2,3,1,3,True,False,False,False,True,False,False,False,False,False,False,True,False,True,False,False,True,False,False,False,False,False,True
20,78.87,61.88,72,71,61,91,55,48,59,84,10,5,5,1,3,5,3,7,False,True,False,False,False,False,True,False,False,False,False,True,False,False,False,True,False,True,False,False,True,False,False
17,99.0,71.39,85,82,80,98,81,79,73,93,3,4,1,3,3,9,4,2,False,True,False,False,False,False,True,False,True,False,False,False,False,False,False,True,True,False,False,False,True,False,False
20,94.76,81.31,97,70,80,100,60,61,85,93,2,2,1,5,3,8,0,4,False,True,False,False,False,False,True,False,True,False,False,False,False,False,False,True,True,False,False,False,True,False,False
19,96.14,61.36,62,64,90,78,47,36,92,75,9,1,3,5,5,4,2,1,True,False,False,False,False,False,True,False,False,False,False,True,False,False,False,True,True,False,False,False,False,False,True
22,72.33,87.07,46,41,51,69,100,64,70,78,4,10,3,7,5,8,1,5,False,True,False,False,True,False,False,False,False,False,False,True,False,True,False,False,True,False,False,False,False,False,True
19,84.91,67.4,73,71,69,74,89,78,78,48,2,10,2,2,7,6,5,2,False,True,False,False,True,False,False,False,False,False,False,True,False,True,False,False,True,False,False,False,False,False,True
20,84.36,77.8,63,60,75,90,48,88,51,88,6,2,2,8,2,6,0,2,True,False,False,False,False,True,False,False,False,True,False,False,False,False,True,False,True,False,False,False,False,True,False
18,89.51,98.82,71,74,56,81,83,66,51,61,5,8,3,3,6,3,1,5,False,True,False,False,True,False,False,False,False,False,False,True,False,True,False,False,False,True,False,False,False,False,True
18,90.24,69.64,92,79,59,100,76,48,92,100,2,5,10,8,4,3,2,3,False,True,False,False,False,False,True,False,False,True,False,False,False,False,False,True,True,False,True,False,False,False,False
19,77.7,74.22,50,66,51,53,100,55,59,69,5,10,2,4,3,4,4,5,True,False,False,False,True,False,False,False,False,False,False,True,False,True,False,False,True,False,False,False,False,False,True
17,77.26,75.96,84,69,53,76,70,76,65,76,1,4,10,4,5,1,2,5,False,True,False,False,False,False,True,False,False,True,False,False,False,False,False,True,False,True,True,False,False,False,False
17,78.57,75.42,96,77,61,78,75,72,58,80,6,3,9,6,1,1,3,0,False,True,False,True,False,False,False,False,False,True,False,False,True,False,False,False,True,False,True,False,False,False,False
21,83.34,75.43,55,61,84,57,42,34,95,77,2,6,1,3,1,5,0,1,False,True,False,True,False,False,False,False,False,True,False,False,True,False,False,False,True,False,False,False,True,False,False
22,75.34,93.81,100,84,87,100,67,69,53,92,10,5,2,7,4,5,0,2,True,False,False,False,False,False,True,True,False,False,False,False,False,False,False,True,True,False,False,False,True,False,False
20,78.19,78.38,95,94,95,72,78,69,51,83,8,2,4,2,3,2,2,4,False,True,False,False,False,False,True,False,False,False,False,True,True,False,False,False,False,True,False,False,False,False,True
19,78.07,68.75,90,93,95,89,91,51,45,90,10,1,1,2,8,4,1,1,False,True,False,False,False,False,True,False,False,False,False,True,False,False,False,True,True,False,False,False,True,False,False
20,81.59,84.81,91,100,80,91,65,76,90,89,10,6,1,1,5,6,1,2,True,False,False,False,False,False,True,False,False,False,False,True,False,False,False,True,True,False,False,False,True,False,False
20,85.56,94.98,95,81,65,93,35,47,87,94,1,4,1,4,1,10,5,4,True,False,False,False,False,False,True,False,True,False,False,False,False,False,False,True,True,False,True,False,False,False,False
18,84.61,59.94,84,73,94,56,61,54,59,93,8,5,4,1,6,6,4,2,False,True,False,False,False,False,True,False,False,False,False,True,True,False,False,False,True,False,False,False,True,False,False
19,90.35,73.33,67,87,61,73,64,75,84,99,8,5,1,4,6,5,2,2,True,False,False,False,False,False,True,False,False,False,False,True,False,False,False,True,True,False,True,False,False,False,False
18,77.28,78.27,50,45,67,48,43,73,64,78,2,4,1,3,7,2,3,4,False,True,False,True,False,False,False,True,False,False,False,False,True,False,False,False,True,False,False,False,True,False,False
21,62.48,96.38,100,81,48,92,93,84,53,100,5,3,6,5,1,3,3,6,True,False,False,True,False,False,False,True,False,False,False,False,True,False,False,False,True,False,False,True,False,False,False
20,80.57,79.86,84,74,77,85,35,70,48,93,4,7,10,1,4,3,0,5,True,False,False,False,False,False,True,False,False,True,False,False,False,False,False,True,True,False,True,False,False,False,False
23,81.88,72.32,89,100,63,97,69,41,69,81,7,1,2,2,2,1,4,2,True,False,False,False,False,False,True,True,False,False,False,False,False,False,False,True,True,False,False,True,False,False,False
20,75.11,73.34,61,69,72,95,56,51,69,75,9,6,6,2,1,5,1,2,False,True,False,False,False,False,True,False,False,False,False,True,False,False,False,True,True,False,False,False,False,False,True
20,66.11,85.47,82,77,46,75,39,57,99,98,7,6,4,2,4,3,3,1,False,True,False,False,False,False,True,False,False,False,False,True,False,False,False,True,True,False,False,False,True,False,False
21,85.2,85.24,77,48,65,70,59,36,71,88,5,2,10,6,6,6,2,2,True,False,False,True,False,False,False,False,False,True,False,False,True,False,False,False,True,False,False,False,False,True,False
19,81.61,65.23,67,100,80,73,35,41,70,99,10,6,3,1,7,1,0,4,True,False,False,False,False,False,True,False,False,False,False,True,False,False,False,True,True,False,True,False,False,False,False
18,74.01,64.32,67,46,84,78,83,85,66,65,4,4,10,10,4,1,2,1,True,False,False,False,False,True,False,False,False,True,False,False,False,False,True,False,False,True,True,False,False,False,False
22,75.86,70.11,88,96,55,99,53,32,97,91,9,6,6,5,1,3,0,0,True,False,False,False,False,False,True,True,False,False,False,False,False,False,False,True,True,False,False,True,False,False,False
19,64.45,75.2,76,91,49,88,93,47,79,80,10,6,4,5,4,2,4,2,True,False,False,False,False,False,True,False,False,False,False,True,False,False,False,True,False,True,False,False,True,False,False
19,69.08,83.86,83,85,47,95,35,58,57,82,10,5,4,1,2,4,1,4,True,False,False,False,False,False,True,False,False,False,False,True,False,False,False,True,False,True,False,False,False,False,True
20,92.8,81.97,86,94,92,88,71,67,66,88,1,3,5,1,2,10,4,5,True,False,False,False,False,False,True,False,True,False,False,False,False,False,False,True,False,True,False,False,True,False,False
21,87.74,70.87,100,72,59,94,43,38,76,78,10,3,1,4,1,1,2,2,True,False,False,False,False,False,True,False,False,False,False,True,False,False,False,True,False,True,False,False,True,False,False
20,79.83,71.73,100,74,86,83,60,60,82,70,9,1,2,1,4,5,1,3,True,False,False,False,False,False,True,True,False,False,False,False,False,False,False,True,True,False,False,False,True,False,False
21,66.8,87.34,77,95,87,84,49,67,67,94,8,2,1,1,2,5,1,4,False,True,False,False,False,False,True,False,False,False,False,True,True,False,False,False,True,False,False,False,True,False,False
19,83.6,81.75,93,96,54,72,46,77,99,80,9,6,1,6,3,5,1,5,False,True,False,False,False,False,True,False,False,False,False,True,True,False,False,False,False,True,False,False,False,False,True
19,78.82,99.0,100,82,84,100,75,80,65,82,3,6,10,3,2,1,0,1,True,False,False,False,False,False,True,True,False,False,False,False,False,False,False,True,False,True,False,True,False,False,False
20,88.59,85.55,84,82,92,74,77,39,69,88,10,5,4,7,2,4,1,4,True,False,False,False,False,False,True,True,False,False,False,False,False,False,False,True,True,False,False,True,False,False,False
20,85.04,84.41,83,91,81,88,64,66,56,95,1,6,4,1,3,10,5,4,True,False,False,False,False,False,True,False,True,False,False,False,False,False,False,True,False,True,False,False,True,False,False
18,80.31,83.41,66,51,90,62,97,56,89,45,1,10,4,4,5,5,1,3,True,False,False,False,True,False,False,False,False,False,False,True,False,True,False,False,True,False,False,False,False,False,True
19,86.18,63.98,82,85,75,95,57,38,98,87,7,5,2,4,2,4,2,1,False,False,True,False,False,False,True,True,False,False,False,False,False,False,False,True,True,False,False,False,True,False,False
19,71.08,69.7,100,73,39,100,52,63,74,85,1,1,6,5,1,10,2,4,True,False,False,False,False,False,True,False,True,False,False,False,False,False,False,True,True,False,False,False,True,False,False
22,85.27,79.93,99,64,60,68,55,72,88,89,2,2,8,1,2,3,3,3,False,True,False,True,False,False,False,False,False,True,False,False,True,False,False,False,True,False,True,False,False,False,False
21,98.31,71.12,67,90,52,88,47,49,64,89,2,1,10,5,5,4,2,4,False,True,False,False,False,False,True,True,False,False,False,False,False,False,False,True,True,False,False,False,True,False,False
20,91.26,75.58,96,41,85,88,62,55,99,76,7,4,10,6,5,3,2,6,False,True,False,True,False,False,False,False,False,True,False,False,True,False,False,False,True,False,False,False,False,True,False
18,79.53,72.39,96,70,93,73,53,70,94,98,9,3,2,5,3,6,1,3,False,True,False,False,False,False,True,True,False,False,False,False,False,False,False,True,False,True,False,False,True,False,False
21,83.28,77.39,73,67,45,58,74,41,57,89,4,5,7,3,2,2,1,8,False,True,False,True,False,False,False,False,False,False,False,True,True,False,False,False,False,True,False,False,False,True,False
21,81.0,83.78,95,82,86,88,78,66,83,62,3,4,10,5,5,2,1,4,False,True,False,False,False,False,True,False,False,True,False,False,False,False,False,True,True,False,True,False,False,False,False
19,83.23,80.18,69,77,71,67,45,35,62,76,9,1,7,4,3,4,6,3,True,False,False,False,False,False,True,False,False,False,False,True,True,False,False,False,True,False,False,False,False,False,True
24,92.43,90.53,75,84,92,83,60,53,94,100,8,2,3,6,6,3,5,3,True,False,False,False,False,False,True,False,False,False,False,True,False,False,False,True,True,False,False,False,False,False,True
18,71.41,80.41,71,91,44,75,67,64,85,70,10,4,1,4,4,1,1,2,True,False,False,False,False,False,True,False,False,False,False,True,False,False,False,True,True,False,False,False,True,False,False
18,68.14,99.0,72,100,82,73,35,60,72,75,10,5,1,3,4,2,2,2,True,False,False,False,False,False,True,False,False,False,False,True,False,False,False,True,True,False,False,False,False,False,True
23,79.61,83.06,89,60,48,66,45,71,62,93,2,3,10,3,1,4,0,4,True,False,False,True,False,False,False,False,False,True,False,False,True,False,False,False,True,False,False,False,False,True,False
18,87.37,57.16,72,96,77,78,51,45,76,100,6,1,4,6,4,1,6,4,True,False,False,False,False,False,True,True,False,False,False,False,False,False,False,True,True,False,False,False,True,False,False
19,62.51,73.36,75,99,49,71,70,33,76,100,5,2,7,3,2,1,1,4,False,True,False,False,False,False,True,False,False,True,False,False,False,False,False,True,True,False,True,False,False,False,False
19,82.83,75.57,76,76,91,78,54,76,61,75,7,2,4,1,6,6,2,4,True,False,False,False,False,False,True,True,False,False,False,False,False,False,False,True,True,False,False,True,False,False,False
19,80.43,99.0,73,88,57,78,40,72,65,85,10,7,3,1,4,1,5,3,False,True,False,False,False,False,True,False,False,False,False,True,True,False,False,False,True,False,False,False,True,False,False
21,77.78,72.07,73,64,85,81,71,35,94,86,8,6,4,5,2,7,3,4,False,True,False,False,False,False,True,False,False,False,False,True,False,False,False,True,True,False,False,False,False,False,True
19,72.07,71.98,67,98,42,72,42,72,53,78,10,2,8,3,6,1,0,4,False,True,False,False,False,False,True,False,False,False,False,True,False,False,False,True,True,False,False,False,True,False,False
17,74.11,63.19,90,96,74,97,74,67,78,100,1,3,6,7,2,4,5,2,False,True,False,False,False,False,True,True,False,False,False,False,False,False,False,True,True,False,False,False,True,False,False
17,84.39,76.5,86,72,57,81,50,62,88,80,5,2,6,4,5,10,3,3,True,False,False,False,False,False,True,False,True,False,False,False,False,False,False,True,True,False,False,False,True,False,False
20,98.47,94.08,89,63,55,78,100,62,69,54,1,10,4,2,6,3,2,7,True,False,False,False,True,False,False,False,False,False,False,True,False,True,False,False,False,True,False,False,False,False,True
22,69.89,76.9,53,67,95,65,35,36,71,77,5,6,7,1,1,5,3,6,False,True,False,True,False,False,False,True,False,False,False,False,True,False,False,False,False,True,False,False,False,False,True
18,84.1,91.75,92,97,86,94,61,38,94,72,10,5,2,1,5,5,4,2,False,True,False,False,False,False,True,False,False,False,False,True,False,False,False,True,True,False,False,False,True,False,False
21,89.44,74.44,86,96,87,75,52,54,55,100,9,4,8,5,2,1,1,1,False,True,False,False,False,False,True,False,False,False,False,True,False,False,False,True,False,True,True,False,False,False,False
21,82.15,74.83,100,84,48,90,41,35,62,84,9,5,3,3,1,2,2,2,True,False,False,False,False,False,True,False,False,False,False,True,False,False,False,True,False,True,False,False,True,False,False
17,95.09,81.66,74,79,88,81,74,68,52,71,7,3,6,2,5,2,1,3,False,True,False,False,False,False,True,True,False,False,False,False,False,False,False,True,True,False,False,True,False,False,False
20,82.69,81.41,88,100,73,87,71,47,73,98,6,3,7,4,2,7,2,6,True,False,False,False,False,False,True,True,False,False,False,False,False,False,False,True,False,True,False,False,True,False,False
20,77.76,68.53,57,49,97,68,47,65,48,100,8,8,4,2,8,4,0,0,True,False,False,False,False,False,True,False,False,False,True,False,False,False,False,True,False,True,False,False,False,True,False
20,62.15,60.77,45,72,62,82,91,76,53,65,5,7,3,1,6,5,1,3,False,True,False,False,True,False,False,False,False,False,False,True,False,True,False,False,False,True,False,False,False,False,True
20,90.41,84.41,75,89,57,73,37,40,53,79,4,3,5,1,1,8,1,3,False,True,False,False,False,False,True,False,True,False,False,False,False,False,False,True,True,False,True,False,False,False,False
20,68.29,82.23,89,86,40,84,71,44,99,87,10,1,6,6,5,6,3,0,False,True,False,False,False,False,True,False,False,False,False,True,False,False,False,True,True,False,False,False,False,False,True
18,76.33,80.71,72,76,87,76,61,58,97,86,6,4,6,6,7,2,2,1,True,False,False,False,False,False,True,False,False,False,True,False,False,False,False,True,False,True,True,False,False,False,False
19,92.75,78.81,90,81,54,89,52,61,79,86,1,2,6,1,3,7,4,1,False,True,False,False,False,False,True,False,True,False,False,False,False,False,False,True,True,False,True,False,False,False,False
19,79.85,72.08,58,65,92,66,52,45,67,99,3,3,5,6,1,1,4,2,True,False,False,False,False,False,True,False,False,False,False,True,False,False,False,True,True,False,False,True,False,False,False
19,72.06,79.66,88,92,96,81,69,66,74,72,3,7,8,3,6,8,0,0,True,False,False,False,False,False,True,False,True,False,False,False,False,False,False,True,True,False,False,False,True,False,False
17,72.05,65.17,55,54,47,55,71,60,82,64,4,8,8,6,2,6,2,5,True,False,False,False,False,False,True,False,False,False,False,True,True,False,False,False,True,False,False,False,False,False,True
18,84.86,75.64,80,86,92,83,38,53,78,85,8,3,2,4,2,4,1,3,True,False,False,False,False,False,True,False,False,False,False,True,True,False,False,False,True,False,False,False,False,False,True
19,75.75,72.77,70,86,53,77,56,76,52,74,4,1,2,7,10,5,2,0,True,False,False,False,False,False,True,False,False,False,True,False,False,False,False,True,True,False,True,False,False,False,False
17,73.54,69.28,58,45,70,67,78,62,70,81,5,10,1,4,5,2,2,2,False,True,False,False,True,False,False,False,False,False,False,True,False,True,False,False,True,False,False,False,False,False,True
17,93.11,64.84,64,92,48,83,55,84,81,81,10,1,3,4,1,1,1,7,True,False,False,False,False,False,True,False,False,False,False,True,False,False,False,True,False,True,False,False,True,False,False
20,80.33,83.23,99,90,43,78,36,60,92,77,10,7,2,2,4,2,1,4,False,True,False,False,False,False,True,False,False,False,False,True,False,False,False,True,False,True,True,False,False,False,False
17,85.66,90.08,58,49,52,42,65,52,52,79,1,6,6,5,4,2,3,1,False,True,False,False,False,False,True,False,False,True,False,False,False,False,False,True,True,False,False,False,False,True,False
20,78.97,76.92,100,47,47,76,71,73,100,77,5,5,10,4,1,1,4,5,False,True,False,True,False,False,False,True,False,False,False,False,True,False,False,False,False,True,False,True,False,False,False
18,79.8,75.64,96,77,93,100,41,54,69,98,9,5,5,1,5,4,0,2,False,True,False,False,False,False,True,False,False,False,False,True,False,False,False,True,True,False,False,False,True,False,False
20,87.26,80.84,47,64,73,65,35,89,97,78,4,3,2,10,6,3,0,5,True,False,False,False,False,True,False,False,False,True,False,False,False,False,True,False,False,True,False,False,False,True,False
17,85.47,92.53,79,83,84,86,96,80,49,76,1,10,7,4,2,7,3,4,True,False,False,False,True,False,False,False,False,False,False,True,False,True,False,False,True,False,False,False,False,False,True
18,89.85,70.31,45,62,83,77,78,67,82,51,1,5,5,10,3,3,1,4,False,False,True,False,False,True,False,False,False,True,False,False,False,False,True,False,True,False,True,False,False,False,False
18,65.34,77.9,56,71,80,72,100,39,83,66,4,10,1,1,6,1,1,5,True,False,False,False,True,False,False,False,False,False,False,True,False,True,False,False,False,True,False,False,False,False,True
20,71.62,84.4,88,65,47,80,57,70,63,100,4,5,2,4,6,10,3,3,True,False,False,False,False,False,True,False,True,False,False,False,False,False,False,True,False,True,True,False,False,False,False
19,85.64,70.1,91,95,79,68,79,47,88,82,9,3,4,7,2,1,5,6,False,True,False,False,False,False,True,False,False,False,False,True,True,False,False,False,False,True,False,False,True,False,False
19,88.1,63.66,74,90,65,76,46,42,56,98,6,3,1,1,5,3,3,2,False,True,False,False,False,False,True,False,False,False,False,True,True,False,False,False,False,True,False,False,True,False,False
19,66.29,89.16,95,97,67,68,79,71,90,89,4,6,10,5,3,6,1,1,True,False,False,False,False,False,True,False,False,True,False,False,False,False,False,True,True,False,True,False,False,False,False
17,86.53,81.14,44,52,66,49,86,35,79,64,5,2,5,6,4,4,1,1,False,True,False,False,True,False,False,False,False,True,False,False,False,True,False,False,False,True,False,False,True,False,False
23,79.91,77.29,68,50,74,61,64,90,88,76,6,6,10,10,2,4,0,4,True,False,False,False,False,True,False,False,False,True,False,False,False,False,True,False,False,True,True,False,False,False,False
17,61.34,88.86,88,81,48,84,78,47,55,77,3,7,9,7,1,5,1,2,False,True,False,False,False,False,True,True,False,False,False,False,False,False,False,True,True,False,False,False,True,False,False
22,70.02,79.33,69,69,61,61,85,57,87,71,4,5,2,6,1,3,4,1,False,True,False,False,False,False,True,False,False,False,False,True,False,False,False,True,True,False,False,False,True,False,False
17,84.8,74.34,90,70,79,100,67,41,100,64,3,7,3,8,1,10,2,3,False,True,False,False,False,False,True,False,True,False,False,False,False,False,False,True,True,False,False,False,True,False,False
18,90.97,70.61,84,80,64,100,77,53,87,95,3,4,9,6,5,4,2,1,False,True,False,False,False,False,True,False,False,True,False,False,False,False,False,True,True,False,True,False,False,False,False
20,94.54,92.11,97,97,63,84,62,44,78,94,9,5,5,6,5,3,1,2,False,True,False,False,False,False,True,False,False,False,False,True,True,False,False,False,True,False,False,False,True,False,False
21,70.55,83.73,96,88,74,90,48,53,55,83,2,1,10,2,2,2,2,0,False,True,False,False,False,False,True,True,False,False,False,False,False,False,False,True,True,False,False,False,True,False,False
23,79.82,65.57,68,68,70,57,40,71,81,74,5,6,4,9,4,2,4,1,False,True,False,False,False,True,False,False,False,True,False,False,False,False,True,False,True,False,False,False,False,True,False
21,90.75,55.79,61,75,86,82,69,66,86,95,6,2,6,2,8,10,3,0,False,True,False,False,False,False,True,False,True,False,False,False,False,False,False,True,True,False,True,False,False,False,False
18,66.41,78.18,93,84,68,78,48,45,77,76,1,3,5,4,3,10,2,5,True,False,False,False,False,False,True,False,True,False,False,False,False,False,False,True,True,False,False,False,True,False,False
21,83.5,73.23,61,78,56,75,85,57,84,95,2,4,8,3,3,1,4,2,False,True,False,True,False,False,False,True,False,False,False,False,True,False,False,False,True,False,False,False,False,True,False
24,77.19,90.9,81,72,100,100,35,51,53,68,3,1,7,4,3,6,1,5,True,False,False,False,False,False,True,True,False,False,False,False,False,False,False,True,False,True,False,True,False,False,False
20,75.08,84.51,75,92,84,78,68,56,84,72,6,4,2,6,6,1,4,1,False,True,False,False,False,False,True,True,False,False,False,False,False,False,False,True,False,True,False,True,False,False,False
20,98.44,73.64,68,99,59,90,80,37,72,72,2,5,3,7,10,1,5,3,True,False,False,False,False,False,True,False,False,False,True,False,False,False,False,True,True,False,True,False,False,False,False
18,93.69,73.22,71,59,47,46,67,35,92,82,4,1,6,7,2,10,2,1,True,False,False,False,False,False,True,False,True,False,False,False,False,False,False,True,True,False,True,False,False,False,False
23,83.56,93.77,100,88,74,95,51,57,50,83,10,3,4,5,8,3,0,0,False,True,False,False,False,False,True,True,False,False,False,False,False,False,False,True,False,True,False,False,True,False,False
21,80.92,73.34,61,95,80,88,60,84,60,74,8,2,5,1,2,2,0,6,True,False,False,False,False,False,True,False,False,False,False,True,False,False,False,True,False,True,False,False,True,False,False
19,74.57,68.78,66,68,51,85,76,48,89,72,3,5,9,2,3,5,3,2,True,False,False,True,False,False,False,False,False,True,False,False,True,False,False,False,False,True,False,False,True,False,False
20,80.08,94.18,98,69,64,85,55,42,67,100,6,4,10,1,5,1,0,7,False,True,False,True,False,False,False,False,False,True,False,False,True,False,False,False,False,True,False,False,False,True,False
22,77.25,73.45,83,100,91,95,69,36,66,84,10,3,3,1,5,4,1,3,True,False,False,False,False,False,True,False,False,False,False,True,False,False,False,True,True,False,False,False,True,False,False
21,69.07,67.96,44,51,53,49,100,44,77,93,5,10,6,4,4,7,2,4,False,True,False,False,True,False,False,False,False,False,False,True,False,True,False,False,False,True,True,False,False,False,False
21,74.69,90.85,76,96,71,100,37,40,74,98,1,3,10,7,5,3,1,0,False,True,False,False,False,False,True,True,False,False,False,False,False,False,False,True,True,False,False,True,False,False,False
21,65.42,96.09,71,63,85,100,51,41,98,94,4,4,4,4,10,2,2,1,False,True,False,False,False,False,True,False,False,False,True,False,False,False,False,True,False,True,True,False,False,False,False
20,86.33,64.37,70,67,54,97,61,37,98,83,9,1,2,3,5,3,1,6,False,True,False,False,False,False,True,False,False,False,False,True,False,False,False,True,False,True,False,False,False,False,True
18,66.87,78.27,72,58,80,49,42,49,89,100,3,2,8,5,4,1,0,5,False,True,False,False,False,False,True,False,False,False,True,False,False,False,False,True,False,True,False,True,False,False,False
20,83.65,72.58,79,66,95,57,83,35,84,71,6,5,9,6,5,4,1,10,True,False,False,True,False,False,False,False,False,True,False,False,True,False,False,False,False,True,True,False,False,False,False
20,84.87,78.33,73,84,81,83,73,45,77,95,2,1,1,6,10,4,3,5,True,False,False,False,False,False,True,False,False,False,True,False,False,False,False,True,False,True,True,False,False,False,False
19,72.03,57.3,83,100,80,90,62,35,71,70,10,3,5,8,3,1,3,1,False,True,False,False,False,False,True,False,False,False,False,True,False,False,False,True,True,False,True,False,False,False,False
19,80.27,68.94,92,87,56,88,46,67,74,93,10,1,2,5,7,1,4,4,True,False,False,False,False,False,True,True,False,False,False,False,False,False,False,True,True,False,False,False,True,False,False
17,97.11,71.81,92,95,49,86,67,38,48,84,6,2,5,4,5,3,5,0,False,True,False,False,False,False,True,True,False,False,False,False,False,False,False,True,True,False,False,True,False,False,False
19,79.86,76.74,45,45,60,48,42,77,55,67,2,2,1,1,7,2,3,3,False,True,False,True,False,False,False,True,False,False,False,False,True,False,False,False,True,False,False,False,True,False,False
22,63.49,63.05,90,69,56,71,80,80,63,95,3,3,1,5,3,8,4,5,True,False,False,False,False,False,True,False,True,False,False,False,False,False,False,True,False,True,True,False,False,False,False
17,87.11,97.22,88,73,87,71,70,51,96,84,1,2,5,4,3,10,1,1,True,False,False,False,False,False,True,False,True,False,False,False,False,False,False,True,True,False,False,False,True,False,False
19,75.76,65.59,63,56,67,89,90,56,78,82,7,10,2,1,1,3,3,2,False,True,False,False,True,False,False,False,False,False,False,True,False,True,False,False,True,False,False,False,False,False,True
20,63.77,76.43,73,66,94,86,74,75,97,79,6,5,5,9,6,1,2,2,False,True,False,False,False,True,False,False,False,True,False,False,False,False,True,False,True,False,True,False,False,False,False
20,74.65,69.95,89,97,89,90,62,35,78,94,10,1,2,1,5,4,4,2,False,True,False,False,False,False,True,False,False,False,False,True,False,False,False,True,False,True,True,False,False,False,False
17,83.52,90.71,59,85,79,75,61,35,57,74,9,1,6,3,3,4,2,1,True,False,False,False,False,False,True,False,False,False,False,True,False,False,False,True,True,False,False,False,True,False,False
18,66.05,79.78,69,47,65,68,85,81,86,93,2,2,3,4,3,4,1,4,True,False,False,False,False,False,True,True,False,False,False,False,False,False,False,True,True,False,False,False,True,False,False
17,83.87,62.1,100,74,71,93,54,67,95,81,10,4,5,3,4,1,0,2,False,True,False,False,False,False,True,False,False,False,False,True,False,False,False,True,False,True,True,False,False,False,False
24,73.07,75.39,58,57,98,88,72,63,95,90,2,1,10,5,8,1,1,5,True,False,False,True,False,False,False,False,False,True,False,False,True,False,False,False,True,False,False,False,False,True,False
25,95.49,74.48,67,87,78,88,56,78,76,82,1,5,3,4,5,10,1,5,False,True,False,False,False,False,True,False,True,False,False,False,False,False,False,True,False,True,False,False,True,False,False
19,68.79,88.77,100,74,50,86,80,41,90,92,10,1,7,4,5,5,1,1,False,True,False,False,False,False,True,False,False,False,False,True,False,False,False,True,True,False,False,False,False,False,True
18,80.2,86.29,49,62,79,66,41,65,70,99,9,6,1,2,3,5,6,5,False,True,False,False,False,False,True,False,False,False,False,True,False,False,False,True,True,False,False,False,True,False,False
21,85.16,76.77,50,60,81,55,41,42,100,70,1,6,5,4,1,5,0,1,False,True,False,True,False,False,False,False,False,True,False,False,True,False,False,False,True,False,False,False,True,False,False
18,69.2,60.69,88,98,74,80,80,63,64,95,3,4,2,3,9,4,2,1,False,True,False,False,False,False,True,False,False,False,True,False,False,False,False,True,False,True,True,False,False,False,False
19,79.8,68.62,53,51,75,68,100,40,87,52,3,10,6,3,5,2,4,4,True,False,False,False,True,False,False,False,False,False,False,True,False,True,False,False,True,False,False,False,False,False,True
18,89.41,68.88,63,87,48,91,61,77,77,81,8,3,3,3,1,3,1,5,True,False,False,False,False,False,True,False,False,False,False,True,False,False,False,True,False,True,False,False,True,False,False
21,84.52,79.93,80,54,86,85,97,35,92,64,4,9,4,7,5,1,1,4,True,False,False,False,True,False,False,False,False,False,False,True,False,True,False,False,True,False,False,False,False,False,True
22,79.8,87.72,42,43,65,69,100,55,70,86,3,10,2,6,6,7,2,2,False,True,False,False,True,False,False,False,False,False,False,True,False,True,False,False,True,False,False,False,False,False,True
17,70.6,73.5,56,39,79,62,59,73,94,67,4,1,9,1,1,6,1,3,True,False,False,False,False,True,False,True,False,False,False,False,False,False,True,False,True,False,False,False,True,False,False
18,75.92,77.4,100,82,91,87,53,65,96,78,2,4,1,2,10,2,4,3,False,True,False,False,False,False,True,False,False,False,True,False,False,False,False,True,True,False,True,False,False,False,False
19,89.22,71.9,81,86,92,81,44,68,97,87,9,1,4,4,7,3,1,3,True,False,False,False,False,False,True,False,False,False,False,True,True,False,False,False,True,False,False,False,False,False,True
20,82.97,58.98,76,86,79,84,68,68,84,71,10,3,4,7,2,5,3,3,False,True,False,False,False,False,True,False,False,False,False,True,False,False,False,True,True,False,False,False,True,False,False
20,94.7,85.25,69,81,50,75,40,35,58,82,3,2,7,3,3,10,0,4,False,True,False,False,False,False,True,False,True,False,False,False,False,False,False,True,True,False,True,False,False,False,False
20,70.77,92.48,60,48,62,62,100,83,86,63,6,8,7,8,3,4,1,0,True,False,False,False,True,False,False,False,False,False,False,True,False,True,False,False,False,True,False,False,True,False,False
17,86.45,63.32,95,71,96,66,35,61,52,94,2,6,10,5,2,5,3,5,False,True,False,True,False,False,False,False,False,True,False,False,True,False,False,False,True,False,True,False,False,False,False
21,86.51,62.32,49,59,72,54,91,53,90,73,6,1,2,6,6,1,2,1,True,False,False,False,True,False,False,False,True,False,False,False,False,True,False,False,True,False,True,False,False,False,False
18,81.27,83.71,96,87,51,100,53,44,63,100,4,1,5,6,3,10,2,0,False,True,False,False,False,False,True,False,True,False,False,False,False,False,False,True,False,True,False,False,True,False,False
19,80.54,80.56,73,87,76,97,55,68,81,86,10,3,1,1,2,5,2,3,True,False,False,False,False,False,True,False,False,False,False,True,False,False,False,True,False,True,False,False,True,False,False
17,84.57,78.48,85,98,90,100,50,35,74,78,2,5,7,4,10,6,2,5,False,True,False,False,False,False,True,False,False,False,True,False,False,False,False,True,True,False,True,False,False,False,False
19,76.04,59.73,62,84,69,64,48,82,81,90,9,5,1,3,5,8,1,3,True,False,False,False,False,False,True,False,False,False,False,True,False,False,False,True,True,False,True,False,False,False,False
18,78.92,73.52,70,98,70,92,40,50,54,73,10,3,5,2,5,3,1,1,False,True,False,False,False,False,True,False,False,False,False,True,False,False,False,True,True,False,False,False,True,False,False
21,88.78,85.28,86,95,67,63,54,37,70,94,7,2,2,3,6,2,0,1,False,True,False,False,False,False,True,False,False,False,False,True,True,False,False,False,True,False,False,False,False,False,True
21,92.77,73.64,97,68,69,91,57,66,80,85,1,4,1,1,4,10,0,4,True,False,False,False,False,False,True,False,True,False,False,False,False,False,False,True,True,False,False,False,True,False,False
19,84.27,58.07,55,60,66,51,88,63,100,67,2,3,4,6,1,4,0,6,True,False,False,False,True,False,False,False,False,False,False,True,False,True,False,False,True,False,True,False,False,False,False
19,85.74,97.09,82,83,52,94,35,30,51,96,3,6,4,4,5,10,4,1,False,True,False,False,False,False,True,False,True,False,False,False,False,False,False,True,False,True,True,False,False,False,False
21,76.19,78.35,58,47,85,89,52,93,71,90,1,5,3,9,1,3,1,4,True,False,False,False,False,True,False,False,False,True,False,False,False,False,True,False,True,False,True,False,False,False,False
20,80.28,99.0,66,60,55,57,100,58,68,59,6,10,3,4,4,1,1,3,False,True,False,False,True,False,False,False,False,False,False,True,False,True,False,False,True,False,False,True,False,False,False
19,63.5,83.75,60,74,47,72,50,33,60,86,9,6,4,5,3,3,0,1,False,True,False,False,False,False,True,False,False,False,False,True,False,False,False,True,True,False,False,False,True,False,False
17,95.71,78.47,80,83,82,75,41,46,43,79,1,2,8,3,3,4,3,1,True,False,False,False,False,False,True,True,False,False,False,False,False,False,False,True,True,False,False,True,False,False,False
21,83.28,94.3,77,78,83,80,51,40,72,80,9,1,2,1,2,2,1,4,False,True,False,False,False,False,True,False,False,False,False,True,True,False,False,False,True,False,False,False,False,False,True
24,75.19,50.72,83,49,95,68,35,63,51,86,5,4,9,2,6,2,2,3,False,True,False,True,False,False,False,True,False,False,False,False,True,False,False,False,False,True,False,False,False,True,False
20,80.61,87.59,53,64,79,40,55,45,98,72,5,2,1,4,1,6,2,5,False,True,False,False,False,False,True,False,False,False,True,False,False,False,False,True,False,True,False,False,False,False,True
19,87.67,72.68,66,84,49,88,54,39,98,89,7,1,2,2,5,2,3,4,True,False,False,False,False,False,True,False,False,False,False,True,False,False,False,True,True,False,False,False,False,False,True
23,79.53,87.74,69,85,57,79,57,35,70,91,10,4,6,1,5,7,2,5,True,False,False,False,False,False,True,False,False,False,False,True,False,False,False,True,True,False,False,False,False,False,True
17,73.62,60.37,94,71,73,76,71,74,93,92,4,3,2,2,6,10,0,4,False,True,False,False,False,False,True,False,True,False,False,False,False,False,False,True,True,False,False,False,True,False,False
21,72.69,82.75,95,66,69,71,54,49,96,88,8,4,6,3,6,1,1,1,True,False,False,False,False,False,True,False,False,False,False,True,False,False,False,True,True,False,False,False,True,False,False
19,88.6,71.21,68,48,62,67,83,31,57,90,2,2,8,5,3,5,2,1,True,False,False,True,False,False,False,False,False,True,False,False,True,False,False,False,True,False,False,False,False,True,False
18,78.67,82.02,62,96,67,80,61,70,96,93,9,2,3,5,1,6,3,5,False,True,False,False,False,False,True,False,False,False,False,True,False,False,False,True,False,True,False,False,True,False,False
20,75.47,86.78,86,71,61,90,78,60,85,82,10,3,4,3,3,3,1,5,False,True,False,False,False,False,True,False,False,False,False,True,False,False,False,True,False,True,False,False,False,False,True
19,74.4,68.81,86,75,54,99,36,59,85,100,3,4,9,4,4,2,2,1,True,False,False,False,False,False,True,True,False,False,False,False,False,False,False,True,False,True,False,True,False,False,False
19,77.23,83.49,70,86,48,100,35,43,83,98,10,4,3,2,4,1,3,2,False,True,False,False,False,False,True,False,False,False,False,True,False,False,False,True,False,True,False,False,True,False,False
20,85.04,79.74,78,88,93,96,67,35,91,86,4,1,10,4,4,4,4,0,True,False,False,False,False,False,True,False,False,True,False,False,False,False,False,True,False,True,True,False,False,False,False
17,72.46,62.32,72,77,81,63,83,35,92,51,1,10,3,2,2,5,0,4,False,True,False,False,True,False,False,False,False,False,False,True,False,True,False,False,True,False,False,False,False,False,True
19,81.0,76.88,56,94,54,80,56,78,72,74,2,1,5,3,5,10,3,3,True,False,False,False,False,False,True,False,True,False,False,False,False,False,False,True,True,False,True,False,False,False,False
20,83.7,81.28,84,84,72,86,47,41,64,82,4,2,3,1,1,10,2,3,False,True,False,False,False,False,True,False,True,False,False,False,False,False,False,True,True,False,True,False,False,False,False
22,81.59,77.45,75,90,83,86,61,69,87,80,2,5,10,5,1,3,2,6,True,False,False,False,False,False,True,True,False,False,False,False,False,False,False,True,True,False,False,False,True,False,False
19,87.19,77.67,99,48,79,80,58,57,94,71,6,4,10,6,5,5,3,4,False,True,False,True,False,False,False,False,False,True,False,False,True,False,False,False,True,False,False,False,False,True,False
19,70.92,99.0,91,90,95,82,50,38,80,91,2,5,10,5,6,2,1,5,False,True,False,False,False,False,True,False,False,True,False,False,False,False,False,True,False,True,True,False,False,False,False
20,81.87,94.61,95,81,47,97,54,36,97,86,10,1,3,1,7,7,4,4,True,False,False,False,False,False,True,False,False,False,False,True,False,False,False,True,False,True,False,False,True,False,False
22,71.22,70.87,61,75,82,70,45,60,72,73,2,2,10,2,6,6,3,4,True,False,False,True,False,False,False,False,False,True,False,False,True,False,False,False,False,True,False,True,False,False,False
20,96.61,69.36,89,74,80,100,84,57,64,84,10,2,1,2,6,2,4,7,True,False,False,False,False,False,True,True,False,False,False,False,False,False,False,True,False,True,False,True,False,False,False
20,69.65,70.59,79,80,86,88,51,59,75,83,6,4,5,1,2,10,0,1,False,True,False,False,False,False,True,False,True,False,False,False,False,False,False,True,True,False,False,False,True,False,False
20,80.35,58.93,77,71,59,88,42,64,57,77,2,6,6,4,2,7,1,5,False,False,True,False,False,False,True,False,True,False,False,False,False,False,False,True,False,True,True,False,False,False,False
20,70.44,83.86,57,46,90,65,84,48,87,93,2,6,5,5,6,2,3,2,False,True,False,False,False,False,True,True,False,False,False,False,False,False,False,True,True,False,False,False,False,True,False
20,77.87,68.26,67,45,86,70,44,73,49,100,8,7,1,1,6,5,1,2,True,False,False,False,False,False,True,False,False,False,True,False,False,False,False,True,False,True,False,False,False,True,False
19,78.92,74.59,60,44,51,79,75,51,65,72,5,9,1,5,4,3,2,3,False,True,False,False,True,False,False,False,False,False,False,True,False,True,False,False,False,True,False,False,False,False,True
20,74.93,82.0,63,86,90,75,68,38,74,90,1,5,7,3,6,5,4,3,True,False,False,False,False,False,True,False,False,True,False,False,False,False,False,True,True,False,True,False,False,False,False
21,75.49,80.45,80,100,38,95,39,56,55,64,10,4,7,4,6,1,2,5,True,False,False,False,False,False,True,False,False,False,False,True,False,False,False,True,True,False,False,False,True,False,False
18,81.22,57.39,79,91,67,70,59,75,96,100,7,1,3,2,4,5,7,5,True,False,False,False,False,False,True,True,False,False,False,False,False,False,False,True,False,True,False,False,True,False,False
17,75.53,62.6,82,71,49,69,86,31,90,51,2,10,3,2,2,6,1,0,True,False,False,False,True,False,False,False,False,False,False,True,False,True,False,False,True,False,False,False,False,False,True
20,77.9,72.54,100,73,95,71,37,71,59,76,5,4,8,5,6,10,2,4,True,False,False,False,False,False,True,False,True,False,False,False,False,False,False,True,False,True,False,False,True,False,False
17,87.52,93.83,69,76,54,82,99,40,58,83,6,10,4,5,6,5,3,6,True,False,False,False,True,False,False,False,False,False,False,True,False,True,False,False,False,True,False,False,False,False,True
21,92.57,87.02,89,94,74,81,72,51,99,78,9,4,2,1,1,6,3,3,True,False,False,False,False,False,True,False,False,False,False,True,False,False,False,True,True,False,False,False,True,False,False
20,77.81,65.71,81,57,72,85,52,37,49,83,3,1,7,1,7,1,1,4,False,True,False,True,False,False,False,True,False,False,False,False,True,False,False,False,False,True,False,True,False,False,False
21,83.71,66.45,67,98,75,80,41,51,73,98,10,2,2,1,6,5,1,2,True,False,False,False,False,False,True,False,False,False,False,True,False,False,False,True,False,True,True,False,False,False,False
21,62.56,85.84,100,52,41,77,68,41,79,93,5,3,7,2,8,4,4,5,True,False,False,True,False,False,False,True,False,False,False,False,True,False,False,False,False,True,False,False,False,True,False
23,73.32,76.53,62,65,70,72,87,66,87,100,1,4,5,3,2,10,0,4,True,False,False,False,False,False,True,False,True,False,False,False,False,False,False,True,False,True,False,False,True,False,False
19,75.45,68.89,100,97,91,80,76,58,56,76,10,1,1,5,7,3,1,3,False,True,False,False,False,False,True,False,False,False,False,True,False,False,False,True,True,False,False,False,True,False,False
18,78.94,94.91,97,96,81,84,60,51,66,100,10,3,3,6,4,3,4,0,True,False,False,False,False,False,True,False,False,False,False,True,False,False,False,True,True,False,False,False,False,False,True
22,71.1,89.33,84,93,90,91,68,35,71,71,10,4,3,3,1,4,4,2,False,False,True,False,False,False,True,False,False,False,False,True,False,False,False,True,True,False,True,False,False,False,False
19,81.53,74.52,100,71,82,64,89,35,58,71,5,2,9,1,3,7,3,4,False,True,False,True,False,False,False,False,False,True,False,False,True,False,False,False,True,False,True,False,False,False,False
21,88.93,84.67,64,80,60,82,76,53,55,93,7,4,2,1,7,5,2,5,False,True,False,False,False,False,True,False,False,False,False,True,True,False,False,False,False,True,False,False,True,False,False
23,71.99,81.99,77,61,56,58,93,61,93,64,4,5,3,6,8,5,5,3,False,True,False,False,False,False,True,False,False,False,True,False,False,False,False,True,True,False,False,False,True,False,False
21,82.02,81.09,90,70,76,76,85,40,80,99,6,1,9,4,6,2,0,5,False,False,True,False,False,False,True,True,False,False,False,False,False,False,False,True,True,False,False,False,True,False,False
21,83.61,67.62,57,81,81,93,61,49,90,77,9,5,2,5,5,4,4,5,True,False,False,False,False,False,True,False,False,False,False,True,False,False,False,True,True,False,False,False,False,False,True
22,73.76,70.42,84,65,45,81,76,74,70,81,3,5,10,2,6,1,0,5,True,False,False,False,False,False,True,False,False,True,False,False,False,False,False,True,True,False,True,False,False,False,False
21,71.49,77.03,65,69,85,82,64,76,60,89,7,7,5,6,2,10,3,6,True,False,False,False,False,False,True,False,True,False,False,False,False,False,False,True,True,False,True,False,False,False,False
18,75.98,76.95,60,40,59,77,79,49,57,71,3,10,1,5,2,5,2,5,False,True,False,False,True,False,False,False,False,False,False,True,False,True,False,False,False,True,False,False,False,False,True
18,85.86,75.31,93,82,72,92,71,41,96,75,4,8,3,5,1,10,2,4,False,True,False,False,False,False,True,False,True,False,False,False,False,False,False,True,True,False,False,False,True,False,False
19,69.01,73.7,70,89,84,87,74,41,58,79,3,6,5,6,2,7,0,2,True,False,False,False,False,False,True,False,True,False,False,False,False,False,False,True,False,True,False,False,True,False,False
20,86.82,94.2,98,100,86,96,51,62,66,91,10,5,3,6,6,1,2,2,True,False,False,False,False,False,True,False,False,False,False,True,False,False,False,True,True,False,False,False,False,False,True
23,80.29,82.62,100,76,76,51,35,66,48,80,10,1,7,4,4,1,3,3,False,True,False,False,False,False,True,False,False,False,False,True,True,False,False,False,True,False,False,False,False,False,True
21,80.79,77.12,73,90,93,90,59,37,88,89,5,2,9,6,3,5,3,1,True,False,False,False,False,False,True,False,False,True,False,False,False,False,False,True,False,True,True,False,False,False,False
18,68.1,77.6,91,100,92,79,82,59,83,100,10,3,4,4,4,4,1,5,False,True,False,False,False,False,True,False,False,False,False,True,False,False,False,True,True,False,True,False,False,False,False
17,75.86,74.78,83,93,82,79,59,80,85,91,5,5,10,6,2,6,1,8,True,False,False,False,False,False,True,True,False,False,False,False,False,False,False,True,False,True,False,False,True,False,False
23,78.12,68.33,53,68,91,78,61,59,100,100,2,1,10,3,5,1,2,5,True,False,False,True,False,False,False,False,False,True,False,False,True,False,False,False,True,False,False,False,False,True,False
19,81.22,68.47,60,59,65,55,53,71,51,77,1,6,5,1,3,4,3,3,False,True,False,False,False,False,True,False,False,False,False,True,False,False,False,True,False,True,False,False,False,False,True
18,93.64,89.26,97,77,53,64,83,80,55,98,6,4,10,6,3,1,3,2,True,False,False,True,False,False,False,False,False,True,False,False,True,False,False,False,False,True,True,False,False,False,False
20,63.96,80.42,64,44,72,85,80,57,66,82,6,10,5,3,1,4,2,8,False,False,True,False,True,False,False,False,False,False,False,True,False,True,False,False,False,True,False,False,False,False,True
17,74.5,96.14,98,70,54,82,74,39,95,82,4,4,9,2,4,4,4,0,True,False,False,False,False,False,True,True,False,False,False,False,False,False,False,True,True,False,False,True,False,False,False
21,76.29,73.87,82,97,75,95,89,35,47,72,10,1,4,2,4,1,2,5,False,True,False,False,False,False,True,False,False,False,False,True,False,False,False,True,True,False,False,False,True,False,False
17,74.13,78.4,89,87,57,79,50,43,98,92,6,2,1,1,5,10,2,2,True,False,False,False,False,False,True,False,True,False,False,False,False,False,False,True,True,False,True,False,False,False,False
20,73.77,66.49,63,98,57,62,65,43,50,83,7,3,5,6,2,1,2,2,False,True,False,False,False,False,True,False,False,False,False,True,True,False,False,False,True,False,False,False,False,False,True
17,76.18,81.2,81,78,66,80,93,53,64,72,3,10,2,1,6,2,0,4,False,True,False,False,True,False,False,False,False,False,False,True,False,True,False,False,True,False,False,False,False,False,True
21,84.41,79.45,95,75,52,78,67,41,87,71,9,3,6,1,3,8,1,2,True,False,False,False,False,False,True,False,False,False,False,True,True,False,False,False,False,True,False,False,True,False,False
21,78.61,69.02,71,100,83,84,59,35,73,75,4,3,10,1,2,2,1,3,False,True,False,False,False,False,True,True,False,False,False,False,False,False,False,True,True,False,False,False,True,False,False
19,79.03,73.33,52,68,59,82,69,64,76,93,8,4,4,6,10,1,1,1,False,False,True,False,False,False,True,False,False,False,True,False,False,False,False,True,True,False,True,False,False,False,False
22,85.54,72.87,71,48,100,70,47,100,60,82,2,1,5,10,3,4,3,4,False,True,False,False,False,True,False,False,False,True,False,False,False,False,True,False,True,False,False,False,False,True,False
20,75.95,90.41,53,73,78,44,49,48,100,69,5,1,1,4,1,6,1,7,False,True,False,False,False,False,True,True,False,False,False,False,False,False,False,True,False,True,False,False,False,False,True
20,72.56,64.2,61,44,63,53,85,53,87,81,1,1,5,4,2,1,1,0,False,True,False,True,False,False,False,False,True,False,False,False,True,False,False,False,True,False,False,True,False,False,False
19,86.33,77.13,85,48,94,64,84,69,78,91,4,5,10,5,4,3,1,4,True,False,False,True,False,False,False,False,False,True,False,False,True,False,False,False,True,False,True,False,False,False,False
17,74.66,87.33,61,62,47,87,72,68,76,94,1,4,10,7,4,1,3,6,False,True,False,True,False,False,False,False,False,True,False,False,True,False,False,False,False,True,False,False,False,True,False
19,66.53,81.28,86,92,85,80,70,61,71,69,3,4,8,5,7,8,1,2,True,False,False,False,False,False,True,False,True,False,False,False,False,False,False,True,True,False,False,False,True,False,False
20,63.43,97.89,63,67,87,55,95,80,75,87,3,10,3,6,3,4,1,6,False,True,False,False,True,False,False,False,False,False,False,True,False,True,False,False,True,False,False,True,False,False,False
21,73.97,84.46,83,65,81,81,89,61,82,72,7,10,1,6,4,1,2,1,False,True,False,False,True,False,False,False,False,False,False,True,False,True,False,False,True,False,False,False,False,False,True
21,89.34,61.03,94,84,67,97,59,51,79,92,10,6,6,1,4,2,2,4,False,True,False,False,False,False,True,False,False,False,False,True,False,False,False,True,True,False,False,False,True,False,False
21,92.81,79.2,79,100,52,76,85,76,60,77,5,2,7,4,5,5,1,1,False,True,False,False,False,False,True,True,False,False,False,False,False,False,False,True,False,True,False,True,False,False,False
21,74.74,70.99,88,96,100,72,62,46,60,97,8,4,1,4,1,4,4,0,True,False,False,False,False,False,True,False,False,False,False,True,False,False,False,True,True,False,True,False,False,False,False
17,67.01,97.66,93,88,67,99,78,56,96,73,1,2,2,2,3,7,2,3,False,True,False,False,False,False,True,False,True,False,False,False,False,False,False,True,True,False,True,False,False,False,False
17,78.63,76.39,89,49,75,67,45,49,84,99,1,3,10,4,1,1,1,4,False,True,False,True,False,False,False,False,False,True,False,False,True,False,False,False,True,False,False,False,False,True,False
19,82.1,91.67,97,75,93,93,62,45,75,93,4,5,5,6,3,7,3,3,True,False,False,False,False,False,True,False,True,False,False,False,False,False,False,True,True,False,False,False,True,False,False
17,78.28,70.41,70,76,85,65,88,86,60,55,4,8,5,3,3,7,0,3,True,False,False,False,False,True,False,False,False,False,True,False,False,False,True,False,True,False,True,False,False,False,False
19,81.22,67.94,97,76,55,61,85,44,61,96,6,5,10,6,2,1,1,3,False,True,False,True,False,False,False,False,False,True,False,False,True,False,False,False,True,False,True,False,False,False,False
18,75.02,72.8,65,80,49,74,59,69,58,80,6,1,1,6,9,5,3,0,True,False,False,False,False,False,True,False,False,False,True,False,False,False,False,True,True,False,True,False,False,False,False
19,80.64,82.77,60,90,68,100,41,57,72,77,10,4,1,2,3,3,2,8,False,True,False,False,False,False,True,False,False,False,False,True,False,False,False,True,False,True,False,False,False,False,True
19,82.3,66.38,58,44,87,60,84,40,52,78,1,8,5,3,4,4,1,5,False,True,False,False,True,False,False,False,False,False,False,True,False,True,False,False,False,True,False,False,False,False,True
19,79.52,55.0,61,53,59,44,77,55,94,70,3,2,4,4,3,3,1,4,True,False,False,False,True,False,False,False,True,False,False,False,False,True,False,False,True,False,True,False,False,False,False
19,64.46,78.11,86,93,62,73,49,50,60,95,8,3,1,3,2,2,0,1,True,False,False,False,False,False,True,True,False,False,False,False,False,False,False,True,True,False,False,False,True,False,False
19,93.01,81.24,90,84,84,93,69,59,89,73,6,3,9,6,6,2,1,4,True,False,False,False,False,False,True,True,False,False,False,False,False,False,False,True,True,False,False,False,True,False,False
20,92.35,72.44,66,88,58,85,49,43,70,73,1,1,9,2,2,3,1,1,True,False,False,False,False,False,True,False,False,True,False,False,False,False,False,True,False,True,True,False,False,False,False
20,81.61,89.1,90,91,85,97,84,76,91,92,2,5,2,1,5,8,2,2,True,False,False,False,False,False,True,False,True,False,False,False,False,False,False,True,True,False,False,False,True,False,False
21,81.54,84.55,73,97,47,68,62,78,79,78,8,1,1,6,3,3,0,3,True,False,False,False,False,False,True,False,False,False,False,True,True,False,False,False,True,False,False,False,False,False,True
21,89.12,76.07,100,93,76,93,66,67,98,86,10,1,1,8,7,7,2,3,False,True,False,False,False,False,True,True,False,False,False,False,False,False,False,True,True,False,False,True,False,False,False
19,85.03,83.91,91,91,81,100,55,35,78,77,1,2,8,3,10,6,1,6,False,True,False,False,False,False,True,False,False,False,True,False,False,False,False,True,True,False,True,False,False,False,False
19,73.84,74.95,67,57,47,72,84,43,100,78,6,3,5,2,2,8,0,3,True,False,False,False,False,False,True,False,True,False,False,False,False,False,False,True,True,False,False,False,False,True,False
19,90.17,63.89,85,70,61,97,35,43,76,100,6,4,7,5,3,3,7,3,False,True,False,False,False,False,True,False,False,True,False,False,False,False,False,True,True,False,True,False,False,False,False
19,62.9,81.61,83,93,76,100,54,67,80,91,9,7,1,5,1,1,2,0,True,False,False,False,False,False,True,False,False,False,False,True,False,False,False,True,True,False,False,False,True,False,False
21,66.96,69.19,72,96,91,100,37,50,89,92,3,4,3,1,10,2,5,0,False,True,False,False,False,False,True,False,False,False,True,False,False,False,False,True,True,False,True,False,False,False,False
18,67.16,82.81,75,49,83,60,73,41,78,98,4,1,10,1,2,4,1,3,True,False,False,True,False,False,False,False,False,True,False,False,True,False,False,False,True,False,True,False,False,False,False
19,86.78,73.97,54,56,57,45,58,36,57,72,6,5,5,2,3,2,3,5,True,False,False,False,False,False,True,True,False,False,False,False,False,False,False,True,False,True,False,False,False,True,False
18,77.56,75.28,86,85,64,70,56,44,56,80,6,3,9,1,1,2,3,4,True,False,False,False,False,False,True,True,False,False,False,False,False,False,False,True,True,False,False,True,False,False,False
17,79.72,64.16,77,89,63,77,63,43,59,71,10,1,2,6,5,1,1,5,True,False,False,False,False,False,True,False,False,False,False,True,True,False,False,False,False,True,False,False,False,False,True
17,74.88,62.91,60,100,60,88,61,77,90,88,10,4,4,5,4,2,1,3,True,False,False,False,False,False,True,False,False,False,False,True,False,False,False,True,True,False,True,False,False,False,False
18,78.68,89.25,81,95,83,77,51,71,64,95,10,5,2,1,1,3,7,1,False,False,True,False,False,False,True,False,False,False,False,True,False,False,False,True,True,False,False,False,True,False,False
19,85.72,77.38,69,99,59,75,75,76,69,97,10,3,3,8,2,1,2,4,False,False,True,False,False,False,True,False,False,False,False,True,False,False,False,True,False,True,False,False,True,False,False
21,71.24,86.15,65,40,89,61,91,44,93,89,2,6,3,7,6,5,2,2,False,True,False,False,False,False,True,False,True,False,False,False,False,False,False,True,True,False,False,False,False,True,False
17,71.65,66.86,89,70,84,79,54,80,73,72,4,3,10,6,4,6,0,2,True,False,False,False,False,False,True,False,False,True,False,False,False,False,False,True,True,False,True,False,False,False,False
22,82.31,71.95,74,72,87,96,69,60,71,70,2,1,3,3,3,10,2,0,False,True,False,False,False,False,True,False,True,False,False,False,False,False,False,True,True,False,False,False,True,False,False
19,93.09,68.52,77,78,69,100,81,49,92,87,4,3,10,6,5,3,1,3,False,True,False,False,False,False,True,False,False,True,False,False,False,False,False,True,True,False,True,False,False,False,False
21,76.95,89.11,48,58,53,86,93,69,67,68,3,10,3,1,4,3,3,4,True,False,False,False,True,False,False,False,False,False,False,True,False,True,False,False,True,False,False,False,False,False,True
20,86.01,87.48,68,64,90,62,48,74,95,85,5,1,4,10,2,3,1,5,True,False,False,False,False,True,False,False,False,True,False,False,False,False,True,False,False,True,True,False,False,False,False
20,71.42,77.68,89,76,54,55,88,62,82,83,8,4,1,1,2,4,4,8,True,False,False,False,False,False,True,False,False,False,False,True,True,False,False,False,False,True,False,False,True,False,False
17,66.26,79.76,45,71,59,59,73,59,100,76,5,2,4,3,1,2,0,4,False,True,False,False,False,False,True,False,False,False,True,False,True,False,False,False,False,True,False,False,False,True,False
19,91.17,88.36,100,75,71,88,77,51,82,100,1,2,1,8,10,1,0,4,True,False,False,False,False,False,True,False,False,False,True,False,False,False,False,True,True,False,True,False,False,False,False
19,77.76,87.65,98,98,81,84,76,64,86,89,10,2,5,5,5,1,2,3,False,True,False,False,False,False,True,False,False,False,False,True,False,False,False,True,True,False,False,False,True,False,False
21,65.52,96.33,92,97,75,66,84,73,93,92,7,6,10,6,4,6,0,1,True,False,False,False,False,False,True,False,False,True,False,False,False,False,False,True,True,False,True,False,False,False,False
17,65.54,90.46,57,61,56,82,97,37,57,71,5,10,1,2,2,1,0,0,False,False,True,False,True,False,False,False,False,False,False,True,False,True,False,False,False,True,False,False,False,False,True
19,68.62,72.22,84,49,47,84,72,48,82,100,1,1,9,6,2,5,0,2,False,True,False,True,False,False,False,False,False,True,False,False,True,False,False,False,False,True,False,False,False,True,False
18,76.44,85.4,93,70,60,78,83,47,85,65,3,10,5,7,5,1,4,3,True,False,False,False,True,False,False,False,False,False,False,True,False,True,False,False,True,False,False,False,False,False,True
20,84.16,63.41,67,59,52,56,82,41,66,51,6,4,6,5,3,2,1,0,False,True,False,False,True,False,False,True,False,False,False,False,False,True,False,False,True,False,False,False,False,False,True
20,86.79,75.39,48,61,54,66,92,31,72,60,4,10,5,5,6,6,0,8,False,False,True,False,True,False,False,False,False,False,False,True,False,True,False,False,False,True,False,False,False,False,True
22,80.64,68.16,73,65,49,88,79,60,70,77,9,2,1,5,4,1,4,0,False,True,False,False,False,False,True,False,False,False,False,True,False,False,False,True,True,False,True,False,False,False,False
19,91.33,77.99,67,83,77,74,40,96,92,90,1,8,7,10,2,7,6,5,False,False,True,False,False,True,False,False,False,True,False,False,False,False,True,False,False,True,False,False,False,True,False
17,81.42,84.64,98,73,69,74,64,64,55,70,1,5,7,3,5,1,1,2,False,True,False,False,False,False,True,True,False,False,False,False,False,False,False,True,False,True,False,True,False,False,False
18,73.22,68.53,91,92,62,79,64,83,97,84,4,3,10,7,6,6,0,7,False,True,False,False,False,False,True,True,False,False,False,False,False,False,False,True,False,True,False,True,False,False,False
18,89.59,94.59,94,69,89,70,45,55,79,75,3,3,5,5,5,7,1,2,True,False,False,False,False,False,True,False,True,False,False,False,False,False,False,True,True,False,True,False,False,False,False
19,88.83,89.34,66,76,62,81,76,74,68,90,3,1,4,2,3,10,2,7,True,False,False,False,False,False,True,False,True,False,False,False,False,False,False,True,False,True,False,False,True,False,False
22,71.55,67.37,78,77,83,89,51,60,82,87,7,3,4,6,4,1,5,3,False,True,False,False,False,False,True,False,False,False,False,True,True,False,False,False,False,True,False,False,False,False,True
22,73.96,53.75,83,90,64,97,76,47,87,81,10,5,4,5,3,1,4,0,True,False,False,False,False,False,True,False,False,False,False,True,False,False,False,True,True,False,False,False,True,False,False
20,89.79,84.64,85,80,76,72,76,57,55,80,9,3,1,4,1,7,2,5,False,True,False,False,False,False,True,False,False,False,False,True,True,False,False,False,False,True,False,False,False,False,True
17,68.36,97.38,62,84,59,91,65,38,100,72,7,1,6,5,4,4,2,2,False,True,False,False,False,False,True,False,False,False,False,True,False,False,False,True,True,False,False,False,False,False,True
21,83.17,68.81,75,58,89,62,45,63,58,75,1,1,10,4,3,4,1,4,True,False,False,True,False,False,False,False,False,True,False,False,True,False,False,False,True,False,False,False,False,True,False
20,78.18,93.73,72,82,95,81,51,35,68,78,10,3,4,1,2,2,0,1,False,True,False,False,False,False,True,False,False,False,False,True,True,False,False,False,True,False,False,False,False,False,True
22,69.92,89.36,89,80,80,71,69,49,63,92,7,3,3,1,4,6,2,6,True,False,False,False,False,False,True,False,False,False,False,True,False,False,False,True,False,True,False,False,True,False,False
19,69.26,69.31,85,69,67,83,73,35,63,100,1,6,2,7,10,6,1,4,True,False,False,False,False,False,True,False,False,False,True,False,False,False,False,True,False,True,True,False,False,False,False
19,75.03,59.22,64,61,76,87,49,32,61,76,5,5,8,5,6,5,2,3,True,False,False,True,False,False,False,False,False,True,False,False,True,False,False,False,True,False,True,False,False,False,False
21,73.0,80.97,69,65,56,58,93,60,80,63,3,7,3,7,6,4,4,2,False,True,False,False,False,False,True,False,False,False,True,False,False,False,False,True,True,False,False,False,True,False,False
19,65.55,85.58,97,79,96,77,61,73,91,96,10,2,1,6,5,5,3,1,False,True,False,False,False,False,True,False,False,False,False,True,False,False,False,True,True,False,False,False,False,False,True
21,90.89,83.96,84,94,58,73,77,51,95,96,9,6,4,4,5,1,1,3,False,True,False,False,False,False,True,True,False,False,False,False,False,False,False,True,True,False,False,False,True,False,False
21,68.29,83.14,88,78,53,96,56,57,99,95,4,1,4,5,3,10,3,6,False,True,False,False,False,False,True,False,True,False,False,False,False,False,False,True,False,True,True,False,False,False,False
21,87.05,92.27,69,70,78,81,71,77,77,86,2,2,10,3,3,1,4,4,True,False,False,True,False,False,False,True,False,False,False,False,True,False,False,False,True,False,False,False,False,True,False
17,83.32,77.43,94,100,78,80,43,48,48,78,6,2,10,4,2,6,1,2,False,True,False,False,False,False,True,False,False,True,False,False,False,False,False,True,False,True,True,False,False,False,False
20,82.03,67.65,64,85,82,76,77,80,57,84,7,6,2,6,3,3,0,0,True,False,False,False,False,False,True,False,False,False,False,True,False,False,False,True,True,False,False,False,False,False,True
18,87.32,76.66,96,92,69,99,75,66,69,87,7,4,2,6,5,4,2,7,True,False,False,False,False,False,True,True,False,False,False,False,False,False,False,True,False,True,False,True,False,False,False
17,85.19,87.75,98,83,64,69,40,46,88,90,10,3,4,3,6,1,2,5,False,True,False,False,False,False,True,False,False,False,False,True,False,False,False,True,True,False,False,False,True,False,False
19,78.86,90.52,89,100,87,95,49,60,70,87,10,5,2,7,4,3,2,2,True,False,False,False,False,False,True,False,False,False,False,True,False,False,False,True,True,False,False,False,False,False,True
22,76.13,70.97,89,71,48,82,50,65,66,91,8,6,4,5,6,4,2,5,True,False,False,False,False,False,True,False,False,False,False,True,False,False,False,True,False,True,True,False,False,False,False
18,75.21,92.51,76,97,84,82,37,40,54,73,1,5,9,4,6,6,2,2,False,True,False,False,False,False,True,True,False,False,False,False,False,False,False,True,True,False,False,False,True,False,False
21,86.58,73.16,70,77,85,89,65,54,71,75,3,2,4,3,1,8,1,0,False,True,False,False,False,False,True,False,True,False,False,False,False,False,False,True,True,False,False,False,True,False,False
18,73.52,86.63,82,73,53,79,64,35,68,81,6,1,5,1,1,7,1,1,False,True,False,False,False,False,True,False,False,False,False,True,True,False,False,False,True,False,False,False,True,False,False
21,79.61,91.6,80,63,61,62,85,64,68,74,4,2,7,3,3,3,3,2,True,False,False,True,False,False,False,False,False,True,False,False,True,False,False,False,True,False,False,False,False,True,False
18,85.14,83.66,89,91,90,93,39,76,60,83,10,6,2,6,4,2,1,4,True,False,False,False,False,False,True,False,False,False,False,True,False,False,False,True,True,False,False,False,False,False,True
18,71.29,72.27,99,77,47,89,59,67,73,89,1,1,8,7,1,10,3,3,True,False,False,False,False,False,True,False,True,False,False,False,False,False,False,True,True,False,False,False,True,False,False
18,94.06,66.53,64,65,67,97,76,48,91,89,10,3,2,7,2,4,3,1,True,False,False,False,False,False,True,False,False,False,False,True,False,False,False,True,True,False,False,False,False,False,True
18,70.21,69.91,69,68,71,58,76,76,62,81,3,2,4,10,4,1,5,3,False,True,False,False,False,True,False,False,False,True,False,False,False,False,True,False,False,True,False,False,False,True,False
22,80.46,80.62,46,74,73,59,71,81,94,73,1,3,9,5,1,7,3,8,True,False,False,False,False,True,False,False,False,True,False,False,False,False,True,False,False,True,False,False,False,True,False
19,62.89,82.81,84,79,75,85,72,38,73,78,3,1,8,2,4,4,4,4,False,True,False,False,False,False,True,True,False,False,False,False,False,False,False,True,False,True,False,False,True,False,False
21,83.59,89.17,62,52,67,72,89,43,94,89,4,4,7,7,1,8,4,6,False,True,False,False,True,False,False,False,False,False,False,True,False,True,False,False,False,True,False,False,False,False,True
18,65.38,82.7,61,63,70,75,91,35,80,61,1,10,2,1,4,2,3,7,True,False,False,False,True,False,False,False,False,False,False,True,False,True,False,False,False,True,False,False,False,False,True
19,97.13,72.8,90,90,88,77,36,81,62,99,9,1,1,3,7,5,2,6,False,True,False,False,False,False,True,False,False,False,False,True,True,False,False,False,True,False,False,False,True,False,False
21,97.87,88.59,98,93,47,70,50,33,56,96,5,6,5,5,2,10,0,2,False,True,False,False,False,False,True,False,True,False,False,False,False,False,False,True,True,False,False,False,True,False,False
20,88.02,81.63,89,82,63,93,75,35,64,93,3,3,4,1,10,3,4,5,True,False,False,False,False,False,True,False,False,False,True,False,False,False,False,True,False,True,True,False,False,False,False
19,77.75,75.39,66,66,67,57,74,61,99,76,10,3,3,5,4,5,3,3,True,False,False,False,False,False,True,False,False,False,False,True,True,False,False,False,True,False,False,False,True,False,False
24,83.68,71.98,52,39,94,37,68,78,52,99,1,4,3,3,6,5,2,2,False,True,False,False,False,False,True,False,False,False,True,False,False,False,False,True,True,False,False,False,True,False,False
20,89.35,88.87,74,40,40,78,77,35,94,79,6,3,10,5,4,1,4,4,False,True,False,True,False,False,False,False,False,True,False,False,True,False,False,False,False,True,False,False,False,True,False
19,76.22,83.47,63,83,53,100,35,35,92,94,9,1,3,6,5,3,2,1,False,True,False,False,False,False,True,False,False,False,False,True,False,False,False,True,False,True,False,False,True,False,False
20,87.09,79.46,82,80,59,72,85,60,80,82,8,1,6,2,2,4,1,4,False,True,False,False,False,False,True,False,False,False,False,True,True,False,False,False,True,False,False,False,True,False,False
22,70.8,90.81,80,67,88,57,51,34,95,85,9,2,2,3,6,6,2,1,False,True,False,False,False,False,True,False,False,False,False,True,True,False,False,False,False,True,False,False,True,False,False
19,69.73,65.78,74,88,48,73,38,67,66,98,8,1,1,1,2,2,0,3,True,False,False,False,False,False,True,False,False,False,False,True,True,False,False,False,True,False,False,False,False,False,True
22,87.44,84.96,55,69,44,85,87,63,82,58,1,10,4,5,4,4,6,3,True,False,False,False,True,False,False,False,False,False,False,True,False,True,False,False,True,False,False,False,False,False,True
20,82.59,73.29,89,92,88,96,62,35,72,92,10,3,1,2,2,1,4,2,False,True,False,False,False,False,True,False,False,False,False,True,False,False,False,True,False,True,True,False,False,False,False
18,76.69,95.88,76,75,89,97,54,41,56,70,6,3,2,4,4,10,2,4,True,False,False,False,False,False,True,False,True,False,False,False,False,False,False,True,True,False,True,False,False,False,False
20,84.6,74.46,75,92,79,90,65,39,77,87,2,3,2,5,9,4,2,5,True,False,False,False,False,False,True,False,False,False,True,False,False,False,False,True,False,True,True,False,False,False,False
18,73.53,83.38,75,55,72,85,53,58,81,82,3,5,10,2,4,1,0,1,True,False,False,True,False,False,False,False,False,True,False,False,True,False,False,False,True,False,True,False,False,False,False
19,69.86,55.0,89,84,86,84,63,80,56,95,2,2,1,2,9,4,2,4,False,True,False,False,False,False,True,False,False,False,True,False,False,False,False,True,True,False,True,False,False,False,False
17,83.7,84.03,69,97,75,91,54,53,77,89,7,2,5,4,3,4,2,4,False,True,False,False,False,False,True,True,False,False,False,False,False,False,False,True,False,True,False,True,False,False,False
17,76.71,84.71,93,85,67,69,66,30,90,89,7,6,3,3,2,4,1,1,False,True,False,False,False,False,True,False,False,False,False,True,True,False,False,False,False,True,False,False,True,False,False
20,79.29,74.66,87,49,43,97,67,52,86,99,1,1,10,7,8,1,2,1,True,False,False,True,False,False,False,True,False,False,False,False,True,False,False,False,True,False,False,False,True,False,False
18,74.94,87.56,57,66,75,53,38,61,69,90,8,5,3,2,1,4,7,2,False,True,False,False,False,False,True,False,False,False,False,True,False,False,False,True,True,False,False,False,True,False,False
17,85.3,73.94,99,70,53,84,60,55,62,95,8,1,2,3,3,1,0,2,False,True,False,False,False,False,True,True,False,False,False,False,False,False,False,True,True,False,False,True,False,False,False
21,87.48,79.29,68,97,50,87,57,35,70,89,10,6,1,7,5,1,1,5,True,False,False,False,False,False,True,False,False,False,False,True,False,False,False,True,True,False,False,False,False,False,True
18,88.85,81.5,68,100,52,93,62,73,80,84,1,4,5,6,10,3,0,2,True,False,False,False,False,False,True,False,False,False,True,False,False,False,False,True,True,False,True,False,False,False,False
17,78.47,57.72,74,74,57,70,93,35,92,47,2,10,1,2,1,6,1,0,True,False,False,False,True,False,False,False,False,False,False,True,False,True,False,False,True,False,False,False,False,False,True
20,78.75,62.85,93,96,49,84,48,75,71,86,10,2,5,3,1,5,1,1,True,False,False,False,False,False,True,False,False,False,False,True,False,False,False,True,False,True,False,False,True,False,False
20,80.93,61.16,75,66,57,94,59,55,52,86,10,6,5,1,4,5,3,6,False,True,False,False,False,False,True,False,False,False,False,True,False,False,False,True,False,True,False,False,True,False,False
19,77.42,63.58,72,82,88,75,74,69,88,79,10,5,7,7,1,4,2,5,False,True,False,False,False,False,True,False,False,False,False,True,False,False,False,True,True,False,False,False,False,False,True
21,77.12,58.04,81,94,61,97,74,46,83,89,10,3,4,4,1,2,3,1,True,False,False,False,False,False,True,False,False,False,False,True,False,False,False,True,True,False,False,False,True,False,False
20,82.96,72.5,90,94,58,90,47,76,81,85,10,1,2,2,3,1,2,1,True,False,False,False,False,False,True,True,False,False,False,False,False,False,False,True,True,False,False,False,True,False,False
22,72.02,63.36,71,99,84,100,57,53,65,70,1,3,8,4,5,3,2,1,True,False,False,False,False,False,True,True,False,False,False,False,False,False,False,True,True,False,False,True,False,False,False
20,75.47,94.69,100,70,68,75,39,62,66,84,4,1,10,6,7,4,3,5,False,True,False,False,False,False,True,False,False,True,False,False,False,False,False,True,True,False,True,False,False,False,False
18,88.93,70.69,64,74,51,97,39,58,67,87,4,7,5,5,10,3,3,1,False,True,False,False,False,False,True,False,False,False,True,False,False,False,False,True,True,False,True,False,False,False,False
19,79.71,60.4,73,77,52,99,54,60,53,87,10,8,5,2,5,5,2,8,False,True,False,False,False,False,True,False,False,False,False,True,False,False,False,True,False,True,False,False,True,False,False
20,81.06,88.41,60,87,70,75,74,80,69,96,10,6,6,5,4,1,0,1,True,False,False,False,False,False,True,True,False,False,False,False,False,False,False,True,False,True,False,True,False,False,False
21,85.35,82.47,69,82,62,76,78,48,55,87,8,1,1,3,4,7,3,6,False,True,False,False,False,False,True,False,False,False,False,True,True,False,False,False,False,True,False,False,True,False,False
18,78.71,76.88,50,62,57,87,88,35,91,79,4,10,1,3,6,8,2,3,True,False,False,False,True,False,False,False,False,False,False,True,False,True,False,False,False,True,False,False,False,False,True
18,83.19,92.68,68,68,70,71,79,81,70,70,2,2,7,7,8,7,2,5,True,False,False,False,False,True,False,False,False,True,False,False,False,False,True,False,False,True,True,False,False,False,False
21,63.38,84.66,95,81,81,78,59,75,57,72,9,4,5,3,4,6,0,2,True,False,False,False,False,False,True,False,False,False,False,True,False,False,False,True,True,False,False,False,False,False,True
21,69.75,73.33,46,63,73,62,43,81,70,92,8,5,3,4,1,4,3,4,False,False,True,False,False,False,True,True,False,False,False,False,False,False,False,True,False,True,False,True,False,False,False
21,82.58,70.16,74,77,58,96,59,71,92,71,8,1,3,3,3,6,3,2,True,False,False,False,False,False,True,True,False,False,False,False,False,False,False,True,True,False,False,False,True,False,False
24,75.92,59.37,94,81,49,100,58,53,97,76,1,2,5,6,10,6,1,2,True,False,False,False,False,False,True,False,False,False,True,False,False,False,False,True,True,False,True,False,False,False,False
19,81.94,57.26,83,74,93,78,46,69,51,100,8,5,5,3,3,5,1,6,False,True,False,False,False,False,True,True,False,False,False,False,False,False,False,True,False,True,False,False,True,False,False
19,76.03,89.77,77,80,55,82,67,39,65,87,7,2,6,1,2,5,1,2,False,True,False,False,False,False,True,False,False,False,False,True,True,False,False,False,True,False,False,False,True,False,False
19,72.58,68.32,66,35,70,79,78,49,89,85,3,4,10,1,3,5,3,5,False,True,False,True,False,False,False,False,False,True,False,False,True,False,False,False,False,True,False,False,False,True,False
17,73.83,78.25,74,97,100,100,46,35,91,75,7,8,4,2,1,10,2,4,False,True,False,False,False,False,True,False,True,False,False,False,False,False,False,True,True,False,True,False,False,False,False
18,74.43,66.3,80,64,56,62,41,43,44,86,10,2,5,2,4,1,4,3,False,True,False,False,False,False,True,False,False,False,False,True,True,False,False,False,True,False,False,False,False,False,True
17,94.64,87.12,88,82,75,89,35,69,48,73,4,6,2,1,10,1,6,0,True,False,False,False,False,False,True,False,False,False,True,False,False,False,False,True,True,False,True,False,False,False,False
20,95.76,93.5,84,67,49,85,46,36,73,82,7,1,1,2,1,3,2,3,True,False,False,False,False,False,True,False,False,False,False,True,False,False,False,True,True,False,False,False,False,False,True
17,58.57,92.09,86,83,54,79,78,39,56,66,1,4,9,8,3,4,2,3,False,True,False,False,False,False,True,True,False,False,False,False,False,False,False,True,True,False,False,False,True,False,False
19,71.1,79.6,62,88,77,83,70,74,53,80,9,4,6,4,5,2,1,4,False,False,True,False,False,False,True,False,False,False,False,True,False,False,False,True,True,False,False,False,True,False,False
20,69.76,78.16,61,53,55,67,83,45,99,84,5,4,6,2,3,4,1,1,True,False,False,False,False,False,True,False,True,False,False,False,False,False,False,True,True,False,False,False,False,True,False
18,72.97,61.46,76,79,86,84,35,76,66,97,5,1,4,7,3,10,3,3,False,True,False,False,False,False,True,False,True,False,False,False,False,False,False,True,True,False,True,False,False,False,False
19,99.0,81.03,77,74,65,79,66,88,61,94,3,4,4,6,10,2,0,1,True,False,False,False,False,False,True,False,False,False,True,False,False,False,False,True,True,False,True,False,False,False,False
17,68.7,80.53,76,81,86,88,87,56,82,84,5,2,7,5,10,5,1,5,False,True,False,False,False,False,True,False,False,False,True,False,False,False,False,True,True,False,True,False,False,False,False
21,78.5,81.39,76,98,88,76,80,66,54,84,8,4,4,3,2,6,2,3,True,False,False,False,False,False,True,True,False,False,False,False,False,False,False,True,False,True,False,True,False,False,False
21,76.86,65.4,50,65,85,49,62,35,79,72,1,1,6,3,4,9,2,3,False,True,False,False,False,False,True,False,True,False,False,False,False,False,False,True,True,False,True,False,False,False,False
19,76.89,79.59,86,41,85,89,58,45,89,78,6,4,8,5,6,6,2,2,False,True,False,True,False,False,False,False,False,True,False,False,True,False,False,False,True,False,False,False,True,False,False
23,73.37,74.34,71,82,85,83,48,53,73,75,3,4,8,2,4,6,2,5,True,False,False,True,False,False,False,True,False,False,False,False,True,False,False,False,False,True,False,True,False,False,False
23,79.17,89.29,46,46,54,67,100,65,65,87,2,10,2,4,4,6,2,3,False,True,False,False,True,False,False,False,False,False,False,True,False,True,False,False,True,False,False,False,False,False,True
20,68.29,66.58,84,100,80,100,66,74,80,100,1,1,10,3,8,4,2,1,True,False,False,False,False,False,True,True,False,False,False,False,False,False,False,True,True,False,False,True,False,False,False
17,82.55,92.77,88,67,57,92,61,70,63,89,10,7,2,3,3,1,4,4,False,True,False,False,False,False,True,False,False,False,False,True,False,False,False,True,False,True,False,False,True,False,False
19,77.63,91.15,68,82,71,100,69,67,80,86,6,4,1,5,10,3,0,3,False,True,False,False,False,False,True,False,False,False,True,False,False,False,False,True,True,False,True,False,False,False,False
21,73.8,90.07,72,60,93,82,55,77,100,63,6,4,2,8,2,6,3,2,False,False,True,False,False,True,False,False,False,True,False,False,False,False,True,False,True,False,True,False,False,False,False
18,96.59,64.87,100,83,75,71,78,58,60,91,10,3,3,2,3,1,1,2,True,False,False,False,False,False,True,False,False,False,False,True,False,False,False,True,True,False,False,False,True,False,False
19,68.21,79.27,93,98,99,88,76,69,76,88,10,1,6,5,1,3,1,6,False,True,False,False,False,False,True,False,False,False,False,True,False,False,False,True,True,False,True,False,False,False,False
22,75.71,84.43,81,94,88,85,70,39,66,71,9,2,3,5,2,3,4,0,False,False,True,False,False,False,True,False,False,False,False,True,False,False,False,True,True,False,True,False,False,False,False
19,83.46,59.42,87,94,45,99,55,66,75,72,1,6,10,3,3,6,2,4,False,False,True,False,False,False,True,True,False,False,False,False,False,False,False,True,True,False,False,False,True,False,False
19,90.09,65.52,87,76,80,96,76,37,56,100,10,5,4,4,2,7,3,2,True,False,False,False,False,False,True,True,False,False,False,False,False,False,False,True,True,False,False,True,False,False,False
19,78.62,78.32,72,52,46,87,60,54,87,92,1,1,10,5,6,1,1,1,True,False,False,True,False,False,False,False,False,True,False,False,True,False,False,False,True,False,False,False,True,False,False
21,73.8,70.09,89,90,100,69,42,58,54,77,9,1,1,8,6,2,4,5,True,False,False,False,False,False,True,False,False,False,False,True,True,False,False,False,True,False,False,False,True,False,False
21,69.74,65.32,93,67,69,84,78,55,56,82,9,5,3,2,4,4,3,0,False,True,False,False,False,False,True,False,False,False,False,True,False,False,False,True,True,False,True,False,False,False,False
22,84.1,91.86,100,70,59,89,61,35,91,78,5,4,10,3,2,4,1,4,False,True,False,True,False,False,False,True,False,False,False,False,True,False,False,False,True,False,False,False,True,False,False
19,66.99,89.87,68,56,57,63,74,55,83,95,2,3,2,5,6,1,1,3,True,False,False,False,False,False,True,False,False,False,True,False,False,False,False,True,True,False,True,False,False,False,False
20,79.43,77.04,69,91,85,77,73,35,76,96,3,4,10,1,7,7,4,5,True,False,False,False,False,False,True,False,False,True,False,False,False,False,False,True,True,False,True,False,False,False,False
17,90.79,83.86,68,99,74,92,80,52,83,86,7,2,1,4,10,5,3,2,True,False,False,False,False,False,True,False,False,False,True,False,False,False,False,True,True,False,True,False,False,False,False
19,87.13,92.25,85,69,46,74,48,41,91,96,8,4,4,4,5,4,0,4,True,False,False,False,False,False,True,False,False,False,False,True,False,False,False,True,True,False,False,False,True,False,False
17,80.04,82.31,79,80,79,96,74,48,61,91,3,5,9,2,1,3,3,3,False,True,False,False,False,False,True,True,False,False,False,False,False,False,False,True,True,False,False,True,False,False,False
20,76.41,64.7,77,73,66,85,36,42,82,77,9,1,6,3,6,5,2,1,True,False,False,False,False,False,True,False,False,False,False,True,False,False,False,True,False,True,False,False,True,False,False
20,70.23,92.39,88,93,67,72,76,74,95,84,5,4,9,5,4,6,0,2,True,False,False,False,False,False,True,False,False,True,False,False,False,False,False,True,True,False,True,False,False,False,False
20,81.7,82.54,44,58,58,56,80,65,62,65,6,6,8,4,3,3,5,3,True,False,False,False,True,False,False,False,False,False,False,True,False,True,False,False,True,False,False,False,False,False,True
20,74.03,73.91,77,68,53,95,62,35,65,74,7,1,10,3,7,2,0,2,True,False,False,True,False,False,False,True,False,False,False,False,True,False,False,False,True,False,False,True,False,False,False
19,96.87,61.38,67,100,58,78,47,64,86,79,10,4,2,7,1,3,3,1,False,True,False,False,False,False,True,False,False,False,False,True,False,False,False,True,False,True,True,False,False,False,False
17,64.82,72.22,48,46,62,41,48,39,71,91,3,1,2,4,5,3,0,2,True,False,False,False,False,False,True,False,False,False,False,True,True,False,False,False,True,False,True,False,False,False,False
20,78.23,77.85,73,94,69,89,66,61,74,88,5,6,3,1,8,2,1,1,True,False,False,False,False,False,True,False,False,False,True,False,False,False,False,True,True,False,True,False,False,False,False
19,71.08,76.02,89,92,91,85,78,66,75,95,9,1,4,6,3,3,1,4,False,True,False,False,False,False,True,False,False,False,False,True,False,False,False,True,True,False,True,False,False,False,False
20,74.86,89.54,79,75,82,81,56,36,65,71,3,5,9,1,2,6,2,4,False,True,False,True,False,False,False,False,False,True,False,False,True,False,False,False,False,True,False,False,True,False,False
19,80.42,57.1,75,74,51,89,82,35,53,78,8,5,4,4,2,5,1,2,True,False,False,False,False,False,True,True,False,False,False,False,False,False,False,True,True,False,False,False,True,False,False
17,96.19,66.21,75,61,57,36,66,35,95,74,1,3,6,5,3,10,2,3,True,False,False,False,False,False,True,False,True,False,False,False,False,False,False,True,True,False,True,False,False,False,False
21,80.1,57.62,69,99,66,82,79,44,95,88,3,3,10,3,6,6,2,5,False,True,False,False,False,False,True,True,False,False,False,False,False,False,False,True,False,True,False,False,True,False,False
19,92.03,73.77,51,76,72,56,86,39,63,78,4,7,1,3,2,2,1,2,False,True,False,False,True,False,False,False,False,False,False,True,False,True,False,False,False,True,False,False,False,False,True
20,96.15,87.4,49,48,89,49,58,56,89,100,3,6,6,4,10,5,2,2,True,False,False,False,False,False,True,False,False,False,True,False,False,False,False,True,True,False,False,False,False,False,True
17,69.46,71.67,51,42,63,60,88,64,76,85,3,10,1,3,4,1,1,2,False,True,False,False,True,False,False,False,False,False,False,True,False,True,False,False,True,False,False,False,False,False,True
19,94.3,79.64,67,88,63,72,43,41,53,85,2,2,5,3,3,10,0,5,False,True,False,False,False,False,True,False,True,False,False,False,False,False,False,True,True,False,True,False,False,False,False
18,96.31,79.77,75,100,91,100,38,53,92,100,6,1,3,3,7,7,1,1,False,False,True,False,False,False,True,True,False,False,False,False,False,False,False,True,True,False,False,False,True,False,False
20,89.33,76.46,76,50,86,50,35,86,74,90,7,1,5,10,1,5,0,2,False,True,False,False,False,True,False,False,False,True,False,False,False,False,True,False,True,False,False,False,False,True,False
19,82.65,73.78,55,53,71,92,53,83,53,86,8,4,6,8,1,7,0,4,True,False,False,False,False,True,False,False,False,True,False,False,False,False,True,False,True,False,False,False,False,True,False
18,90.69,78.38,83,58,81,77,62,83,77,51,4,1,4,6,6,1,5,1,True,False,False,False,False,True,False,False,False,True,False,False,False,False,True,False,True,False,True,False,False,False,False
19,82.54,83.14,72,100,79,79,67,35,85,88,4,8,9,2,1,3,2,5,False,True,False,False,False,False,True,True,False,False,False,False,False,False,False,True,True,False,False,True,False,False,False
19,81.3,67.86,74,74,86,66,93,35,95,66,4,10,3,6,2,4,2,1,False,True,False,False,True,False,False,False,False,False,False,True,False,True,False,False,True,False,False,False,False,False,True
20,67.68,67.32,56,58,77,78,93,49,67,58,8,10,4,4,3,1,0,3,True,False,False,False,True,False,False,False,False,False,False,True,False,True,False,False,True,False,False,False,False,False,True
22,68.72,76.88,87,98,81,91,54,82,80,86,4,2,9,1,6,4,3,3,False,True,False,False,False,False,True,True,False,False,False,False,False,False,False,True,True,False,False,False,True,False,False
19,77.0,69.74,63,90,60,89,36,41,88,86,8,5,5,1,2,2,1,1,True,False,False,False,False,False,True,True,False,False,False,False,False,False,False,True,True,False,False,False,True,False,False
17,92.97,81.66,50,48,79,78,93,44,100,52,1,10,2,1,5,5,2,3,False,True,False,False,True,False,False,False,False,False,False,True,False,True,False,False,True,False,False,False,False,False,True
17,90.28,75.95,65,60,65,70,84,76,55,71,6,2,6,5,6,4,2,2,False,True,False,True,False,False,False,True,False,False,False,False,True,False,False,False,False,True,False,False,False,False,True
18,79.19,79.82,75,85,67,68,71,43,75,98,7,5,5,8,4,4,3,4,False,True,False,False,False,False,True,False,False,False,False,True,True,False,False,False,True,False,False,False,True,False,False
19,72.63,69.51,70,72,67,90,85,46,86,76,6,7,3,1,3,5,4,0,True,False,False,False,True,False,False,False,False,False,False,True,False,True,False,False,True,False,False,False,False,False,True
20,84.16,71.27,78,72,46,69,76,41,71,76,10,4,2,6,3,4,5,3,True,False,False,False,False,False,True,False,False,False,False,True,False,False,False,True,True,False,False,False,False,False,True
17,87.18,55.72,39,47,58,58,63,73,83,88,4,4,6,2,1,1,0,3,True,False,False,True,False,False,False,True,False,False,False,False,True,False,False,False,True,False,False,False,False,False,True
20,73.49,77.72,85,82,92,94,55,78,73,98,7,2,4,1,1,2,2,0,False,True,False,False,False,False,True,True,False,False,False,False,False,False,False,True,True,False,False,True,False,False,False
18,82.66,74.83,77,94,52,80,69,77,59,91,10,4,3,4,4,1,3,5,False,False,True,False,False,False,True,False,False,False,False,True,False,False,False,True,False,True,False,False,True,False,False
19,86.39,77.96,59,80,84,88,40,71,91,58,2,5,3,8,1,1,1,3,True,False,False,False,False,True,False,False,False,True,False,False,False,False,True,False,True,False,True,False,False,False,False
19,81.68,72.02,70,82,51,73,36,67,50,82,7,6,4,3,3,6,3,4,True,False,False,False,False,False,True,False,False,False,False,True,True,False,False,False,True,False,False,False,False,False,True
19,68.06,80.57,64,66,72,70,94,37,85,59,3,9,2,1,6,1,2,5,True,False,False,False,True,False,False,False,False,False,False,True,False,True,False,False,False,True,False,False,False,False,True
17,68.23,69.31,61,45,97,60,94,44,71,63,1,10,1,2,5,7,1,4,True,False,False,False,True,False,False,False,False,False,False,True,False,True,False,False,True,False,False,False,False,True,False
17,99.0,84.82,86,75,74,100,73,84,89,100,2,4,1,3,10,3,5,2,False,True,False,False,False,False,True,False,False,False,True,False,False,False,False,True,True,False,True,False,False,False,False
19,86.05,65.36,79,84,92,98,50,41,98,72,9,4,5,2,3,1,1,1,True,False,False,False,False,False,True,False,False,False,False,True,False,False,False,True,True,False,True,False,False,False,False
20,89.43,70.3,49,58,69,64,79,43,69,56,2,10,1,1,3,5,2,4,True,False,False,False,True,False,False,False,False,False,False,True,False,True,False,False,False,True,False,False,False,False,True
20,74.85,87.2,90,80,55,89,90,71,73,89,5,1,10,2,2,1,4,6,True,False,False,False,False,False,True,False,False,True,False,False,False,False,False,True,False,True,True,False,False,False,False
17,71.21,81.0,96,80,64,73,47,47,91,94,6,3,2,1,6,10,1,2,True,False,False,False,False,False,True,False,True,False,False,False,False,False,False,True,True,False,True,False,False,False,False
18,77.54,76.17,100,96,64,100,66,55,66,87,10,5,1,4,3,3,1,3,True,False,False,False,False,False,True,True,False,False,False,False,False,False,False,True,True,False,False,True,False,False,False
22,90.64,73.58,63,44,78,53,59,85,54,89,3,5,7,2,5,3,0,1,False,True,False,False,False,True,False,False,False,False,False,True,False,False,True,False,True,False,False,False,True,False,False
19,98.0,86.06,80,56,70,70,87,80,64,47,5,3,5,8,4,2,2,4,True,False,False,False,False,True,False,False,False,True,False,False,False,False,True,False,True,False,False,False,False,True,False
21,89.32,79.89,40,57,55,44,80,65,77,82,6,6,5,2,6,6,0,3,True,False,False,False,False,False,True,False,False,True,False,False,True,False,False,False,True,False,False,False,False,True,False
22,84.64,85.12,74,57,64,81,98,46,74,60,2,9,3,2,2,1,1,2,False,True,False,False,True,False,False,False,False,False,False,True,False,True,False,False,False,True,False,False,False,False,True
18,78.12,70.81,48,69,52,57,92,69,97,70,3,10,1,1,6,2,2,7,False,True,False,False,True,False,False,False,False,False,False,True,False,True,False,False,False,True,False,False,False,False,True
20,83.29,72.15,74,79,54,80,93,57,91,88,4,3,9,3,3,3,2,3,True,False,False,False,False,False,True,True,False,False,False,False,False,False,False,True,True,False,False,True,False,False,False
19,71.86,80.31,100,100,69,100,70,52,87,92,4,3,9,6,3,6,5,6,False,True,False,False,False,False,True,True,False,False,False,False,False,False,False,True,True,False,False,True,False,False,False
20,74.47,78.62,63,49,88,62,35,36,54,100,7,7,4,3,3,3,1,2,True,False,False,False,False,False,True,True,False,False,False,False,False,False,False,True,True,False,False,False,True,False,False
17,89.92,55.15,100,80,73,87,39,59,91,78,10,4,1,1,6,1,2,0,False,True,False,False,False,False,True,False,False,False,False,True,False,False,False,True,False,True,True,False,False,False,False
20,67.3,81.54,99,40,47,63,74,43,86,85,3,4,7,3,6,5,3,5,True,False,False,True,False,False,False,False,False,True,False,False,True,False,False,False,False,True,False,False,False,True,False
24,87.15,66.08,65,98,87,90,64,34,72,89,7,4,1,2,4,3,2,1,False,True,False,False,False,False,True,False,False,False,False,True,False,False,False,True,True,False,False,False,False,False,True
20,80.61,94.01,64,59,68,69,77,42,86,88,4,4,6,6,1,6,5,6,False,True,False,False,True,False,False,False,False,False,False,True,False,True,False,False,False,True,False,False,False,False,True
19,94.0,84.07,97,88,77,92,68,65,81,71,6,4,10,5,4,1,1,4,True,False,False,False,False,False,True,True,False,False,False,False,False,False,False,True,True,False,False,False,True,False,False
18,69.31,90.13,62,60,62,68,80,59,85,90,4,3,2,5,1,2,1,3,True,False,False,False,False,False,True,False,False,False,True,False,False,False,False,True,True,False,True,False,False,False,False
21,66.69,79.31,70,99,84,71,36,55,89,86,10,6,5,4,2,5,1,5,True,False,False,False,False,False,True,False,False,False,False,True,False,False,False,True,False,True,False,False,True,False,False
17,75.94,85.56,91,94,76,95,75,47,64,84,3,6,10,3,3,4,3,2,False,True,False,False,False,False,True,True,False,False,False,False,False,False,False,True,True,False,False,True,False,False,False
18,67.17,84.46,85,87,74,73,86,35,87,100,9,4,1,1,1,1,2,1,False,True,False,False,False,False,True,True,False,False,False,False,False,False,False,True,True,False,False,False,True,False,False
19,99.0,55.3,78,100,95,81,35,77,100,96,10,5,4,1,1,1,0,5,False,False,True,False,False,False,True,False,False,False,False,True,True,False,False,False,False,True,False,False,True,False,False
20,72.2,75.5,100,86,99,82,75,77,74,79,4,4,4,1,2,10,2,5,False,True,False,False,False,False,True,False,True,False,False,False,False,False,False,True,False,True,False,False,True,False,False
18,87.98,87.21,66,80,82,79,59,59,60,68,7,1,10,3,7,1,0,1,False,True,False,False,False,False,True,False,False,True,False,False,False,False,False,True,True,False,True,False,False,False,False
19,85.57,70.02,70,73,79,70,55,87,82,72,1,5,6,7,3,4,1,3,False,True,False,False,False,True,False,False,False,True,False,False,False,False,True,False,True,False,True,False,False,False,False
20,65.9,87.16,94,75,48,90,73,43,95,87,10,2,5,6,4,5,2,0,False,True,False,False,False,False,True,False,False,False,False,True,False,False,False,True,True,False,False,False,False,False,True
18,78.6,75.19,100,84,55,75,40,64,62,84,5,3,4,5,10,3,3,2,False,True,False,False,False,False,True,False,False,False,True,False,False,False,False,True,True,False,True,False,False,False,False
20,71.59,89.49,53,52,63,69,94,71,87,56,2,6,3,6,1,5,1,3,True,False,False,False,True,False,False,False,False,False,False,True,False,True,False,False,False,True,False,False,True,False,False
19,84.11,69.86,73,41,76,66,64,93,52,86,5,2,2,10,4,1,1,1,False,True,False,False,False,True,False,False,False,True,False,False,False,False,True,False,True,False,False,False,False,True,False
19,80.92,67.01,88,78,82,90,84,37,64,100,6,6,4,8,3,8,3,4,True,False,False,False,False,False,True,True,False,False,False,False,False,False,False,True,True,False,False,True,False,False,False
18,69.24,62.64,96,76,72,77,78,70,85,98,3,2,3,5,3,10,2,3,False,True,False,False,False,False,True,False,True,False,False,False,False,False,False,True,True,False,False,False,True,False,False
17,74.46,79.88,60,98,66,93,54,79,72,88,10,4,1,1,5,3,0,3,True,False,False,False,False,False,True,True,False,False,False,False,False,False,False,True,True,False,False,False,True,False,False
18,84.11,78.73,90,73,79,95,65,52,67,91,1,5,10,6,1,1,2,5,False,True,False,False,False,False,True,True,False,False,False,False,False,False,False,True,False,True,False,False,True,False,False
19,95.67,79.05,68,55,77,76,62,75,68,61,4,7,10,9,4,3,0,3,True,False,False,False,False,True,False,False,False,True,False,False,False,False,True,False,False,True,False,False,False,True,False
20,76.71,62.45,48,50,65,59,86,46,92,84,2,1,4,6,1,3,2,0,False,True,False,True,False,False,False,False,True,False,False,False,True,False,False,False,True,False,False,True,False,False,False
19,80.48,69.56,86,98,98,92,53,35,73,91,10,3,1,1,3,1,6,1,False,True,False,False,False,False,True,False,False,False,False,True,False,False,False,True,False,True,True,False,False,False,False
20,64.92,76.66,94,80,95,77,72,69,80,79,2,3,6,5,6,10,0,0,True,False,False,False,False,False,True,False,True,False,False,False,False,False,False,True,True,False,False,False,True,False,False
19,61.23,76.25,71,95,54,71,72,41,83,100,5,3,10,3,1,2,1,6,False,True,False,False,False,False,True,False,False,True,False,False,False,False,False,True,True,False,True,False,False,False,False
19,83.6,80.37,89,81,89,78,55,70,95,78,10,1,2,5,7,3,0,6,True,False,False,False,False,False,True,False,False,False,False,True,True,False,False,False,True,False,False,False,False,False,True
22,79.14,68.37,92,100,57,100,57,44,48,75,10,5,1,3,3,3,3,2,False,True,False,False,False,False,True,False,False,False,False,True,False,False,False,True,True,False,True,False,False,False,False
17,82.56,76.67,84,84,92,89,42,56,83,79,6,4,1,5,1,6,1,2,True,False,False,False,False,False,True,False,False,False,False,True,True,False,False,False,True,False,False,False,False,False,True
20,80.93,65.37,82,70,75,89,37,77,60,86,10,1,3,3,3,1,5,4,True,False,False,False,False,False,True,False,False,False,False,True,False,False,False,True,True,False,False,False,True,False,False
17,78.21,81.2,47,53,82,51,66,71,42,83,5,4,4,1,3,5,1,5,False,True,False,False,False,False,True,False,False,False,False,True,False,False,False,True,False,True,True,False,False,False,False
18,77.46,79.5,99,90,67,90,80,53,98,98,10,4,2,6,3,4,0,0,True,False,False,False,False,False,True,False,False,False,False,True,False,False,False,True,True,False,False,False,True,False,False
19,93.71,85.84,64,87,65,84,58,61,100,80,9,4,3,3,4,1,2,4,False,True,False,False,False,False,True,False,False,False,False,True,True,False,False,False,True,False,False,False,False,False,True
23,76.04,72.87,60,74,82,78,62,79,60,74,5,2,8,6,1,5,2,3,True,False,False,False,False,False,True,True,False,False,False,False,False,False,False,True,True,False,False,True,False,False,False
20,99.0,64.71,91,93,95,93,37,59,73,88,8,6,6,6,4,2,0,3,True,False,False,False,False,False,True,True,False,False,False,False,False,False,False,True,True,False,False,False,True,False,False
18,78.67,95.59,88,76,56,90,61,53,58,80,2,6,9,6,3,6,1,3,False,True,False,False,False,False,True,True,False,False,False,False,False,False,False,True,True,False,False,False,True,False,False
18,89.98,67.79,100,69,90,72,45,35,54,81,1,1,10,5,1,2,0,7,True,False,False,False,False,False,True,False,False,True,False,False,False,False,False,True,False,True,True,False,False,False,False
17,78.1,70.83,78,96,69,91,88,35,56,92,10,3,3,3,3,3,0,2,True,False,False,False,False,False,True,False,False,False,False,True,False,False,False,True,False,True,False,False,False,False,True
21,65.1,92.06,97,52,64,88,89,38,76,91,5,4,10,2,6,2,0,7,True,False,False,True,False,False,False,False,False,True,False,False,True,False,False,False,False,True,True,False,False,False,False
20,75.28,65.35,72,47,47,64,42,35,84,81,3,2,1,2,7,3,1,8,True,False,False,True,False,False,False,True,False,False,False,False,True,False,False,False,False,True,False,True,False,False,False
18,81.42,85.98,74,93,93,93,49,49,100,80,10,4,5,3,1,4,0,4,False,True,False,False,False,False,True,False,False,False,False,True,False,False,False,True,False,True,True,False,False,False,False
20,99.0,94.89,45,49,88,51,71,49,89,88,4,5,5,6,10,4,0,3,True,False,False,False,False,False,True,False,False,False,True,False,False,False,False,True,True,False,False,False,False,False,True
19,78.64,80.38,90,84,65,84,56,53,67,95,10,3,1,4,1,3,0,0,False,True,False,False,False,False,True,False,False,False,False,True,False,False,False,True,True,False,False,False,True,False,False
21,82.66,71.87,57,53,56,66,84,72,100,84,1,5,5,8,5,4,1,4,False,True,False,True,False,False,False,True,False,False,False,False,True,False,False,False,True,False,False,True,False,False,False
18,85.23,74.24,75,74,90,64,46,100,77,55,2,3,7,10,4,4,1,4,False,True,False,False,False,True,False,False,False,True,False,False,False,False,True,False,True,False,True,False,False,False,False
17,72.65,66.31,60,100,59,87,60,77,87,81,10,8,1,7,4,3,0,4,True,False,False,False,False,False,True,False,False,False,False,True,False,False,False,True,True,False,True,False,False,False,False
17,95.27,80.31,70,100,76,100,39,56,88,98,9,1,1,3,6,5,2,2,False,False,True,False,False,False,True,True,False,False,False,False,False,False,False,True,True,False,False,False,True,False,False
21,82.39,79.37,82,42,72,69,81,33,68,100,1,4,10,5,1,4,1,4,False,True,False,True,False,False,False,False,False,True,False,False,True,False,False,False,True,False,False,False,True,False,False
20,79.43,67.66,86,82,67,95,64,53,92,87,9,5,4,1,1,2,1,2,False,True,False,False,False,False,True,False,False,False,False,True,False,False,False,True,True,False,False,False,True,False,False
18,76.58,77.96,94,100,63,71,62,62,71,85,7,2,5,2,1,5,0,1,True,False,False,False,False,False,True,True,False,False,False,False,False,False,False,True,True,False,False,False,True,False,False
20,70.42,74.42,100,71,86,83,37,40,84,96,2,2,10,1,1,1,1,6,True,False,False,True,False,False,False,False,False,True,False,False,True,False,False,False,False,True,True,False,False,False,False
23,77.03,66.66,91,91,72,64,50,74,68,79,8,3,3,2,6,5,2,3,False,True,False,False,False,False,True,False,False,False,False,True,True,False,False,False,True,False,False,False,True,False,False
21,84.03,82.53,100,64,58,66,63,71,84,95,2,3,10,1,1,1,2,2,False,True,False,True,False,False,False,False,False,True,False,False,True,False,False,False,True,False,True,False,False,False,False
20,97.43,83.76,89,100,71,73,74,51,94,70,10,2,3,1,1,6,4,2,True,False,False,False,False,False,True,False,False,False,False,True,False,False,False,True,True,False,False,False,True,False,False
19,69.82,76.43,100,84,95,78,80,80,70,86,2,2,4,1,3,7,2,5,False,True,False,False,False,False,True,False,True,False,False,False,False,False,False,True,False,True,False,False,True,False,False
21,70.87,65.59,84,80,93,82,54,60,78,84,5,6,3,1,4,9,1,2,False,True,False,False,False,False,True,False,True,False,False,False,False,False,False,True,True,False,False,False,True,False,False
22,92.28,78.35,84,95,91,74,42,51,59,100,10,2,5,1,3,3,0,4,False,True,False,False,False,False,True,False,False,False,False,True,False,False,False,True,True,False,False,False,True,False,False
22,68.52,83.51,83,91,69,70,81,65,63,77,2,5,3,5,6,9,2,4,False,False,True,False,False,False,True,False,True,False,False,False,False,False,False,True,True,False,False,False,True,False,False
18,67.45,68.44,70,78,85,75,55,55,54,74,3,1,10,8,3,3,1,1,True,False,False,True,False,False,False,False,False,True,False,False,True,False,False,False,True,False,True,False,False,False,False
19,75.49,75.8,61,48,94,80,78,65,72,75,1,10,3,5,7,4,4,5,True,False,False,False,True,False,False,False,False,False,False,True,False,True,False,False,True,False,False,False,False,False,True
20,84.23,74.35,69,78,83,85,66,57,65,83,5,1,5,4,2,10,1,0,False,True,False,False,False,False,True,False,True,False,False,False,False,False,False,True,True,False,False,False,True,False,False
21,80.36,75.28,79,66,89,77,84,72,89,99,8,5,2,2,5,6,0,1,False,True,False,False,False,False,True,False,False,False,False,True,False,False,False,True,True,False,True,False,False,False,False
18,75.31,60.02,67,87,100,85,42,86,83,95,4,1,4,6,6,10,0,3,True,False,False,False,False,False,True,False,True,False,False,False,False,False,False,True,True,False,False,False,True,False,False
19,70.9,73.16,57,57,65,73,100,47,76,69,3,9,3,5,1,3,4,2,False,True,False,False,True,False,False,False,False,False,False,True,False,True,False,False,True,False,False,False,False,False,True
17,71.71,90.49,59,87,95,71,64,61,92,82,10,6,1,4,4,3,1,4,True,False,False,False,False,False,True,False,False,False,False,True,True,False,False,False,True,False,False,False,True,False,False
20,78.03,81.83,72,90,45,76,51,31,96,92,3,4,2,3,6,9,2,2,False,True,False,False,False,False,True,False,True,False,False,False,False,False,False,True,True,False,False,False,True,False,False
20,73.23,85.65,86,83,88,94,40,70,96,77,10,2,7,7,6,3,3,3,False,True,False,False,False,False,True,False,False,False,False,True,False,False,False,True,False,True,True,False,False,False,False
20,89.27,84.68,79,58,85,90,56,97,84,81,2,1,8,10,1,2,2,3,False,True,False,False,False,True,False,False,False,True,False,False,False,False,True,False,True,False,True,False,False,False,False
18,86.07,82.51,79,65,49,74,94,39,52,80,2,10,5,1,2,7,7,6,False,True,False,False,True,False,False,False,False,False,False,True,False,True,False,False,False,True,False,False,False,False,True
17,82.78,75.77,70,93,70,73,52,36,93,97,9,4,6,3,1,1,3,2,True,False,False,False,False,False,True,False,False,False,False,True,False,False,False,True,False,True,False,False,True,False,False
20,81.27,94.76,83,78,46,90,75,66,92,97,8,1,6,3,1,5,5,3,True,False,False,False,False,False,True,True,False,False,False,False,False,False,False,True,True,False,False,False,True,False,False
22,72.79,85.43,88,78,54,61,73,56,73,82,10,4,3,3,3,5,2,7,True,False,False,False,False,False,True,False,False,False,False,True,True,False,False,False,False,True,False,False,True,False,False
19,91.17,88.63,58,91,77,82,81,39,72,92,10,2,1,4,5,5,3,4,True,False,False,False,False,False,True,False,False,False,False,True,False,False,False,True,False,True,False,False,True,False,False
22,85.26,83.87,99,73,81,58,39,67,51,76,8,2,6,2,6,1,2,4,False,True,False,False,False,False,True,False,False,False,False,True,True,False,False,False,True,False,False,False,False,False,True
21,75.27,99.0,71,86,91,74,47,37,53,85,1,5,10,5,1,3,3,4,True,False,False,False,False,False,True,False,False,True,False,False,False,False,False,True,False,True,True,False,False,False,False
20,92.58,70.98,86,78,73,90,71,80,93,82,6,6,5,4,7,4,2,4,False,True,False,False,False,False,True,False,False,False,False,True,True,False,False,False,True,False,False,False,False,False,True
20,86.4,78.09,67,95,85,91,67,78,55,86,1,1,7,2,7,5,2,7,True,False,False,False,False,False,True,True,False,False,False,False,False,False,False,True,False,True,False,False,True,False,False
20,84.3,84.79,71,94,67,72,78,41,89,80,1,5,5,3,2,7,3,2,True,False,False,False,False,False,True,False,True,False,False,False,False,False,False,True,True,False,True,False,False,False,False
18,80.03,81.08,94,100,74,72,44,77,86,85,10,8,6,1,3,4,0,7,True,False,False,False,False,False,True,False,False,False,False,True,False,False,False,True,False,True,False,False,True,False,False
20,83.27,52.61,99,96,78,71,67,54,67,100,1,5,6,6,6,10,3,8,False,True,False,False,False,False,True,False,True,False,False,False,False,False,False,True,False,True,False,False,True,False,False
21,79.47,79.68,82,100,66,82,56,35,64,94,10,2,5,1,4,6,0,2,True,False,False,False,False,False,True,False,False,False,False,True,True,False,False,False,False,True,False,False,True,False,False
21,76.04,81.41,74,100,100,94,76,35,72,88,10,4,4,3,3,7,1,0,True,False,False,False,False,False,True,False,False,False,False,True,False,False,False,True,True,False,False,False,True,False,False
17,93.77,72.68,93,73,38,71,42,48,52,90,6,4,3,1,6,1,7,2,True,False,False,False,False,False,True,False,False,False,False,True,True,False,False,False,True,False,False,False,False,False,True
19,81.65,92.93,54,65,71,59,91,50,72,61,3,6,3,2,5,3,4,2,True,False,False,False,True,False,False,False,False,False,True,False,False,True,False,False,False,True,False,False,True,False,False
19,79.47,84.66,50,63,74,58,38,67,71,98,4,4,2,4,2,4,7,3,False,True,False,False,False,False,True,True,False,False,False,False,False,False,False,True,True,False,False,False,True,False,False
18,76.68,67.31,68,72,78,71,77,31,92,59,3,9,2,4,2,3,1,2,False,True,False,False,True,False,False,False,False,False,False,True,False,True,False,False,True,False,False,False,False,False,True
18,80.38,85.8,98,74,73,83,73,53,97,91,4,4,7,2,8,1,1,3,False,True,False,False,False,False,True,False,False,True,False,False,False,False,False,True,False,True,True,False,False,False,False
18,80.1,74.54,68,65,38,69,95,43,47,75,4,10,6,1,3,6,6,4,False,True,False,False,True,False,False,False,False,False,False,True,False,True,False,False,False,True,False,False,False,False,True
18,80.21,99.0,97,65,50,91,84,36,88,72,7,6,6,6,2,6,2,2,False,False,True,False,False,False,True,False,False,False,False,True,False,False,False,True,True,False,True,False,False,False,False
18,88.93,85.41,83,83,88,85,71,43,92,87,8,6,2,4,4,5,4,3,True,False,False,False,False,False,True,False,False,False,False,True,False,False,False,True,True,False,False,False,True,False,False
19,90.57,83.36,85,76,63,97,74,32,62,100,2,1,4,3,10,1,3,6,True,False,False,False,False,False,True,False,False,False,True,False,False,False,False,True,False,True,True,False,False,False,False
19,84.6,71.11,64,82,95,92,59,34,81,78,7,1,3,6,5,3,3,2,False,True,False,False,False,False,True,False,False,False,False,True,False,False,False,True,True,False,False,False,True,False,False
18,81.36,60.03,82,78,47,94,84,35,61,85,10,3,2,4,3,6,1,2,True,False,False,False,False,False,True,True,False,False,False,False,False,False,False,True,True,False,False,False,True,False,False
22,76.24,75.39,60,46,99,94,60,81,78,57,4,3,6,8,6,1,2,4,True,False,False,False,False,True,False,False,False,True,False,False,False,False,True,False,True,False,True,False,False,False,False
20,80.31,57.49,93,98,77,75,63,50,68,97,2,4,5,6,5,7,2,6,False,True,False,False,False,False,True,False,True,False,False,False,False,False,False,True,False,True,False,False,True,False,False
17,77.56,78.91,92,93,58,77,58,52,70,87,7,2,8,3,1,3,1,2,True,False,False,False,False,False,True,True,False,False,False,False,False,False,False,True,True,False,False,False,True,False,False
20,62.66,79.55,86,93,63,58,68,68,54,82,8,1,4,1,2,1,0,5,False,True,False,False,False,False,True,False,False,False,False,True,True,False,False,False,False,True,False,False,True,False,False
18,88.48,80.17,80,67,76,94,38,77,99,67,10,3,2,1,3,5,2,3,True,False,False,False,False,False,True,False,False,False,False,True,False,False,False,True,True,False,False,False,True,False,False
20,70.0,84.59,64,69,59,85,68,35,57,100,3,8,9,4,2,5,3,4,True,False,False,False,False,False,True,True,False,False,False,False,False,False,False,True,True,False,False,False,True,False,False
17,78.18,73.0,46,70,70,68,80,69,72,89,5,2,6,2,1,3,2,4,False,True,False,False,False,False,True,False,False,True,False,False,False,False,False,True,True,False,False,False,False,False,True
21,76.16,85.16,79,78,69,90,75,54,61,78,4,4,6,2,7,3,1,3,True,False,False,False,False,False,True,True,False,False,False,False,False,False,False,True,True,False,False,True,False,False,False
18,91.85,70.47,68,62,50,42,71,34,96,78,2,1,5,6,2,6,1,1,True,False,False,False,False,False,True,True,False,False,False,False,False,False,False,True,True,False,True,False,False,False,False
20,65.99,73.32,57,72,92,89,67,50,62,76,5,3,10,4,3,1,0,0,True,False,False,False,False,False,True,False,False,True,False,False,False,False,False,True,True,False,True,False,False,False,False
17,65.17,99.0,88,86,65,100,84,50,96,75,1,1,1,1,3,10,3,2,False,True,False,False,False,False,True,False,True,False,False,False,False,False,False,True,True,False,True,False,False,False,False
20,77.51,78.49,76,76,82,97,66,62,84,79,10,3,1,4,1,5,2,2,True,False,False,False,False,False,True,False,False,False,False,True,False,False,False,True,False,True,False,False,True,False,False
18,86.3,71.63,74,69,89,79,79,100,98,57,4,4,10,10,3,2,0,2,False,True,False,False,False,True,False,False,False,True,False,False,False,False,True,False,True,False,False,False,False,True,False
19,75.32,72.17,100,88,48,67,43,59,58,81,6,4,6,6,10,4,3,1,False,True,False,False,False,False,True,False,False,False,True,False,False,False,False,True,True,False,True,False,False,False,False
23,86.06,56.58,67,62,63,83,93,64,79,72,2,10,2,2,5,6,4,5,False,True,False,False,True,False,False,False,False,False,False,True,False,True,False,False,False,True,False,False,False,False,True
22,77.81,67.86,50,53,100,92,62,77,92,56,1,4,4,7,6,3,0,3,True,False,False,False,False,True,False,False,False,True,False,False,False,False,True,False,True,False,True,False,False,False,False
17,87.38,67.19,92,74,89,65,35,70,66,96,3,5,10,4,1,7,2,2,False,True,False,True,False,False,False,False,False,True,False,False,True,False,False,False,True,False,True,False,False,False,False
20,72.8,75.27,86,100,50,100,59,36,54,65,10,4,1,3,2,1,2,1,False,True,False,False,False,False,True,False,False,False,False,True,False,False,False,True,True,False,True,False,False,False,False
19,83.11,72.42,86,82,69,89,55,51,74,95,10,1,1,3,3,3,0,1,False,True,False,False,False,False,True,False,False,False,False,True,False,False,False,True,True,False,False,False,True,False,False
21,71.79,72.47,75,75,83,88,61,79,75,97,9,3,6,1,3,5,3,3,True,False,False,False,False,False,True,False,False,False,False,True,False,False,False,True,True,False,False,False,True,False,False
21,80.83,63.99,65,97,71,78,43,35,73,88,10,7,2,3,6,4,0,4,True,False,False,False,False,False,True,False,False,False,False,True,False,False,False,True,True,False,True,False,False,False,False
18,72.47,83.24,41,69,93,52,35,59,71,80,4,4,1,6,3,3,1,1,False,True,False,True,False,False,False,False,False,False,True,False,True,False,False,False,True,False,False,False,True,False,False
21,85.5,79.64,100,71,86,83,45,59,64,74,9,5,6,4,6,1,1,4,True,False,False,False,False,False,True,False,False,False,False,True,True,False,False,False,True,False,False,False,False,False,True
20,80.97,66.94,99,62,63,58,93,37,62,100,5,3,10,3,2,2,1,0,False,True,False,True,False,False,False,False,False,True,False,False,True,False,False,False,True,False,True,False,False,False,False
21,76.37,76.05,75,68,86,81,87,64,69,80,1,10,4,1,4,1,3,5,False,True,False,False,True,False,False,False,False,False,False,True,False,True,False,False,False,True,False,False,False,False,True
20,81.19,65.75,89,83,54,77,51,78,69,91,10,3,6,2,2,6,2,2,True,False,False,False,False,False,True,False,False,False,False,True,False,False,False,True,False,True,False,False,True,False,False
18,76.76,79.77,93,55,81,88,53,59,85,85,3,4,7,2,3,2,1,2,True,False,False,True,False,False,False,False,False,True,False,False,True,False,False,False,True,False,True,False,False,False,False
17,89.42,81.15,80,95,52,82,53,69,71,74,2,7,5,4,9,5,0,2,True,False,False,False,False,False,True,False,False,False,True,False,False,False,False,True,True,False,True,False,False,False,False
19,85.35,74.61,71,78,85,76,51,81,84,76,1,5,3,7,3,5,0,2,False,True,False,False,False,True,False,False,False,True,False,False,False,False,True,False,True,False,True,False,False,False,False
17,95.75,66.91,82,83,58,93,85,48,84,100,1,3,10,5,4,4,3,2,False,True,False,False,False,False,True,False,False,True,False,False,False,False,False,True,True,False,True,False,False,False,False
18,99.0,70.05,67,70,55,75,95,35,47,54,5,10,8,5,1,1,3,4,True,False,False,False,True,False,False,False,False,False,False,True,False,True,False,False,True,False,False,False,False,False,True
19,75.88,84.12,81,61,43,58,63,35,79,78,3,4,10,5,1,6,5,0,False,True,False,True,False,False,False,False,False,True,False,False,True,False,False,False,True,False,True,False,False,False,False
19,82.87,66.61,60,87,81,78,76,77,56,84,10,6,2,4,5,4,1,1,True,False,False,False,False,False,True,False,False,False,False,True,False,False,False,True,True,False,False,False,False,False,True
22,61.49,62.71,87,67,56,67,80,73,65,100,1,2,1,7,4,10,5,4,True,False,False,False,False,False,True,False,True,False,False,False,False,False,False,True,False,True,True,False,False,False,False
21,76.38,81.32,85,100,89,79,71,35,58,77,10,3,2,4,1,5,5,2,False,False,True,False,False,False,True,False,False,False,False,True,False,False,False,True,True,False,True,False,False,False,False
19,75.74,73.81,100,83,90,86,49,68,98,81,2,4,2,4,8,2,3,4,False,True,False,False,False,False,True,False,False,False,True,False,False,False,False,True,True,False,True,False,False,False,False
20,71.4,73.4,100,68,54,97,59,67,64,96,3,2,5,7,4,10,2,4,True,False,False,False,False,False,True,False,True,False,False,False,False,False,False,True,True,False,False,False,True,False,False
22,79.9,87.19,47,66,46,49,39,48,57,100,6,6,3,2,3,7,1,3,True,False,False,False,False,False,True,True,False,False,False,False,False,False,False,True,False,True,False,True,False,False,False
20,91.24,54.73,95,99,83,86,42,67,91,81,10,5,3,5,2,2,1,2,False,True,False,False,False,False,True,False,False,False,False,True,False,False,False,True,False,True,True,False,False,False,False
18,73.8,75.25,60,98,88,84,69,75,75,93,1,6,7,1,2,5,5,1,True,False,False,False,False,False,True,False,False,True,False,False,False,False,False,True,True,False,True,False,False,False,False
19,68.6,66.43,78,92,81,76,44,54,73,68,5,5,2,4,10,2,1,4,False,True,False,False,False,False,True,False,False,False,True,False,False,False,False,True,False,True,True,False,False,False,False
21,76.54,63.63,54,73,84,100,50,35,100,75,10,4,4,5,1,6,4,6,True,False,False,False,False,False,True,False,False,False,False,True,False,False,False,True,True,False,False,False,False,False,True
18,77.52,78.28,82,69,73,61,75,70,100,83,5,6,6,2,6,7,1,6,False,True,False,True,False,False,False,True,False,False,False,False,True,False,False,False,True,False,False,False,False,True,False
18,53.05,76.43,83,77,75,77,62,71,77,91,3,4,10,1,5,1,4,3,True,False,False,True,False,False,False,True,False,False,False,False,True,False,False,False,True,False,False,False,True,False,False
18,70.01,85.05,79,66,49,60,70,35,86,71,5,1,10,6,2,3,7,3,False,True,False,True,False,False,False,False,False,True,False,False,True,False,False,False,True,False,True,False,False,False,False
19,68.95,76.91,100,93,68,83,60,48,55,78,6,3,8,2,1,4,2,9,True,False,False,True,False,False,False,True,False,False,False,False,True,False,False,False,False,True,False,True,False,False,False
22,81.82,83.04,46,58,84,79,59,97,63,81,3,4,4,8,2,5,4,1,True,False,False,False,False,True,False,False,False,True,False,False,False,False,True,False,True,False,False,False,False,True,False
18,76.45,84.18,69,74,89,74,66,52,89,84,7,2,4,6,10,1,1,1,True,False,False,False,False,False,True,False,False,False,True,False,False,False,False,True,False,True,True,False,False,False,False
21,82.08,92.51,88,65,65,61,91,71,75,81,6,1,10,4,2,2,2,2,True,False,False,True,False,False,False,False,False,True,False,False,True,False,False,False,True,False,False,False,False,True,False
19,87.83,86.1,61,97,52,73,73,65,75,95,7,3,1,3,1,5,1,7,False,True,False,False,False,False,True,False,False,False,False,True,False,False,False,True,False,True,False,False,True,False,False
22,93.94,79.56,88,100,48,83,78,70,62,74,4,1,6,2,3,3,2,2,False,True,False,False,False,False,True,True,False,False,False,False,False,False,False,True,False,True,False,True,False,False,False
18,78.0,71.5,95,85,67,69,56,44,51,72,5,1,7,1,3,2,4,6,True,False,False,False,False,False,True,True,False,False,False,False,False,False,False,True,True,False,False,True,False,False,False
19,73.75,66.01,73,74,85,80,81,60,81,100,10,6,3,6,5,4,3,3,False,True,False,False,False,False,True,False,False,False,False,True,False,False,False,True,True,False,True,False,False,False,False
23,84.4,70.78,98,100,70,100,66,38,70,84,9,2,2,3,1,3,4,3,True,False,False,False,False,False,True,True,False,False,False,False,False,False,False,True,True,False,False,True,False,False,False
19,78.79,62.96,90,82,92,72,41,79,56,86,5,2,2,3,8,3,2,1,False,True,False,False,False,False,True,False,False,False,True,False,False,False,False,True,True,False,True,False,False,False,False
17,79.93,67.4,100,72,59,82,64,54,68,84,5,3,4,7,4,1,2,5,False,True,False,False,False,False,True,True,False,False,False,False,False,False,False,True,True,False,False,True,False,False,False
21,94.32,58.33,85,73,92,73,84,69,73,79,1,3,10,5,3,1,1,2,True,False,False,True,False,False,False,False,False,True,False,False,True,False,False,False,True,False,True,False,False,False,False
20,72.71,84.9,58,58,76,67,95,64,85,55,1,10,4,7,4,7,0,3,True,False,False,False,True,False,False,False,False,False,False,True,False,True,False,False,True,False,False,False,False,False,True
21,72.19,87.64,100,80,62,78,64,49,63,81,1,5,6,1,1,7,3,3,False,False,True,False,False,False,True,False,True,False,False,False,False,False,False,True,True,False,True,False,False,False,False
20,87.25,70.58,44,57,55,69,98,35,68,67,5,10,6,6,8,5,1,7,False,False,True,False,True,False,False,False,False,False,False,True,False,True,False,False,False,True,False,False,False,False,True
19,75.31,94.82,93,76,89,75,54,38,56,94,3,1,9,1,5,1,1,5,False,True,False,False,False,False,True,False,False,True,False,False,False,False,False,True,False,True,True,False,False,False,False
20,71.03,59.41,75,94,56,90,71,47,61,71,4,1,9,1,4,4,1,1,True,False,False,False,False,False,True,True,False,False,False,False,False,False,False,True,True,False,False,True,False,False,False
20,72.4,82.5,65,74,83,97,35,62,88,95,3,4,10,6,2,2,1,2,False,True,False,False,False,False,True,True,False,False,False,False,False,False,False,True,True,False,False,True,False,False,False
17,89.54,64.47,99,81,81,76,78,69,46,90,10,7,5,4,4,2,2,3,True,False,False,False,False,False,True,False,False,False,False,True,False,False,False,True,True,False,False,False,True,False,False
20,75.22,96.9,94,61,76,84,50,35,78,79,2,5,9,2,5,3,2,4,False,False,True,True,False,False,False,True,False,False,False,False,True,False,False,False,True,False,False,False,False,True,False
18,84.03,68.98,77,59,91,89,44,88,59,87,5,4,4,10,1,3,3,1,False,True,False,False,False,True,False,False,False,True,False,False,False,False,True,False,True,False,False,False,False,True,False
18,80.3,80.13,96,90,46,71,40,60,91,78,7,1,4,6,5,6,1,1,False,True,False,False,False,False,True,False,False,False,False,True,False,False,False,True,True,False,False,False,True,False,False
20,81.81,70.09,56,43,85,76,66,35,68,88,2,7,9,1,2,6,0,2,True,False,False,True,False,False,False,False,False,True,False,False,True,False,False,False,False,True,False,False,False,True,False
23,75.17,90.39,93,64,49,81,52,53,100,92,5,1,7,5,3,10,1,0,True,False,False,False,False,False,True,False,True,False,False,False,False,False,False,True,False,True,False,False,True,False,False
21,81.49,84.58,66,96,91,91,68,36,60,86,2,4,2,5,2,8,3,6,False,False,True,False,False,False,True,False,True,False,False,False,False,False,False,True,False,True,True,False,False,False,False
20,59.96,75.19,73,62,78,64,91,89,53,72,2,4,10,6,1,1,0,5,False,True,False,False,False,True,False,False,False,True,False,False,False,False,True,False,False,True,False,False,False,True,False
20,79.68,86.14,100,71,65,61,76,56,64,92,9,2,7,1,6,4,3,1,True,False,False,False,False,False,True,False,False,False,False,True,True,False,False,False,True,False,False,False,False,False,True
19,79.57,85.07,77,92,55,65,62,63,88,99,10,1,4,6,4,7,3,1,False,True,False,False,False,False,True,False,False,False,False,True,True,False,False,False,True,False,False,False,False,False,True
19,71.79,80.63,67,86,55,87,69,45,58,86,8,1,2,4,5,3,1,2,False,True,False,False,False,False,True,False,False,False,False,True,False,False,False,True,False,True,False,False,True,False,False
17,86.66,62.61,100,51,69,84,60,63,84,80,2,5,8,4,5,4,4,2,False,True,False,True,False,False,False,False,False,True,False,False,True,False,False,False,True,False,False,False,False,True,False
20,74.83,80.83,93,79,61,91,69,56,56,84,3,1,6,2,4,5,0,8,True,False,False,True,False,False,False,True,False,False,False,False,True,False,False,False,False,True,False,True,False,False,False
18,84.0,77.89,84,100,56,81,57,55,80,88,4,1,6,4,2,5,1,4,True,False,False,False,False,False,True,True,False,False,False,False,False,False,False,True,True,False,False,False,True,False,False
19,78.58,78.4,58,78,83,90,50,38,80,70,1,1,6,2,10,4,2,2,False,True,False,False,False,False,True,False,False,False,True,False,False,False,False,True,True,False,True,False,False,False,False
20,87.31,81.02,96,91,66,90,66,79,80,91,4,4,3,3,3,9,7,4,False,True,False,False,False,False,True,False,True,False,False,False,False,False,False,True,True,False,False,False,True,False,False
17,75.55,96.99,82,66,47,82,59,63,89,97,9,5,2,4,6,3,1,3,False,True,False,False,False,False,True,False,False,False,False,True,True,False,False,False,True,False,False,False,True,False,False
19,92.75,82.39,75,77,94,76,74,47,61,93,9,3,3,5,3,3,0,3,True,False,False,False,False,False,True,True,False,False,False,False,False,False,False,True,True,False,False,True,False,False,False
21,76.25,76.96,90,100,88,83,47,52,79,75,7,4,1,3,2,1,4,1,True,False,False,False,False,False,True,False,False,False,False,True,False,False,False,True,True,False,False,False,True,False,False
20,65.85,73.74,100,78,91,77,81,77,70,85,1,2,2,1,2,10,3,7,False,True,False,False,False,False,True,False,True,False,False,False,False,False,False,True,False,True,False,False,True,False,False
17,79.8,59.79,81,100,59,68,84,35,100,86,6,5,10,1,4,1,5,8,True,False,False,False,False,False,True,False,False,True,False,False,False,False,False,True,False,True,True,False,False,False,False
18,76.76,82.16,94,77,62,83,81,75,61,78,1,4,2,5,10,1,2,5,True,False,False,False,False,False,True,False,False,False,True,False,False,False,False,True,False,True,True,False,False,False,False
22,80.89,77.5,79,53,95,73,40,99,55,85,2,1,4,9,1,4,3,2,False,True,False,False,False,True,False,False,False,True,False,False,False,False,True,False,True,False,False,False,False,True,False
19,77.09,89.68,77,90,49,100,70,69,69,80,10,2,6,3,1,4,0,3,False,True,False,False,False,False,True,False,False,False,False,True,False,False,False,True,False,True,False,False,True,False,False
21,86.54,81.41,84,45,85,55,39,89,75,82,5,1,4,9,1,4,1,2,False,True,False,False,False,True,False,False,False,True,False,False,False,False,True,False,True,False,False,False,False,True,False
19,78.31,56.6,60,78,84,83,81,79,86,74,5,2,5,10,5,1,1,3,True,False,False,False,False,True,False,False,False,True,False,False,False,False,True,False,True,False,False,False,False,True,False
18,89.0,82.89,86,98,68,70,75,42,60,76,9,3,2,4,5,1,5,5,True,False,False,False,False,False,True,False,False,False,False,True,False,False,False,True,False,True,True,False,False,False,False
20,79.4,66.07,93,79,64,96,70,72,76,81,4,5,3,6,5,7,3,2,False,True,False,False,False,False,True,False,True,False,False,False,False,False,False,True,True,False,False,False,True,False,False
19,78.27,67.22,91,69,61,66,85,43,57,98,6,5,8,5,3,1,1,1,False,True,False,True,False,False,False,False,False,True,False,False,True,False,False,False,True,False,True,False,False,False,False
17,85.5,82.34,67,80,69,92,52,35,87,70,1,1,6,3,10,7,1,2,False,True,False,False,False,False,True,False,False,False,True,False,False,False,False,True,True,False,True,False,False,False,False
20,76.39,61.32,91,54,70,74,74,35,82,81,4,1,8,2,4,3,2,7,False,True,False,True,False,False,False,True,False,False,False,False,True,False,False,False,False,True,False,False,False,True,False
17,87.03,75.49,79,68,62,70,60,80,92,97,8,6,4,5,4,2,3,1,False,True,False,False,False,False,True,False,False,False,False,True,False,False,False,True,True,False,True,False,False,False,False
20,74.79,66.99,90,100,53,100,51,53,79,95,10,2,1,5,3,2,0,5,False,True,False,False,False,False,True,False,False,False,False,True,False,False,False,True,True,False,False,False,True,False,False
19,77.61,72.26,59,86,87,70,82,87,53,77,8,6,3,5,1,2,0,0,True,False,False,False,False,False,True,False,False,False,False,True,False,False,False,True,True,False,False,False,False,False,True
19,76.03,95.05,86,100,81,96,40,46,62,72,1,7,10,3,5,5,3,2,False,True,False,False,False,False,True,True,False,False,False,False,False,False,False,True,True,False,False,False,True,False,False
20,69.83,68.47,79,100,69,85,90,35,49,80,10,5,2,2,2,1,1,5,False,True,False,False,False,False,True,False,False,False,False,True,False,False,False,True,True,False,False,False,True,False,False
19,90.15,84.72,64,67,46,86,60,54,55,77,10,5,4,3,5,2,0,4,True,False,False,False,False,False,True,True,False,False,False,False,False,False,False,True,True,False,False,False,True,False,False
20,83.22,73.88,49,73,63,62,87,42,58,84,6,7,6,3,4,1,2,5,True,False,False,False,True,False,False,False,False,False,False,True,False,True,False,False,False,True,False,False,False,False,True
20,98.34,61.31,100,95,89,92,42,59,68,87,10,5,8,7,3,1,1,3,True,False,False,False,False,False,True,True,False,False,False,False,False,False,False,True,True,False,False,False,True,False,False
21,73.23,66.62,71,89,68,92,51,61,66,71,7,2,8,1,1,10,0,5,False,True,False,False,False,False,True,False,True,False,False,False,False,False,False,True,True,False,True,False,False,False,False
20,66.27,70.15,82,65,91,78,49,36,74,84,1,1,2,4,10,4,2,5,True,False,False,False,False,False,True,False,False,False,True,False,False,False,False,True,False,True,True,False,False,False,False
20,78.44,77.97,89,69,65,80,36,43,63,96,10,8,2,7,7,7,0,3,True,False,False,False,False,False,True,False,False,False,False,True,False,False,False,True,True,False,False,False,True,False,False
18,80.94,78.94,90,95,57,78,53,51,56,81,6,3,10,1,1,3,2,6,True,False,False,False,False,False,True,True,False,False,False,False,False,False,False,True,True,False,False,True,False,False,False
19,81.37,78.27,75,93,82,86,62,40,80,79,1,5,3,4,10,3,3,4,True,False,False,False,False,False,True,False,False,False,True,False,False,False,False,True,False,True,True,False,False,False,False
20,80.51,75.72,42,58,60,70,44,47,57,84,3,6,6,2,4,1,0,0,False,True,False,False,False,False,True,False,False,False,False,True,True,False,False,False,True,False,False,False,True,False,False
21,80.97,82.93,90,95,54,91,66,72,92,73,1,3,4,1,1,7,2,4,False,True,False,False,False,False,True,False,True,False,False,False,False,False,False,True,True,False,False,False,True,False,False
19,79.12,60.51,45,78,73,73,97,60,90,68,1,9,5,4,5,4,1,7,False,True,False,False,True,False,False,False,False,False,False,True,False,True,False,False,False,True,False,False,False,False,True
21,77.37,66.85,90,77,46,75,43,70,64,85,9,8,3,6,5,2,2,6,True,False,False,False,False,False,True,False,False,False,False,True,False,False,False,True,False,True,True,False,False,False,False
20,72.6,76.68,51,63,70,51,74,89,82,75,4,1,7,1,1,6,2,2,False,True,False,False,False,True,False,False,True,False,False,False,False,False,True,False,True,False,True,False,False,False,False
19,81.98,69.75,89,94,65,100,84,61,97,92,7,2,4,5,6,5,3,2,False,True,False,False,False,False,True,False,False,False,False,True,False,False,False,True,True,False,False,False,True,False,False
19,89.36,79.33,75,100,78,87,77,39,79,79,4,1,2,1,2,10,1,2,True,False,False,False,False,False,True,False,True,False,False,False,False,False,False,True,True,False,True,False,False,False,False
20,89.68,83.95,57,100,45,81,71,66,68,100,10,3,1,4,1,6,2,7,False,True,False,False,False,False,True,False,False,False,False,True,False,False,False,True,False,True,False,False,True,False,False
21,76.53,71.43,95,78,83,61,78,35,63,79,5,3,10,1,2,8,5,3,False,True,False,True,False,False,False,False,False,True,False,False,True,False,False,False,True,False,True,False,False,False,False
17,66.77,90.11,85,71,51,87,85,44,51,64,1,4,7,8,1,5,2,3,False,True,False,False,False,False,True,True,False,False,False,False,False,False,False,True,True,False,False,False,True,False,False
19,75.43,83.57,70,100,69,84,61,78,76,87,10,1,1,6,5,1,0,1,False,True,False,False,False,False,True,False,False,False,False,True,False,False,False,True,True,False,True,False,False,False,False
21,80.76,70.89,79,50,95,65,53,56,61,80,2,1,9,3,3,3,1,2,True,False,False,True,False,False,False,False,False,True,False,False,True,False,False,False,True,False,False,False,False,True,False
18,72.05,90.06,100,95,94,91,44,68,92,88,10,1,4,7,3,6,2,9,False,False,True,False,False,False,True,False,False,False,False,True,False,False,False,True,False,True,False,False,True,False,False
19,86.11,63.64,98,76,95,83,58,67,75,71,9,3,1,1,7,2,0,3,True,False,False,False,False,False,True,True,False,False,False,False,False,False,False,True,True,False,False,False,True,False,False
21,90.4,85.23,70,63,72,70,89,75,65,78,2,10,2,4,2,4,3,6,True,False,False,False,True,False,False,False,False,False,False,True,False,True,False,False,False,True,False,False,False,False,True
19,78.65,83.31,88,78,49,61,84,44,70,73,4,2,8,2,1,6,0,2,True,False,False,True,False,False,False,False,False,True,False,False,True,False,False,False,False,True,True,False,False,False,False
18,79.58,72.66,71,99,58,72,41,32,99,93,4,1,1,1,5,9,1,4,False,True,False,False,False,False,True,False,True,False,False,False,False,False,False,True,True,False,True,False,False,False,False
19,75.88,89.08,67,76,57,91,52,35,73,69,3,1,1,3,5,10,1,1,True,False,False,False,False,False,True,False,True,False,False,False,False,False,False,True,False,True,True,False,False,False,False
18,91.63,87.73,66,86,84,70,78,49,79,99,4,2,6,3,1,8,0,3,False,True,False,False,False,False,True,False,True,False,False,False,False,False,False,True,True,False,True,False,False,False,False
17,99.0,84.22,83,70,77,94,72,77,93,90,2,1,1,2,9,3,4,0,False,True,False,False,False,False,True,False,False,False,True,False,False,False,False,True,True,False,True,False,False,False,False
19,78.02,93.3,82,98,74,93,35,59,73,83,1,1,7,6,1,1,1,1,True,False,False,False,False,False,True,False,False,True,False,False,False,False,False,True,True,False,True,False,False,False,False
17,72.45,99.0,58,83,56,93,71,41,93,71,10,3,4,7,4,3,1,4,False,True,False,False,False,False,True,False,False,False,False,True,False,False,False,True,True,False,False,False,False,False,True
21,75.76,78.08,63,58,84,42,69,71,81,74,7,1,2,1,5,3,2,3,True,False,False,False,False,False,True,False,False,False,False,True,False,False,False,True,True,False,True,False,False,False,False
20,80.25,92.59,66,100,60,80,52,32,70,97,1,1,6,1,7,5,1,2,False,True,False,False,False,False,True,False,False,False,True,False,False,False,False,True,True,False,True,False,False,False,False
19,83.46,94.28,80,99,82,78,72,55,100,82,1,3,10,3,2,5,3,2,False,True,False,False,False,False,True,False,False,True,False,False,False,False,False,True,False,True,True,False,False,False,False
21,99.0,90.8,88,63,39,84,100,57,73,58,5,10,5,4,3,5,1,4,True,False,False,False,True,False,False,False,False,False,False,True,False,True,False,False,False,True,False,False,False,False,True
19,86.52,69.78,58,50,76,43,85,60,93,81,5,5,1,2,1,6,2,1,True,False,False,False,False,False,True,True,False,False,False,False,False,False,False,True,True,False,False,False,True,False,False
20,77.74,83.41,61,95,56,79,77,79,51,91,9,1,2,2,5,2,1,4,False,True,False,False,False,False,True,False,False,False,False,True,False,False,False,True,True,False,False,False,False,False,True
20,77.74,89.21,89,80,77,96,45,62,94,84,10,1,5,5,7,2,1,5,False,True,False,False,False,False,True,False,False,False,False,True,False,False,False,True,False,True,True,False,False,False,False
17,73.17,68.05,73,100,85,76,39,35,71,86,10,2,7,3,1,1,1,7,True,False,False,False,False,False,True,False,False,False,False,True,False,False,False,True,False,True,False,False,True,False,False
18,81.48,95.59,99,80,82,98,68,72,59,84,4,6,10,3,4,3,1,0,True,False,False,False,False,False,True,True,False,False,False,False,False,False,False,True,False,True,False,True,False,False,False
18,60.04,93.09,51,63,55,88,100,48,67,79,5,10,3,5,1,2,2,2,False,False,True,False,True,False,False,False,False,False,False,True,False,True,False,False,False,True,False,False,False,False,True
17,89.43,79.36,53,63,80,55,48,85,67,89,3,4,4,9,6,5,2,2,True,False,False,False,False,True,False,False,False,True,False,False,False,False,True,False,True,False,True,False,False,False,False
19,76.95,75.86,95,91,44,83,74,53,52,88,10,1,6,4,1,8,1,4,True,False,False,False,False,False,True,True,False,False,False,False,False,False,False,True,True,False,False,False,True,False,False
17,78.75,77.77,70,89,79,82,64,70,81,91,8,5,10,5,1,4,2,10,True,False,False,False,False,False,True,True,False,False,False,False,False,False,False,True,False,True,False,False,True,False,False
21,79.59,76.74,70,44,81,47,69,71,84,73,2,1,3,1,5,5,1,2,True,False,False,False,False,False,True,False,True,False,False,False,False,False,False,True,True,False,True,False,False,False,False
18,93.09,95.52,50,53,85,49,73,59,76,84,4,7,4,7,10,6,0,2,True,False,False,False,False,False,True,False,False,False,True,False,False,False,False,True,True,False,False,False,False,False,True
18,84.73,74.12,77,54,84,53,100,35,67,79,2,10,3,6,4,1,2,3,False,True,False,False,True,False,False,False,False,False,False,True,False,True,False,False,True,False,False,False,False,False,True
18,88.59,90.04,77,78,60,78,98,40,51,81,5,10,2,6,5,3,2,7,True,False,False,False,True,False,False,False,False,False,False,True,False,True,False,False,False,True,False,False,False,False,True
18,74.28,70.19,97,67,88,91,61,80,71,81,4,4,10,4,4,4,1,2,True,False,False,False,False,False,True,False,False,True,False,False,False,False,False,True,True,False,True,False,False,False,False
22,76.59,91.33,50,47,59,74,98,59,72,83,4,9,2,5,6,6,1,3,False,True,False,False,True,False,False,False,False,False,False,True,False,True,False,False,True,False,False,False,False,False,True
18,92.97,81.53,88,96,100,94,69,59,100,74,8,5,3,3,1,2,1,3,False,True,False,False,False,False,True,True,False,False,False,False,False,False,False,True,True,False,False,True,False,False,False
17,81.93,76.95,48,72,75,66,82,75,75,87,5,2,5,2,3,5,2,5,False,True,False,False,False,False,True,True,False,False,False,False,False,False,False,True,True,False,False,False,False,False,True
19,77.03,86.9,81,86,46,94,46,30,76,84,1,1,5,4,6,7,2,4,True,False,False,False,False,False,True,False,True,False,False,False,False,False,False,True,True,False,False,False,True,False,False
20,80.37,76.37,76,94,78,91,49,74,58,85,1,1,5,5,6,10,1,2,False,True,False,False,False,False,True,False,True,False,False,False,False,False,False,True,True,False,False,False,True,False,False
18,79.57,75.11,80,93,56,71,60,59,78,90,6,2,7,4,2,3,0,2,True,False,False,False,False,False,True,True,False,False,False,False,False,False,False,True,True,False,False,False,True,False,False
21,76.76,81.93,50,51,80,93,49,92,70,96,1,3,6,10,1,5,0,4,True,False,False,False,False,True,False,False,False,True,False,False,False,False,True,False,True,False,True,False,False,False,False
22,78.22,73.86,78,67,49,89,68,67,66,77,3,6,7,2,6,2,1,4,True,False,False,False,False,False,True,False,False,True,False,False,False,False,False,True,True,False,True,False,False,False,False
18,70.99,73.28,92,76,88,76,71,70,61,79,5,2,2,3,3,10,2,4,True,False,False,False,False,False,True,False,True,False,False,False,False,False,False,True,True,False,False,False,True,False,False
19,82.84,91.04,98,91,52,81,66,48,95,86,7,1,1,6,6,2,2,4,False,True,False,False,False,False,True,False,False,False,False,True,False,False,False,True,False,True,False,False,True,False,False
21,77.69,65.46,73,89,56,70,66,67,77,90,5,6,8,4,6,6,3,0,False,True,False,False,False,False,True,True,False,False,False,False,False,False,False,True,True,False,False,True,False,False,False
18,83.99,97.67,77,51,80,76,61,91,70,71,6,5,5,7,2,1,2,2,False,True,False,False,False,True,False,False,False,True,False,False,False,False,True,False,False,True,False,False,False,True,False
17,82.1,86.57,83,82,76,98,81,41,63,98,3,5,9,1,1,3,3,2,False,True,False,False,False,False,True,True,False,False,False,False,False,False,False,True,True,False,False,True,False,False,False
21,67.73,62.35,88,91,64,97,70,54,58,69,5,1,9,3,2,5,0,0,True,False,False,False,False,False,True,True,False,False,False,False,False,False,False,True,True,False,False,True,False,False,False
17,78.54,68.73,74,84,94,79,46,35,98,97,4,6,2,5,10,2,1,4,False,True,False,False,False,False,True,False,False,False,True,False,False,False,False,True,False,True,True,False,False,False,False
20,87.87,59.2,84,98,73,81,39,66,100,76,10,5,1,7,3,1,3,2,False,True,False,False,False,False,True,False,False,False,False,True,False,False,False,True,False,True,True,False,False,False,False
20,85.21,90.48,58,87,91,84,84,93,79,82,7,4,9,8,2,3,0,10,False,True,False,False,False,True,False,False,False,True,False,False,False,False,True,False,False,True,False,False,False,True,False
22,75.13,59.27,57,56,86,65,55,72,62,72,1,2,2,1,5,10,4,0,False,False,True,False,False,False,True,False,True,False,False,False,False,False,False,True,True,False,False,False,True,False,False
19,78.81,76.25,73,91,53,80,43,35,91,95,6,1,3,3,4,10,0,6,False,True,False,False,False,False,True,False,True,False,False,False,False,False,False,True,True,False,True,False,False,False,False
22,89.42,90.38,67,75,62,67,88,45,67,79,4,7,2,4,10,7,1,5,True,False,False,False,False,False,True,False,False,False,True,False,False,False,False,True,False,True,True,False,False,False,False
17,64.41,72.97,42,69,91,66,89,67,55,82,2,1,3,4,2,5,2,2,False,True,False,False,False,False,True,True,False,False,False,False,False,False,False,True,False,True,False,True,False,False,False
20,76.48,58.91,77,72,91,76,79,63,87,82,4,5,7,5,10,8,1,4,False,True,False,False,False,False,True,False,False,False,True,False,False,False,False,True,True,False,True,False,False,False,False
20,67.36,68.89,63,72,93,90,70,50,55,72,5,2,8,3,3,2,0,1,True,False,False,False,False,False,True,False,False,True,False,False,False,False,False,True,True,False,True,False,False,False,False
17,77.48,77.68,57,48,63,84,99,56,76,69,3,10,3,3,1,2,3,1,False,True,False,False,True,False,False,False,False,False,False,True,False,True,False,False,True,False,False,False,False,False,True
17,82.56,87.18,71,66,55,87,82,58,73,93,3,6,1,5,1,9,2,1,True,False,False,False,False,False,True,False,True,False,False,False,False,False,False,True,True,False,True,False,False,False,False
18,84.92,86.13,94,65,48,85,57,77,80,81,4,4,7,3,5,6,3,2,False,False,True,False,False,False,True,True,False,False,False,False,False,False,False,True,True,False,False,True,False,False,False
19,98.74,93.93,65,95,74,87,82,47,68,98,10,4,2,6,6,5,2,5,True,False,False,False,False,False,True,False,False,False,False,True,False,False,False,True,False,True,False,False,True,False,False
20,84.02,79.06,99,87,66,93,66,56,65,88,10,2,3,2,3,8,0,2,True,False,False,False,False,False,True,False,False,False,False,True,False,False,False,True,True,False,False,False,False,False,True
22,88.24,81.15,45,58,59,47,88,73,69,81,7,6,6,2,4,6,0,2,True,False,False,False,False,False,True,False,False,True,False,False,True,False,False,False,True,False,False,False,False,True,False
19,74.73,90.97,93,91,50,76,81,47,88,84,6,3,1,5,10,2,6,4,True,False,False,False,False,False,True,False,False,False,True,False,False,False,False,True,False,True,True,False,False,False,False
17,86.07,68.0,88,58,75,86,35,42,67,66,1,5,1,4,10,4,0,1,True,False,False,False,False,False,True,False,False,False,True,False,False,False,False,True,True,False,True,False,False,False,False
17,73.62,71.94,69,89,92,78,45,30,97,99,5,4,2,4,9,3,1,5,False,True,False,False,False,False,True,False,False,False,True,False,False,False,False,True,False,True,True,False,False,False,False
18,93.56,73.87,90,78,87,89,54,49,100,92,2,6,10,1,1,1,2,2,True,False,False,False,False,False,True,False,False,True,False,False,False,False,False,True,True,False,True,False,False,False,False
24,76.71,63.51,70,73,70,63,35,64,74,81,6,4,7,7,6,4,3,2,False,True,False,False,False,True,False,False,False,True,False,False,False,False,True,False,True,False,False,False,False,True,False
18,78.69,92.66,94,76,41,81,61,35,95,88,1,5,10,1,4,2,3,1,True,False,False,False,False,False,True,True,False,False,False,False,False,False,False,True,True,False,False,True,False,False,False
19,95.74,77.75,89,98,71,95,54,46,98,79,4,3,3,1,4,10,1,4,True,False,False,False,False,False,True,False,True,False,False,False,False,False,False,True,True,False,True,False,False,False,False
20,77.54,81.19,59,64,65,53,35,72,77,68,5,6,7,5,2,3,2,3,True,False,False,False,False,True,False,False,False,True,False,False,False,False,True,False,True,False,True,False,False,False,False
17,84.44,68.45,76,97,73,82,72,35,96,73,6,4,10,1,5,1,3,6,True,False,False,False,False,False,True,False,False,True,False,False,False,False,False,True,False,True,True,False,False,False,False
21,90.19,85.27,83,96,66,78,35,44,91,75,4,5,6,7,5,10,3,7,True,False,False,False,False,False,True,False,True,False,False,False,False,False,False,True,False,True,True,False,False,False,False
17,80.29,66.51,76,97,64,75,64,40,61,75,8,1,4,8,7,1,0,5,True,False,False,False,False,False,True,False,False,False,False,True,True,False,False,False,False,True,False,False,False,False,True
20,84.65,89.76,77,69,54,79,58,42,94,70,9,5,2,4,2,2,2,3,False,True,False,False,False,False,True,True,False,False,False,False,False,False,False,True,True,False,False,True,False,False,False
19,99.0,63.38,75,100,56,85,47,59,80,84,9,5,3,5,1,1,4,0,False,True,False,False,False,False,True,False,False,False,False,True,False,False,False,True,False,True,True,False,False,False,False
20,76.54,83.88,71,61,52,85,51,78,81,84,5,1,10,1,3,5,3,2,False,True,False,True,False,False,False,False,False,True,False,False,True,False,False,False,False,True,False,False,False,True,False
21,71.56,92.08,50,58,70,57,90,37,76,80,10,5,3,2,3,6,3,3,True,False,False,False,False,False,True,False,False,False,False,True,False,False,False,True,True,False,False,False,False,True,False
22,90.18,65.34,93,74,50,100,56,76,48,75,8,7,8,1,1,4,2,0,True,False,False,False,False,False,True,True,False,False,False,False,False,False,False,True,True,False,False,False,True,False,False
18,71.34,82.14,84,96,75,89,68,64,90,74,7,5,6,2,5,1,3,4,True,False,False,False,False,False,True,False,False,False,False,True,False,False,False,True,True,False,False,False,False,False,True
18,79.96,74.69,75,50,56,57,80,56,90,70,4,8,1,4,5,7,1,4,True,False,False,False,True,False,False,False,False,False,False,True,False,True,False,False,True,False,False,False,False,False,True
19,78.59,71.18,92,100,59,68,48,38,64,73,5,4,10,1,2,3,3,4,True,False,False,False,False,False,True,True,False,False,False,False,False,False,False,True,True,False,False,True,False,False,False
18,73.09,64.33,67,70,86,74,87,35,94,67,1,10,2,4,1,1,1,3,False,True,False,False,True,False,False,False,False,False,False,True,False,True,False,False,True,False,False,False,False,False,True
22,83.19,84.39,91,66,58,62,58,69,93,81,2,1,10,2,1,1,3,2,False,True,False,True,False,False,False,False,False,True,False,False,True,False,False,False,True,False,True,False,False,False,False
20,85.84,80.19,57,75,64,51,94,35,74,91,6,10,3,6,3,7,3,3,True,False,False,False,True,False,False,False,False,False,False,True,False,True,False,False,False,True,False,False,False,False,True
19,93.19,61.73,73,77,63,72,81,35,60,55,2,10,8,2,1,1,4,2,True,False,False,False,True,False,False,False,False,False,False,True,False,True,False,False,True,False,False,False,False,False,True
21,70.03,64.2,89,100,58,100,66,53,67,63,4,1,10,1,6,6,2,2,True,False,False,False,False,False,True,True,False,False,False,False,False,False,False,True,True,False,False,True,False,False,False
19,88.46,82.67,83,82,79,65,35,51,67,96,10,5,6,8,1,5,3,1,False,False,True,False,False,False,True,False,False,False,False,True,False,False,False,True,True,False,True,False,False,False,False
20,71.89,58.87,100,93,71,86,35,79,73,88,10,6,5,4,2,7,2,2,False,True,False,False,False,False,True,False,False,False,False,True,False,False,False,True,False,True,False,False,False,False,True
17,75.96,85.92,79,80,97,87,74,64,57,92,2,6,2,4,2,10,0,0,True,False,False,False,False,False,True,False,True,False,False,False,False,False,False,True,True,False,True,False,False,False,False
19,82.48,86.87,81,88,92,86,49,55,97,78,10,2,3,2,1,5,1,2,False,True,False,False,False,False,True,False,False,False,False,True,False,False,False,True,False,True,True,False,False,False,False
21,70.84,79.67,100,72,72,76,39,35,77,81,7,6,6,4,1,4,2,2,False,True,False,False,False,False,True,True,False,False,False,False,False,False,False,True,True,False,False,False,True,False,False
20,92.02,76.01,70,88,88,72,41,72,79,74,7,5,4,4,1,1,3,1,False,True,False,False,False,False,True,False,False,False,False,True,False,False,False,True,True,False,False,False,False,False,True
18,64.39,90.29,72,78,70,87,59,74,68,72,3,5,6,1,10,4,0,5,False,False,True,False,False,False,True,False,False,False,True,False,False,False,False,True,True,False,True,False,False,False,False
20,81.07,82.69,69,71,52,78,36,45,88,90,7,1,1,6,2,3,5,4,True,False,False,False,False,False,True,True,False,False,False,False,False,False,False,True,True,False,False,True,False,False,False
18,80.87,73.53,79,70,88,81,78,95,100,66,8,2,9,10,4,1,2,4,False,True,False,False,False,True,False,False,False,True,False,False,False,False,True,False,True,False,False,False,False,True,False
19,84.07,74.87,97,97,65,88,52,66,86,90,8,3,4,3,4,4,4,2,True,False,False,False,False,False,True,False,False,False,False,True,False,False,False,True,False,True,False,False,False,False,True
19,76.78,65.08,68,63,76,76,80,39,87,94,8,6,1,3,3,2,3,6,False,True,False,False,False,False,True,False,False,False,False,True,True,False,False,False,True,False,False,False,False,False,True
17,67.52,68.92,46,54,58,77,89,79,68,69,1,10,6,4,4,3,0,3,True,False,False,False,True,False,False,False,False,False,False,True,False,True,False,False,True,False,False,False,False,False,True
22,81.12,95.61,90,86,58,100,55,48,98,77,10,1,4,4,6,7,3,6,True,False,False,False,False,False,True,False,False,False,False,True,False,False,False,True,False,True,False,False,True,False,False
19,76.22,76.02,94,99,85,71,87,55,45,89,7,2,10,1,1,6,2,6,False,True,False,False,False,False,True,False,False,True,False,False,False,False,False,True,False,True,True,False,False,False,False
17,76.17,80.9,71,93,95,93,43,33,83,81,5,6,4,4,2,7,2,3,False,True,False,False,False,False,True,False,True,False,False,False,False,False,False,True,True,False,True,False,False,False,False
21,80.05,77.55,67,88,49,77,58,71,87,72,4,4,7,3,4,5,2,3,True,False,False,False,False,False,True,True,False,False,False,False,False,False,False,True,True,False,False,True,False,False,False
18,70.72,71.73,92,87,65,83,76,75,100,75,8,4,9,6,3,6,0,5,False,True,False,False,False,False,True,True,False,False,False,False,False,False,False,True,False,True,False,True,False,False,False
19,82.04,92.3,71,92,56,98,66,66,76,88,10,2,5,3,2,5,1,4,False,True,False,False,False,False,True,False,False,False,False,True,False,False,False,True,False,True,False,False,True,False,False
19,84.18,76.67,98,91,54,83,45,63,46,70,7,3,1,4,1,10,3,4,False,True,False,False,False,False,True,False,True,False,False,False,False,False,False,True,False,True,False,False,True,False,False
20,74.13,74.33,64,69,69,86,84,39,80,71,5,7,2,1,1,4,3,1,True,False,False,False,True,False,False,False,False,False,False,True,False,True,False,False,True,False,False,False,False,False,True
20,92.07,72.25,82,67,94,72,75,67,75,83,4,8,1,3,5,1,2,4,True,False,False,False,True,False,False,False,False,False,False,True,False,True,False,False,False,True,False,False,False,False,True
20,81.89,96.76,61,68,75,54,100,58,69,60,1,8,3,1,3,4,5,1,True,False,False,False,True,False,False,False,False,False,False,True,False,True,False,False,False,True,False,False,True,False,False
22,83.44,79.55,88,54,76,73,88,38,76,98,1,4,9,3,3,4,2,3,False,True,False,True,False,False,False,True,False,False,False,False,True,False,False,False,True,False,False,False,True,False,False
19,94.03,80.84,95,76,97,95,64,35,65,78,10,1,1,1,2,2,0,1,True,False,False,False,False,False,True,False,False,False,False,True,False,False,False,True,True,False,False,False,True,False,False
19,74.94,73.07,73,61,79,61,76,41,57,64,2,8,6,3,1,2,3,0,True,False,False,False,True,False,False,False,False,False,False,True,False,True,False,False,True,False,False,False,False,False,True
21,72.3,75.53,68,66,61,85,97,40,84,78,4,9,4,1,1,4,4,0,True,False,False,False,True,False,False,False,False,False,False,True,False,True,False,False,True,False,False,False,False,False,True
19,76.33,78.06,100,100,47,79,41,74,77,86,10,6,4,3,2,1,2,5,True,False,False,False,False,False,True,False,False,False,False,True,False,False,False,True,True,False,True,False,False,False,False
19,87.48,73.55,73,82,45,76,60,44,72,71,10,5,3,4,3,4,5,3,True,False,False,False,False,False,True,False,False,False,False,True,False,False,False,True,True,False,False,False,False,False,True
23,81.31,87.05,82,68,93,77,88,65,87,67,6,10,3,6,4,1,3,1,False,True,False,False,True,False,False,False,False,False,False,True,False,True,False,False,True,False,False,False,False,False,True
19,86.75,85.34,100,99,80,92,36,77,58,78,6,7,5,1,5,8,2,2,True,False,False,False,False,False,True,False,True,False,False,False,False,False,False,True,False,True,True,False,False,False,False
23,88.63,64.96,65,46,80,67,59,77,65,81,4,3,2,1,4,4,3,3,False,True,False,True,False,False,False,True,False,False,False,False,True,False,False,False,True,False,False,False,False,False,True
18,77.89,76.66,58,87,74,61,73,35,84,79,5,5,4,3,4,5,3,5,False,True,False,False,False,False,True,False,False,False,False,True,True,False,False,False,True,False,False,False,True,False,False
19,81.14,69.8,65,70,74,98,88,39,87,93,5,1,7,3,3,6,1,5,True,False,False,False,False,False,True,True,False,False,False,False,False,False,False,True,False,True,False,False,True,False,False
18,81.36,75.24,69,91,60,92,45,51,52,82,10,1,5,5,1,1,1,2,False,True,False,False,False,False,True,False,False,False,False,True,False,False,False,True,True,False,False,False,True,False,False
20,76.92,62.4,63,96,66,94,54,67,74,79,6,4,6,3,1,7,1,3,False,True,False,False,False,False,True,False,True,False,False,False,False,False,False,True,True,False,True,False,False,False,False
20,98.84,61.16,99,100,89,97,35,53,67,80,10,6,7,4,3,3,1,2,True,False,False,False,False,False,True,True,False,False,False,False,False,False,False,True,True,False,False,False,True,False,False
21,67.5,67.24,85,69,90,89,50,66,90,85,9,3,3,6,4,3,5,3,False,True,False,False,False,False,True,False,False,False,False,True,True,False,False,False,False,True,False,False,False,False,True
19,83.73,64.61,42,67,85,83,65,69,59,75,4,1,4,7,7,1,4,7,True,False,False,False,False,True,False,False,False,True,False,False,False,False,True,False,False,True,True,False,False,False,False
19,61.0,78.44,93,97,58,85,51,56,64,100,10,3,3,5,1,2,0,1,True,False,False,False,False,False,True,True,False,False,False,False,False,False,False,True,True,False,False,False,True,False,False
18,77.38,89.87,73,51,64,61,87,35,92,65,5,10,5,6,1,5,3,1,False,True,False,False,True,False,False,False,False,False,False,True,False,True,False,False,False,True,False,False,False,False,True
21,86.09,58.12,100,83,73,89,53,49,86,87,7,6,4,2,2,1,1,4,False,True,False,False,False,False,True,False,False,False,False,True,False,False,False,True,True,False,False,False,True,False,False
18,74.9,75.04,88,77,80,70,91,68,97,96,3,1,4,4,4,10,5,3,True,False,False,False,False,False,True,False,True,False,False,False,False,False,False,True,True,False,False,False,True,False,False
19,76.71,75.87,69,71,87,77,83,81,59,61,4,4,7,1,6,5,1,5,True,False,False,False,False,True,False,False,False,False,True,False,False,False,True,False,True,False,True,False,False,False,False
17,81.54,58.89,83,100,75,95,83,59,73,95,4,4,7,4,3,1,5,5,False,True,False,False,False,False,True,True,False,False,False,False,False,False,False,True,True,False,False,False,True,False,False
20,82.23,80.21,66,96,57,89,83,58,54,77,7,3,10,5,7,7,2,0,False,True,False,False,False,False,True,False,False,True,False,False,False,False,False,True,True,False,True,False,False,False,False
18,74.79,69.76,94,81,54,75,68,81,100,80,4,1,9,5,4,2,2,5,False,True,False,False,False,False,True,True,False,False,False,False,False,False,False,True,False,True,False,True,False,False,False
21,94.62,87.8,73,68,44,75,100,59,73,52,2,9,4,2,3,4,1,6,True,False,False,False,True,False,False,False,False,False,False,True,False,True,False,False,False,True,False,False,False,False,True
17,76.0,84.16,82,71,74,80,88,60,61,79,4,8,4,2,5,2,0,2,False,True,False,False,True,False,False,False,False,False,False,True,False,True,False,False,True,False,False,False,False,False,True
20,83.51,76.34,91,88,52,86,35,56,55,70,4,1,1,4,1,10,2,3,False,True,False,False,False,False,True,False,True,False,False,False,False,False,False,True,False,True,False,False,True,False,False
19,82.16,81.43,67,75,50,100,58,49,67,77,5,3,10,4,7,1,1,3,False,True,False,False,False,False,True,False,False,True,False,False,False,False,False,True,False,True,True,False,False,False,False
22,84.08,53.6,61,73,85,77,70,65,80,82,10,4,7,4,1,6,2,6,False,True,False,False,False,False,True,False,False,False,False,True,False,False,False,True,True,False,False,False,True,False,False
20,77.57,53.1,58,79,87,80,79,75,89,76,5,3,6,10,7,1,1,3,True,False,False,False,False,True,False,False,False,True,False,False,False,False,True,False,True,False,False,False,False,True,False
19,75.1,91.78,83,61,93,78,81,42,80,77,5,9,4,4,2,3,1,4,False,True,False,False,True,False,False,False,False,False,False,True,False,True,False,False,True,False,False,False,False,False,True
18,75.86,76.65,72,81,42,66,39,46,87,88,8,2,1,4,2,1,2,6,True,False,False,False,False,False,True,False,False,False,False,True,False,False,False,True,False,True,False,False,True,False,False
18,80.45,77.18,100,92,86,68,56,56,81,83,7,2,4,1,4,2,1,3,False,True,False,False,False,False,True,True,False,False,False,False,False,False,False,True,True,False,False,True,False,False,False
20,83.34,71.32,77,68,60,82,53,75,92,93,10,6,4,1,3,4,2,1,False,False,True,False,False,False,True,False,False,False,False,True,True,False,False,False,True,False,False,False,False,False,True
19,94.35,75.31,100,97,83,90,57,81,64,95,10,3,3,6,4,2,2,4,True,False,False,False,False,False,True,False,False,False,False,True,False,False,False,True,True,False,True,False,False,False,False
20,79.26,72.2,98,88,81,100,64,46,62,79,10,3,2,1,4,7,0,3,True,False,False,False,False,False,True,False,False,False,False,True,False,False,False,True,True,False,False,False,False,False,True
20,76.76,71.06,85,92,97,79,81,70,91,74,10,7,4,4,1,4,1,6,False,True,False,False,False,False,True,False,False,False,False,True,False,False,False,True,True,False,False,False,False,False,True
20,69.15,52.3,90,88,83,84,67,88,57,100,1,1,3,1,10,3,2,5,False,True,False,False,False,False,True,False,False,False,True,False,False,False,False,True,True,False,True,False,False,False,False
19,85.24,77.79,68,54,84,78,94,74,61,48,4,9,2,3,8,5,0,0,False,True,False,False,True,False,False,False,False,False,False,True,False,True,False,False,True,False,False,False,False,False,True
18,81.58,87.17,95,82,76,76,72,63,63,63,1,6,7,1,6,3,2,1,False,True,False,False,False,False,True,True,False,False,False,False,False,False,False,True,False,True,False,True,False,False,False
22,79.16,75.51,66,69,63,100,51,39,81,70,6,6,6,3,6,7,0,1,True,False,False,False,False,False,True,False,True,False,False,False,False,False,False,True,False,True,False,False,True,False,False
19,65.1,93.17,55,55,55,74,76,58,83,89,3,5,1,5,6,4,0,2,True,False,False,False,False,False,True,False,False,False,True,False,False,False,False,True,True,False,True,False,False,False,False
23,74.97,82.62,91,94,96,79,56,68,73,98,6,1,2,2,1,4,3,3,False,True,False,False,False,False,True,False,False,False,False,True,True,False,False,False,True,False,False,False,True,False,False
20,80.08,73.05,57,53,82,63,95,41,90,57,3,7,5,2,4,3,5,3,True,False,False,False,True,False,False,False,False,False,False,True,False,True,False,False,True,False,False,False,False,False,True
20,91.01,82.06,80,66,38,79,64,37,53,95,9,1,1,3,2,8,0,4,True,False,False,False,False,False,True,True,False,False,False,False,False,False,False,True,True,False,False,False,True,False,False
20,71.02,68.64,90,76,68,77,81,30,57,100,1,6,4,6,7,5,0,5,True,False,False,False,False,False,True,False,False,False,True,False,False,False,False,True,False,True,True,False,False,False,False
20,79.18,80.98,73,62,85,74,90,68,70,73,2,10,7,1,7,1,2,7,False,True,False,False,True,False,False,False,False,False,False,True,False,True,False,False,False,True,False,False,False,False,True
18,87.79,89.63,65,80,47,74,39,35,85,92,1,2,6,7,4,2,4,3,False,True,False,False,False,False,True,True,False,False,False,False,False,False,False,True,True,False,False,True,False,False,False
19,87.19,95.93,100,100,57,87,68,56,94,79,9,1,1,4,5,1,1,5,False,True,False,False,False,False,True,False,False,False,False,True,False,False,False,True,False,True,False,False,True,False,False
17,81.57,62.53,70,67,47,88,36,41,84,90,8,3,3,6,4,5,1,2,False,True,False,False,False,False,True,True,False,False,False,False,False,False,False,True,True,False,False,False,True,False,False
20,79.3,71.72,43,62,72,63,89,35,53,68,5,10,1,3,2,5,3,0,False,True,False,False,True,False,False,False,False,False,False,True,False,True,False,False,False,True,False,False,False,False,True
17,81.28,77.35,79,88,50,92,85,32,51,96,1,3,2,1,4,8,0,2,False,True,False,False,False,False,True,False,True,False,False,False,False,False,False,True,True,False,True,False,False,False,False
22,55.0,78.0,47,61,93,48,72,43,71,81,2,1,2,5,5,6,1,2,False,False,True,False,False,False,True,False,False,True,False,False,False,False,False,True,True,False,False,False,False,True,False
20,76.36,76.41,55,67,77,58,70,84,75,80,3,2,3,1,1,4,2,3,False,True,False,False,False,True,False,False,True,False,False,False,False,False,True,False,True,False,True,False,False,False,False
21,68.64,82.49,75,73,82,71,86,43,80,82,1,10,3,3,4,4,3,3,False,True,False,False,True,False,False,False,False,False,False,True,False,True,False,False,True,False,False,False,False,False,True
18,92.16,74.28,76,77,71,72,84,68,56,75,1,5,10,1,4,3,0,3,False,True,False,False,False,False,True,True,False,False,False,False,False,False,False,True,False,True,False,False,True,False,False
20,93.8,71.04,76,86,85,87,64,33,67,100,7,4,1,1,6,1,7,2,True,False,False,False,False,False,True,False,False,False,False,True,False,False,False,True,False,True,False,False,True,False,False
19,81.96,78.14,89,98,88,73,77,50,49,89,7,1,10,1,2,6,2,7,False,True,False,False,False,False,True,False,False,True,False,False,False,False,False,True,False,True,True,False,False,False,False
20,71.82,73.18,46,67,86,69,50,35,59,82,3,5,1,2,1,5,0,3,True,False,False,True,False,False,False,True,False,False,False,False,True,False,False,False,True,False,False,False,False,True,False
19,74.83,80.91,66,74,66,100,63,39,58,79,10,3,3,2,1,5,2,5,True,False,False,False,False,False,True,False,False,False,False,True,False,False,False,True,False,True,False,False,True,False,False
19,71.02,84.62,99,100,72,100,74,52,97,100,4,2,9,7,1,8,5,5,False,True,False,False,False,False,True,True,False,False,False,False,False,False,False,True,True,False,False,True,False,False,False
18,73.4,76.6,86,58,41,96,60,35,60,79,3,1,4,2,4,10,2,4,False,False,True,False,False,False,True,False,True,False,False,False,False,False,False,True,True,False,True,False,False,False,False
18,84.35,61.86,50,39,72,42,82,74,56,74,3,4,5,4,6,10,0,3,True,False,False,False,False,False,True,False,True,False,False,False,False,False,False,True,False,True,False,False,True,False,False
20,82.9,72.23,84,86,61,99,58,75,97,67,10,2,3,2,3,4,2,2,True,False,False,False,False,False,True,True,False,False,False,False,False,False,False,True,True,False,False,False,True,False,False
18,81.23,91.97,74,61,65,76,82,87,84,80,8,6,3,10,3,2,0,2,False,True,False,False,False,True,False,False,False,True,False,False,False,False,True,False,False,True,False,False,False,True,False
17,58.67,61.18,61,62,61,54,56,62,97,89,3,4,7,1,1,7,5,1,True,False,False,False,False,False,True,False,True,False,False,False,False,False,False,True,True,False,False,True,False,False,False
21,79.25,65.64,89,84,47,79,54,84,72,87,10,4,6,4,4,7,2,4,True,False,False,False,False,False,True,False,False,False,False,True,False,False,False,True,False,True,False,False,True,False,False
17,70.04,72.55,62,44,93,70,96,56,56,65,1,7,3,5,3,8,1,2,True,False,False,False,True,False,False,False,False,False,False,True,False,True,False,False,True,False,False,False,False,True,False
21,84.32,55.0,68,71,82,82,63,68,88,75,10,5,6,6,2,6,2,4,False,True,False,False,False,False,True,False,False,False,False,True,False,False,False,True,True,False,False,False,True,False,False
18,90.05,74.17,76,87,75,83,83,60,48,80,1,4,10,2,6,5,0,5,False,True,False,False,False,False,True,True,False,False,False,False,False,False,False,True,False,True,False,False,True,False,False
22,77.92,92.78,87,73,79,100,81,62,82,81,3,1,10,3,2,4,0,4,False,True,False,False,False,False,True,True,False,False,False,False,False,False,False,True,True,False,False,True,False,False,False
19,72.79,75.15,59,46,82,58,38,73,63,68,6,6,1,8,5,1,4,3,False,True,False,False,False,True,False,False,False,True,False,False,False,False,True,False,True,False,True,False,False,False,False
24,84.19,97.85,99,87,73,85,52,62,50,91,9,1,5,6,6,1,0,1,False,True,False,False,False,False,True,True,False,False,False,False,False,False,False,True,False,True,False,False,True,False,False
17,73.86,84.99,67,56,67,61,71,35,87,80,7,6,9,1,4,7,3,2,True,False,False,True,False,False,False,False,False,True,False,False,True,False,False,False,False,True,False,False,False,True,False
19,77.53,83.22,65,92,76,82,72,62,78,73,7,6,4,6,5,1,4,1,False,True,False,False,False,False,True,True,False,False,False,False,False,False,False,True,False,True,False,True,False,False,False
19,75.3,80.17,99,100,88,72,80,58,54,87,6,1,10,1,2,6,3,7,False,True,False,False,False,False,True,False,False,True,False,False,False,False,False,True,False,True,True,False,False,False,False
21,80.66,68.44,98,70,47,84,43,50,48,81,10,2,2,3,6,2,3,4,False,True,False,False,False,False,True,False,False,False,False,True,True,False,False,False,False,True,False,False,False,False,True
20,77.1,55.54,91,79,74,63,35,35,63,75,1,2,7,3,1,7,2,4,False,True,False,True,False,False,False,False,False,True,False,False,True,False,False,False,False,True,False,False,False,True,False
19,99.0,83.53,95,79,94,94,70,40,65,87,10,3,1,1,6,4,1,0,True,False,False,False,False,False,True,False,False,False,False,True,False,False,False,True,True,False,False,False,True,False,False
23,84.9,96.22,97,99,71,87,54,64,42,93,9,1,5,4,7,1,0,1,False,True,False,False,False,False,True,True,False,False,False,False,False,False,False,True,False,True,False,False,True,False,False
20,93.97,69.42,99,58,100,95,69,37,73,81,2,6,10,3,7,2,2,4,False,True,False,True,False,False,False,True,False,False,False,False,True,False,False,False,True,False,False,False,False,True,False
23,77.03,76.91,70,73,71,100,52,35,87,73,6,8,4,5,8,10,1,0,True,False,False,False,False,False,True,False,True,False,False,False,False,False,False,True,False,True,False,False,True,False,False
20,97.57,68.91,82,72,48,93,47,54,54,100,7,5,3,3,4,9,2,2,False,True,False,False,False,False,True,False,True,False,False,False,False,False,False,True,True,False,False,False,True,False,False
19,78.97,57.79,59,49,58,64,43,61,53,80,3,8,1,1,9,2,2,3,True,False,False,False,False,False,True,False,False,False,True,False,False,False,False,True,True,False,False,False,True,False,False
19,70.29,95.06,95,96,100,75,51,36,82,96,2,5,10,5,7,1,2,4,False,True,False,False,False,False,True,False,False,True,False,False,False,False,False,True,False,True,True,False,False,False,False
17,79.17,77.21,78,41,71,58,82,61,98,67,3,9,1,6,3,3,2,2,True,False,False,False,True,False,False,False,False,False,False,True,False,True,False,False,True,False,False,False,False,False,True
19,80.83,77.52,62,93,82,100,66,74,68,79,8,5,3,5,2,6,2,2,True,False,False,False,False,False,True,True,False,False,False,False,False,False,False,True,True,False,False,False,True,False,False
22,86.89,74.39,52,55,70,50,100,69,66,71,3,10,4,4,3,4,5,6,False,True,False,False,True,False,False,False,False,False,False,True,False,True,False,False,False,True,False,False,False,False,True
19,62.55,71.2,74,57,81,66,85,86,53,71,2,3,5,8,2,1,1,5,False,True,False,False,False,True,False,False,False,True,False,False,False,False,True,False,False,True,False,False,False,True,False
22,72.68,69.72,84,98,57,77,48,68,96,86,2,6,5,3,4,9,0,3,True,False,False,False,False,False,True,False,True,False,False,False,False,False,False,True,True,False,True,False,False,False,False
19,78.01,80.23,83,87,61,92,78,72,69,80,10,6,2,1,2,1,0,6,True,False,False,False,False,False,True,False,False,False,False,True,False,False,False,True,False,True,False,False,True,False,False
17,78.67,80.51,70,84,76,68,69,69,92,100,8,7,1,7,1,5,2,3,True,False,False,False,False,False,True,False,False,False,False,True,True,False,False,False,False,True,False,False,True,False,False
20,87.32,80.31,74,53,81,84,97,32,84,68,5,9,3,5,5,3,1,2,True,False,False,False,True,False,False,False,False,False,False,True,False,True,False,False,True,False,False,False,False,False,True
19,87.76,79.81,70,97,52,99,73,56,79,77,2,1,4,1,4,10,0,6,True,False,False,False,False,False,True,False,True,False,False,False,False,False,False,True,True,False,True,False,False,False,False
21,79.74,79.13,90,81,58,83,70,45,70,87,10,2,3,4,2,5,0,2,False,True,False,False,False,False,True,False,False,False,False,True,False,False,False,True,True,False,False,False,True,False,False
21,84.78,94.25,73,75,55,74,83,47,73,77,3,6,2,6,9,6,1,4,True,False,False,False,False,False,True,False,False,False,True,False,False,False,False,True,False,True,True,False,False,False,False
21,83.44,80.05,86,80,71,54,89,36,74,95,1,10,6,5,8,4,3,3,True,False,False,False,True,False,False,False,False,False,False,True,False,True,False,False,True,False,False,False,False,False,True
20,87.25,72.55,100,68,51,100,52,82,58,74,10,5,4,1,4,5,1,3,True,False,False,False,False,False,True,True,False,False,False,False,False,False,False,True,True,False,False,False,True,False,False
21,80.35,58.01,75,77,61,100,54,50,53,92,10,7,6,1,3,7,3,6,False,True,False,False,False,False,True,False,False,False,False,True,False,False,False,True,False,True,False,False,True,False,False
18,87.52,77.52,78,96,69,71,55,42,90,100,10,6,6,5,1,1,3,2,True,False,False,False,False,False,True,False,False,False,False,True,False,False,False,True,False,True,False,False,True,False,False
20,62.86,76.48,73,93,60,85,77,41,74,85,10,6,4,3,7,4,5,2,True,False,False,False,False,False,True,False,False,False,False,True,False,False,False,True,False,True,False,False,True,False,False
18,88.66,79.03,73,98,82,86,69,35,76,89,5,4,8,2,3,2,1,5,False,True,False,False,False,False,True,True,False,False,False,False,False,False,False,True,True,False,False,True,False,False,False
22,80.52,56.61,75,100,60,97,67,49,86,96,10,5,6,2,1,1,2,3,True,False,False,False,False,False,True,False,False,False,False,True,False,False,False,True,True,False,False,False,True,False,False
21,85.52,86.69,83,95,50,67,41,48,56,85,4,1,4,1,1,10,1,3,False,True,False,False,False,False,True,False,True,False,False,False,False,False,False,True,True,False,True,False,False,False,False
20,87.44,53.68,66,99,55,100,81,35,67,89,4,5,7,4,10,3,0,3,True,False,False,False,False,False,True,False,False,False,True,False,False,False,False,True,True,False,True,False,False,False,False
18,93.59,77.22,87,82,74,84,81,66,59,71,1,6,10,1,5,3,0,3,False,True,False,False,False,False,True,True,False,False,False,False,False,False,False,True,False,True,False,False,True,False,False
22,69.71,71.48,78,87,76,85,63,72,81,100,10,3,8,1,2,3,3,2,True,False,False,False,False,False,True,False,False,False,False,True,False,False,False,True,True,False,False,False,True,False,False
19,81.19,79.17,91,58,72,93,75,56,68,100,7,5,3,6,3,10,2,3,False,True,False,False,False,False,True,False,True,False,False,False,False,False,False,True,True,False,False,False,True,False,False
19,79.05,85.68,68,75,53,80,42,52,88,82,9,2,3,4,1,3,5,6,True,False,False,False,False,False,True,True,False,False,False,False,False,False,False,True,True,False,False,True,False,False,False
18,87.99,76.02,72,73,79,68,53,88,83,71,3,7,7,9,3,3,0,2,False,True,False,False,False,True,False,False,False,True,False,False,False,False,True,False,True,False,True,False,False,False,False
18,71.78,83.39,43,46,61,40,59,80,89,91,4,4,1,3,1,4,1,5,False,True,False,False,False,False,True,False,False,True,False,False,False,False,False,True,False,True,True,False,False,False,False
21,76.03,84.38,52,66,57,89,87,71,65,75,1,9,5,3,4,3,2,4,True,False,False,False,True,False,False,False,False,False,False,True,False,True,False,False,True,False,False,False,False,False,True
22,67.97,90.2,65,94,46,70,68,69,61,92,9,7,6,1,5,1,1,2,False,True,False,False,False,False,True,False,False,False,False,True,True,False,False,False,True,False,False,False,True,False,False
20,80.58,68.98,70,43,67,73,76,38,88,84,2,5,10,1,1,6,2,2,False,True,False,True,False,False,False,False,False,True,False,False,True,False,False,False,False,True,False,False,False,True,False
19,88.35,80.59,61,40,80,77,93,35,92,65,1,10,3,3,4,6,3,3,False,True,False,False,True,False,False,False,False,False,False,True,False,True,False,False,True,False,False,False,False,False,True
22,81.95,90.05,68,79,56,78,91,52,67,71,1,4,3,4,10,8,0,3,True,False,False,False,False,False,True,False,False,False,True,False,False,False,False,True,False,True,True,False,False,False,False
19,86.85,71.88,67,76,100,68,85,72,75,85,4,10,5,7,7,5,1,3,False,True,False,False,True,False,False,False,False,False,False,True,False,True,False,False,True,False,False,False,False,False,True
20,75.56,81.32,59,75,74,80,79,62,84,74,7,10,5,5,7,1,3,4,False,False,True,False,True,False,False,False,False,False,False,True,False,True,False,False,False,True,False,False,False,False,True
22,69.66,72.11,83,95,58,82,55,69,100,80,3,6,6,3,6,10,0,3,True,False,False,False,False,False,True,False,True,False,False,False,False,False,False,True,True,False,True,False,False,False,False
22,90.75,75.71,79,84,86,75,87,63,88,98,4,2,10,5,3,4,4,5,True,False,False,False,False,False,True,True,False,False,False,False,False,False,False,True,False,True,False,True,False,False,False
19,91.49,69.28,82,67,98,92,99,48,94,81,3,10,1,1,8,2,3,2,True,False,False,False,True,False,False,False,False,False,False,True,False,True,False,False,True,False,False,False,False,False,True
19,80.71,82.96,91,59,66,95,49,69,92,94,1,4,10,2,7,3,2,5,True,False,False,False,False,False,True,False,False,True,False,False,False,False,False,True,False,True,True,False,False,False,False
20,78.28,70.71,81,92,54,81,44,68,74,93,10,2,4,4,5,2,3,2,True,False,False,False,False,False,True,True,False,False,False,False,False,False,False,True,True,False,False,False,True,False,False
17,77.34,77.79,88,100,43,79,46,56,93,74,9,2,3,8,5,6,0,3,False,True,False,False,False,False,True,False,False,False,False,True,False,False,False,True,True,False,False,False,True,False,False
17,75.27,78.64,82,82,44,74,65,62,92,85,10,6,3,2,6,2,1,1,True,False,False,False,False,False,True,False,False,False,False,True,False,False,False,True,True,False,False,False,True,False,False
18,80.49,76.6,64,67,63,78,78,49,80,72,7,3,8,6,6,2,0,5,False,True,False,True,False,False,False,True,False,False,False,False,True,False,False,False,False,True,False,True,False,False,False
17,57.99,89.36,100,91,82,88,36,63,86,83,3,1,4,1,6,10,4,4,False,True,False,False,False,False,True,False,True,False,False,False,False,False,False,True,True,False,True,False,False,False,False
18,82.12,69.33,79,100,81,86,35,35,65,78,10,2,8,4,1,4,2,5,True,False,False,False,False,False,True,False,False,False,False,True,False,False,False,True,False,True,False,False,True,False,False
19,78.74,76.31,56,68,51,97,53,48,66,90,3,4,10,3,3,3,1,5,False,True,False,False,False,False,True,False,False,True,False,False,False,False,False,True,False,True,True,False,False,False,False
20,70.88,80.64,82,78,87,70,80,79,53,78,10,2,1,3,4,2,2,2,True,False,False,False,False,False,True,False,False,False,False,True,False,False,False,True,True,False,False,False,False,False,True
20,75.54,89.37,77,77,95,68,80,45,60,76,10,6,1,3,6,6,0,4,True,False,False,False,False,False,True,False,False,False,False,True,True,False,False,False,False,True,False,False,True,False,False
20,88.43,75.54,94,83,48,91,39,55,54,77,6,1,1,4,1,7,3,3,False,True,False,False,False,False,True,False,True,False,False,False,False,False,False,True,False,True,False,False,True,False,False
20,81.08,62.66,85,100,79,62,83,41,86,76,10,1,2,4,3,1,5,7,False,True,False,False,False,False,True,False,False,False,False,True,True,False,False,False,False,True,False,False,True,False,False
19,65.18,73.75,84,52,68,90,80,73,55,82,4,1,10,6,5,6,0,2,True,False,False,True,False,False,False,False,False,True,False,False,True,False,False,False,True,False,False,True,False,False,False
19,77.93,86.2,93,78,92,94,73,78,49,98,3,7,3,3,4,10,2,3,True,False,False,False,False,False,True,False,True,False,False,False,False,False,False,True,True,False,True,False,False,False,False
19,83.61,79.36,92,86,44,87,58,36,60,95,1,1,3,7,10,8,0,3,True,False,False,False,False,False,True,False,False,False,True,False,False,False,False,True,True,False,True,False,False,False,False
18,78.49,61.38,87,94,72,77,39,46,73,82,5,4,1,2,3,10,1,2,True,False,False,False,False,False,True,False,True,False,False,False,False,False,False,True,True,False,False,False,True,False,False
18,84.39,80.9,84,90,87,99,57,32,79,71,2,3,6,2,8,6,1,4,False,True,False,False,False,False,True,False,False,False,True,False,False,False,False,True,True,False,True,False,False,False,False
20,71.38,71.1,87,91,76,87,84,35,53,74,10,3,4,1,4,1,2,4,False,True,False,False,False,False,True,False,False,False,False,True,False,False,False,True,True,False,False,False,True,False,False
23,87.24,63.47,63,64,65,89,100,75,84,63,5,10,1,2,5,4,4,5,False,True,False,False,True,False,False,False,False,False,False,True,False,True,False,False,False,True,False,False,False,False,True
19,75.31,65.04,80,57,89,56,54,87,61,75,2,5,4,7,3,4,3,4,False,True,False,False,False,True,False,False,False,True,False,False,False,False,True,False,True,False,False,False,False,True,False
20,93.95,92.25,66,86,69,89,74,46,69,92,9,3,1,6,5,6,2,5,True,False,False,False,False,False,True,False,False,False,False,True,False,False,False,True,False,True,False,False,True,False,False
20,80.36,88.34,100,95,79,85,80,58,93,82,10,3,4,3,5,1,3,5,False,True,False,False,False,False,True,False,False,False,False,True,False,False,False,True,True,False,False,False,True,False,False
19,74.46,78.63,68,93,75,96,68,62,72,87,7,5,5,1,10,1,2,1,True,False,False,False,False,False,True,False,False,False,True,False,False,False,False,True,True,False,True,False,False,False,False
20,89.15,55.0,77,80,60,97,35,75,98,72,3,6,5,1,3,7,5,5,True,False,False,False,False,False,True,False,True,False,False,False,False,False,False,True,False,True,True,False,False,False,False
19,96.08,82.83,78,79,100,86,75,52,65,97,7,1,3,4,4,1,0,5,True,False,False,False,False,False,True,True,False,False,False,False,False,False,False,True,True,False,False,True,False,False,False
19,90.06,77.49,100,65,95,87,65,46,73,78,6,4,9,4,3,2,2,3,False,True,False,True,False,False,False,True,False,False,False,False,True,False,False,False,True,False,False,False,False,True,False
19,77.48,60.48,84,77,91,88,50,63,51,100,10,7,5,4,5,4,0,6,False,True,False,False,False,False,True,True,False,False,False,False,False,False,False,True,False,True,False,False,True,False,False
20,78.53,73.86,96,72,88,67,83,31,59,75,3,1,7,3,2,6,4,3,False,True,False,True,False,False,False,False,False,True,False,False,True,False,False,False,True,False,True,False,False,False,False
17,84.78,99.0,70,56,76,71,55,84,74,66,7,5,9,7,1,1,2,4,False,True,False,False,False,True,False,False,False,True,False,False,False,False,True,False,False,True,False,False,False,True,False
21,92.26,76.37,73,67,75,94,64,76,96,100,1,8,5,2,10,2,0,0,True,False,False,False,False,False,True,False,False,False,True,False,False,False,False,True,True,False,True,False,False,False,False
18,75.0,63.64,65,47,72,73,40,94,72,88,1,5,9,6,6,3,0,3,False,True,False,False,False,True,False,False,False,True,False,False,False,False,True,False,True,False,True,False,False,False,False
18,78.25,74.62,85,73,45,95,55,35,58,92,4,2,1,4,5,10,3,2,False,False,True,False,False,False,True,False,True,False,False,False,False,False,False,True,True,False,True,False,False,False,False
18,84.18,70.5,69,44,81,69,59,88,59,78,6,4,8,9,5,1,1,2,False,True,False,False,False,True,False,False,False,True,False,False,False,False,True,False,True,False,False,False,False,True,False
18,89.47,85.83,57,66,77,55,75,61,63,78,4,9,1,6,3,5,3,4,False,True,False,False,True,False,False,False,False,False,False,True,False,True,False,False,False,True,False,False,False,False,True
18,93.5,61.37,71,76,63,75,92,35,47,50,6,9,4,4,1,1,3,2,True,False,False,False,True,False,False,False,False,False,False,True,False,True,False,False,True,False,False,False,False,False,True
20,69.71,75.93,70,84,86,70,51,48,95,67,4,3,4,3,1,10,1,2,False,True,False,False,False,False,True,False,True,False,False,False,False,False,False,True,False,True,False,False,True,False,False
19,84.58,70.43,62,82,59,97,45,64,69,91,2,5,5,6,7,3,2,2,False,True,False,False,False,False,True,False,False,False,True,False,False,False,False,True,True,False,True,False,False,False,False
20,73.77,79.43,77,89,62,75,50,72,82,71,3,6,7,5,1,2,0,3,True,False,False,False,False,False,True,False,False,True,False,False,False,False,False,True,True,False,True,False,False,False,False
20,80.1,70.57,68,36,73,71,71,92,60,79,7,2,6,10,6,1,0,2,False,True,False,False,False,True,False,False,False,True,False,False,False,False,True,False,True,False,False,False,False,True,False
17,75.99,72.52,66,70,71,80,81,48,81,76,5,2,10,6,6,4,0,5,False,True,False,True,False,False,False,False,False,True,False,False,True,False,False,False,False,True,False,True,False,False,False
20,85.91,66.64,100,70,45,82,35,35,64,77,10,4,2,3,1,2,0,3,True,False,False,False,False,False,True,False,False,False,False,True,False,False,False,True,False,True,False,False,True,False,False
20,81.48,86.05,76,94,51,68,70,67,89,97,9,2,6,2,7,4,3,2,False,True,False,False,False,False,True,False,False,False,False,True,True,False,False,False,True,False,False,False,False,False,True
22,82.36,77.2,100,66,58,70,61,70,89,91,1,1,10,1,1,3,3,5,False,True,False,True,False,False,False,False,False,True,False,False,True,False,False,False,True,False,True,False,False,False,False
19,90.65,78.31,57,87,81,89,47,75,99,58,1,3,8,7,1,2,2,4,True,False,False,False,False,True,False,False,False,True,False,False,False,False,True,False,True,False,True,False,False,False,False
19,79.57,99.0,97,71,62,80,61,40,67,100,6,6,9,1,3,1,0,6,False,True,False,True,False,False,False,False,False,True,False,False,True,False,False,False,False,True,False,False,False,True,False
18,74.31,56.58,90,84,83,77,61,77,60,100,2,1,2,2,10,3,2,5,False,True,False,False,False,False,True,False,False,False,True,False,False,False,False,True,True,False,True,False,False,False,False
19,82.32,61.05,62,88,82,88,47,64,67,93,8,3,3,6,3,6,4,1,True,False,False,False,False,False,True,False,False,False,False,True,True,False,False,False,True,False,False,False,False,False,True
18,78.83,78.61,86,97,59,69,48,71,96,85,9,7,1,8,4,7,1,7,False,True,False,False,False,False,True,False,False,False,False,True,True,False,False,False,False,True,False,False,False,False,True
22,71.1,89.93,69,81,94,70,48,63,57,76,7,2,5,5,5,4,3,3,True,False,False,False,False,False,True,False,False,False,False,True,False,False,False,True,True,False,False,False,False,False,True
19,74.31,86.18,60,61,58,73,81,53,85,97,5,5,1,5,7,2,0,4,True,False,False,False,False,False,True,False,False,False,True,False,False,False,False,True,True,False,True,False,False,False,False
22,82.75,90.58,79,75,63,80,84,51,80,79,4,5,1,6,10,6,2,4,True,False,False,False,False,False,True,False,False,False,True,False,False,False,False,True,False,True,True,False,False,False,False
20,90.64,84.48,35,62,62,45,84,68,71,89,5,5,5,1,5,5,0,3,True,False,False,False,False,False,True,False,False,True,False,False,True,False,False,False,True,False,False,False,False,True,False
18,80.6,67.85,85,68,81,82,35,77,74,100,3,2,7,5,1,10,4,2,False,True,False,False,False,False,True,False,True,False,False,False,False,False,False,True,True,False,True,False,False,False,False
19,74.19,86.33,61,88,98,82,75,35,73,84,1,3,10,3,8,3,3,2,True,False,False,False,False,False,True,False,False,True,False,False,False,False,False,True,True,False,True,False,False,False,False
18,91.95,79.43,62,94,43,92,67,60,73,89,2,1,7,2,6,10,0,5,True,False,False,False,False,False,True,False,True,False,False,False,False,False,False,True,True,False,True,False,False,False,False
19,79.7,58.99,83,97,66,81,66,80,100,96,7,1,1,3,5,6,7,4,True,False,False,False,False,False,True,True,False,False,False,False,False,False,False,True,False,True,False,False,True,False,False
18,81.63,96.74,65,86,68,79,49,72,51,90,10,2,7,1,1,3,0,4,True,False,False,False,False,False,True,False,False,False,False,True,False,False,False,True,True,False,False,False,True,False,False
20,84.58,97.73,90,81,54,90,38,35,47,100,4,6,4,5,6,10,4,1,False,True,False,False,False,False,True,False,True,False,False,False,False,False,False,True,False,True,True,False,False,False,False
19,78.09,67.98,68,97,54,96,36,74,71,71,9,5,3,4,5,2,1,2,False,True,False,False,False,False,True,False,False,False,False,True,False,False,False,True,False,True,False,False,True,False,False
22,88.1,85.36,53,66,100,84,35,69,67,61,5,2,8,10,6,1,2,5,True,False,False,False,False,True,False,False,False,True,False,False,False,False,True,False,False,True,False,False,False,True,False
20,84.23,73.36,100,74,91,86,55,35,52,76,10,6,4,6,1,1,3,4,False,True,False,False,False,False,True,False,False,False,False,True,False,False,False,True,True,False,False,False,True,False,False
25,72.25,77.13,73,76,88,88,67,31,89,78,1,5,7,6,1,3,2,2,True,False,False,False,False,False,True,True,False,False,False,False,False,False,False,True,True,False,False,False,True,False,False
18,73.23,67.04,83,77,61,70,68,80,100,79,6,2,9,6,4,4,1,5,False,True,False,False,False,False,True,True,False,False,False,False,False,False,False,True,False,True,False,True,False,False,False
18,68.76,69.66,70,89,52,73,39,68,68,100,8,3,1,1,2,4,1,4,True,False,False,False,False,False,True,False,False,False,False,True,True,False,False,False,True,False,False,False,False,False,True
19,78.91,83.23,66,70,80,74,79,68,80,68,5,10,5,4,6,1,2,3,False,False,True,False,True,False,False,False,False,False,False,True,False,True,False,False,False,True,False,False,False,False,True
20,66.76,68.62,67,55,81,91,40,51,51,100,4,1,10,1,4,3,3,3,False,True,False,True,False,False,False,True,False,False,False,False,True,False,False,False,False,True,False,False,False,True,False
21,92.12,83.39,76,99,54,78,54,37,69,78,6,1,8,6,1,2,3,3,False,True,False,False,False,False,True,True,False,False,False,False,False,False,False,True,True,False,False,False,True,False,False
19,87.37,77.68,66,67,79,86,53,88,52,93,5,2,5,9,2,6,0,2,True,False,False,False,False,True,False,False,False,True,False,False,False,False,True,False,True,False,False,False,False,True,False
21,81.18,74.87,74,77,89,86,79,79,55,96,9,4,1,2,5,1,0,2,True,False,False,False,False,False,True,False,False,False,False,True,True,False,False,False,True,False,False,False,False,False,True
19,99.0,77.57,86,95,95,74,43,73,61,96,8,2,1,4,5,5,1,4,False,True,False,False,False,False,True,False,False,False,False,True,True,False,False,False,True,False,False,False,True,False,False
17,87.47,84.77,82,99,95,87,37,68,60,91,10,6,1,8,5,2,1,4,True,False,False,False,False,False,True,False,False,False,False,True,False,False,False,True,True,False,False,False,False,False,True
19,92.41,84.37,68,84,65,87,53,61,100,86,10,4,2,3,6,1,2,5,False,True,False,False,False,False,True,False,False,False,False,True,True,False,False,False,True,False,False,False,False,False,True
19,87.3,76.27,60,55,92,74,82,71,55,56,4,8,2,3,6,6,1,1,False,True,False,False,True,False,False,False,False,False,False,True,False,True,False,False,True,False,False,False,False,False,True
19,66.33,74.2,77,38,74,60,93,59,71,83,1,8,1,3,4,5,3,2,True,False,False,False,True,False,False,False,False,False,False,True,False,True,False,False,True,False,False,False,False,False,True
21,74.65,66.09,77,50,70,66,61,72,89,56,4,2,5,8,4,5,2,0,False,True,False,False,False,True,False,False,False,True,False,False,False,False,True,False,True,False,True,False,False,False,False
22,85.07,81.53,73,71,72,67,70,94,83,52,1,5,6,9,4,1,1,4,True,False,False,False,False,True,False,False,False,True,False,False,False,False,True,False,False,True,True,False,False,False,False
19,85.78,72.17,78,100,51,90,66,42,79,85,9,8,3,4,5,1,1,2,True,False,False,False,False,False,True,False,False,False,False,True,False,False,False,True,True,False,False,False,False,False,True
21,79.17,68.77,79,78,83,81,50,48,84,77,10,5,3,2,6,1,4,5,False,True,False,False,False,False,True,False,False,False,False,True,False,False,False,True,False,True,False,False,False,False,True
20,72.73,79.53,61,71,81,93,100,74,74,54,2,10,1,4,1,1,3,2,True,False,False,False,True,False,False,False,False,False,False,True,False,True,False,False,True,False,False,False,False,False,True
19,90.31,73.95,82,40,86,62,40,74,90,70,4,5,9,3,4,6,1,2,True,False,False,True,False,False,False,False,False,True,False,False,True,False,False,False,True,False,False,False,False,True,False
20,87.95,75.78,76,95,58,94,60,39,71,83,9,6,1,6,5,2,1,3,True,False,False,False,False,False,True,False,False,False,False,True,False,False,False,True,True,False,False,False,False,False,True
22,76.04,80.97,82,100,94,75,74,69,56,76,10,2,6,1,1,8,2,3,True,False,False,False,False,False,True,True,False,False,False,False,False,False,False,True,False,True,False,True,False,False,False
20,70.82,69.97,83,99,74,95,78,35,58,77,10,5,6,1,2,1,3,6,False,True,False,False,False,False,True,False,False,False,False,True,False,False,False,True,True,False,False,False,True,False,False
18,80.48,69.14,68,83,64,83,81,48,78,81,3,4,10,6,4,4,0,6,False,True,False,True,False,False,False,True,False,False,False,False,True,False,False,False,False,True,False,True,False,False,False
20,87.75,84.26,75,86,59,91,76,60,95,84,4,6,2,5,1,8,5,2,True,False,False,False,False,False,True,False,True,False,False,False,False,False,False,True,True,False,False,False,True,False,False
18,83.15,54.0,52,41,63,61,66,70,95,90,7,3,6,3,1,4,2,4,True,False,False,True,False,False,False,True,False,False,False,False,True,False,False,False,True,False,False,False,False,False,True
17,84.53,99.0,81,78,54,93,62,71,60,84,10,5,4,7,1,3,3,5,False,True,False,False,False,False,True,False,False,False,False,True,False,False,False,True,False,True,False,False,True,False,False
21,81.09,76.88,63,86,85,100,58,74,68,80,10,2,7,2,2,5,1,5,True,False,False,False,False,False,True,False,False,False,False,True,False,False,False,True,False,True,False,False,True,False,False
17,84.22,88.05,56,65,86,70,74,64,88,83,2,6,6,4,4,4,1,1,True,False,False,True,False,False,False,False,False,False,False,True,True,False,False,False,True,False,False,False,True,False,False
19,73.27,78.67,63,100,63,77,63,74,74,91,10,1,1,5,4,1,0,2,False,True,False,False,False,False,True,False,False,False,False,True,False,False,False,True,True,False,True,False,False,False,False
23,77.42,76.09,82,61,99,66,47,100,55,83,4,1,5,10,2,5,3,2,False,True,False,False,False,True,False,False,False,True,False,False,False,False,True,False,True,False,False,False,False,True,False
17,70.06,80.46,71,93,69,95,45,77,72,94,9,2,2,2,3,2,1,3,True,False,False,False,False,False,True,True,False,False,False,False,False,False,False,True,True,False,False,False,True,False,False
20,68.49,92.0,90,57,60,90,82,41,75,95,3,3,8,1,5,2,0,5,True,False,False,True,False,False,False,False,False,True,False,False,True,False,False,False,False,True,True,False,False,False,False
20,72.57,84.62,57,62,71,61,36,78,78,61,6,6,5,5,3,5,1,3,True,False,False,False,False,True,False,False,False,True,False,False,False,False,True,False,True,False,True,False,False,False,False
18,78.79,72.9,86,85,86,92,53,79,85,87,5,7,9,5,2,3,1,9,True,False,False,False,False,False,True,True,False,False,False,False,False,False,False,True,False,True,False,False,True,False,False
21,69.34,80.29,69,80,90,95,35,58,89,93,1,4,9,4,3,1,0,4,False,True,False,False,False,False,True,True,False,False,False,False,False,False,False,True,True,False,False,True,False,False,False
21,86.96,96.32,92,75,49,98,63,50,72,79,5,1,3,4,5,10,1,2,False,True,False,False,False,False,True,False,True,False,False,False,False,False,False,True,True,False,True,False,False,False,False
20,69.81,75.35,59,70,71,80,86,35,85,67,3,9,4,1,1,3,2,1,True,False,False,False,True,False,False,False,False,False,False,True,False,True,False,False,True,False,False,False,False,False,True
22,85.87,59.73,63,57,76,89,90,75,82,77,3,10,1,4,7,4,4,7,False,True,False,False,True,False,False,False,False,False,False,True,False,True,False,False,False,True,False,False,False,False,True
18,92.67,89.5,66,100,51,72,69,57,74,88,10,4,1,1,3,4,2,8,False,True,False,False,False,False,True,False,False,False,False,True,False,False,False,True,False,True,False,False,True,False,False
20,76.41,82.12,64,100,55,79,80,76,50,95,10,1,1,4,7,1,0,5,False,True,False,False,False,False,True,False,False,False,False,True,False,False,False,True,True,False,False,False,False,False,True
21,68.27,72.56,79,56,74,74,79,52,57,59,4,10,5,8,1,1,3,3,True,False,False,False,True,False,False,False,False,False,False,True,False,True,False,False,False,True,False,False,False,False,True
19,79.43,84.63,89,78,84,72,35,71,60,86,1,6,10,1,3,2,0,4,True,False,False,False,False,False,True,False,False,True,False,False,False,False,False,True,True,False,True,False,False,False,False
18,75.78,91.89,90,66,45,92,72,49,67,73,7,1,6,6,2,2,1,5,False,True,False,False,False,False,True,False,False,False,False,True,False,False,False,True,False,True,False,False,False,False,True
20,71.0,82.62,86,79,62,83,85,35,55,66,10,3,2,6,2,6,3,3,False,True,False,False,False,False,True,False,False,False,False,True,False,False,False,True,True,False,False,False,False,False,True
21,96.34,72.17,79,79,94,76,59,56,85,98,3,7,10,1,2,1,3,4,True,False,False,True,False,False,False,False,False,True,False,False,True,False,False,False,True,False,True,False,False,False,False
21,89.3,90.49,97,77,61,89,35,49,95,95,1,5,3,3,1,7,4,3,True,False,False,False,False,False,True,False,True,False,False,False,False,False,False,True,True,False,True,False,False,False,False
21,85.55,90.42,72,71,57,86,56,40,90,91,8,3,5,5,2,3,0,6,True,False,False,False,False,False,True,False,False,False,False,True,True,False,False,False,False,True,False,False,False,False,True
20,76.5,85.22,60,90,77,97,49,56,76,90,10,6,2,1,2,4,1,6,False,True,False,False,False,False,True,False,False,False,False,True,False,False,False,True,False,True,False,False,False,False,True
22,78.49,62.89,67,73,63,64,48,71,76,75,6,6,9,8,5,1,5,3,False,True,False,False,False,True,False,False,False,True,False,False,False,False,True,False,True,False,False,False,False,True,False
19,85.37,78.35,75,100,76,100,66,73,69,76,6,4,2,4,4,4,1,2,True,False,False,False,False,False,True,True,False,False,False,False,False,False,False,True,True,False,False,False,True,False,False
19,88.17,89.08,51,68,100,90,73,100,78,86,1,4,4,9,1,1,1,1,True,False,False,False,False,True,False,False,False,True,False,False,False,False,True,False,True,False,True,False,False,False,False
18,88.74,80.43,90,68,71,93,66,59,71,95,1,5,9,6,1,2,1,3,False,True,False,False,False,False,True,True,False,False,False,False,False,False,False,True,False,True,False,False,True,False,False
17,99.0,71.68,92,76,76,92,80,85,76,87,2,3,1,1,5,10,5,4,False,True,False,False,False,False,True,False,True,False,False,False,False,False,False,True,True,False,False,False,True,False,False
18,82.49,88.51,50,85,100,80,77,89,84,82,7,4,10,6,1,1,0,8,False,True,False,False,False,True,False,False,False,True,False,False,False,False,True,False,False,True,False,False,False,True,False
19,73.81,76.33,99,55,80,94,59,39,84,70,5,5,9,6,4,6,3,4,False,True,False,True,False,False,False,True,False,False,False,False,True,False,False,False,True,False,False,False,True,False,False
19,85.55,69.59,65,84,62,71,63,42,100,87,10,3,4,5,4,1,5,3,False,True,False,False,False,False,True,False,False,False,False,True,False,False,False,True,True,False,False,False,False,False,True
19,79.87,77.65,88,79,55,76,83,75,57,71,1,6,2,3,7,3,2,4,True,False,False,False,False,False,True,False,False,False,True,False,False,False,False,True,False,True,True,False,False,False,False
22,81.73,73.76,76,97,81,73,69,61,73,87,2,3,1,4,6,10,5,4,True,False,False,False,False,False,True,False,True,False,False,False,False,False,False,True,False,True,False,False,True,False,False
19,84.09,74.77,56,93,40,90,53,72,65,81,2,3,7,3,3,10,4,2,True,False,False,False,False,False,True,False,True,False,False,False,False,False,False,True,True,False,True,False,False,False,False
18,70.72,66.79,72,56,71,87,78,57,88,70,6,10,1,1,1,4,4,5,False,True,False,False,True,False,False,False,False,False,False,True,False,True,False,False,True,False,False,False,False,False,True
20,77.02,68.32,77,86,94,78,82,69,86,74,10,6,6,5,2,3,2,4,False,True,False,False,False,False,True,False,False,False,False,True,False,False,False,True,True,False,False,False,False,False,True
17,71.98,69.02,95,86,75,95,44,58,59,73,10,2,1,3,4,4,3,5,False,True,False,False,False,False,True,False,False,False,False,True,False,False,False,True,False,True,False,False,True,False,False
21,86.71,67.81,98,70,80,91,42,57,73,74,4,1,7,2,5,4,1,3,True,False,False,False,False,False,True,False,False,True,False,False,False,False,False,True,True,False,True,False,False,False,False
22,85.79,86.9,98,79,68,91,39,41,91,96,1,7,1,4,3,9,4,3,True,False,False,False,False,False,True,False,True,False,False,False,False,False,False,True,True,False,True,False,False,False,False
20,83.68,87.49,79,84,75,92,37,85,90,91,4,1,7,2,4,10,5,5,True,False,False,False,False,False,True,False,True,False,False,False,False,False,False,True,True,False,False,False,True,False,False
20,76.31,89.8,79,90,69,100,42,83,88,100,6,3,6,5,8,10,4,3,True,False,False,False,False,False,True,False,True,False,False,False,False,False,False,True,True,False,False,False,True,False,False
22,73.96,75.88,73,65,59,95,61,35,61,76,5,2,10,3,8,4,0,3,True,False,False,True,False,False,False,True,False,False,False,False,True,False,False,False,True,False,False,True,False,False,False
18,79.62,79.18,95,96,85,72,84,53,51,81,5,1,8,1,1,4,3,6,False,True,False,False,False,False,True,False,False,True,False,False,False,False,False,True,False,True,True,False,False,False,False
19,82.06,71.5,97,82,85,84,56,66,90,91,7,5,3,6,1,8,2,5,False,True,False,False,False,False,True,True,False,False,False,False,False,False,False,True,False,True,False,False,True,False,False
17,67.63,67.25,70,68,72,83,94,76,78,70,3,7,4,2,6,1,1,0,True,False,False,False,True,False,False,False,False,False,False,True,False,True,False,False,False,True,False,False,False,False,True
19,69.26,80.27,93,91,74,95,71,56,95,100,8,2,4,7,4,4,0,1,True,False,False,False,False,False,True,False,False,False,False,True,False,False,False,True,True,False,False,False,True,False,False
21,69.08,91.59,71,40,95,67,84,74,54,87,1,6,9,3,4,4,1,5,False,False,True,True,False,False,False,False,False,True,False,False,True,False,False,False,False,True,True,False,False,False,False
18,75.15,82.21,95,68,85,68,54,64,60,93,10,3,3,6,4,4,2,5,True,False,False,False,False,False,True,False,False,False,False,True,True,False,False,False,False,True,False,False,True,False,False
20,77.6,90.25,92,80,81,79,53,35,72,79,3,5,10,1,4,5,2,5,False,True,False,True,False,False,False,True,False,False,False,False,True,False,False,False,False,True,False,False,True,False,False
22,73.15,82.68,60,74,62,87,94,71,59,81,1,10,3,4,3,2,3,3,True,False,False,False,True,False,False,False,False,False,False,True,False,True,False,False,True,False,False,False,False,False,True
19,85.49,89.38,79,44,47,83,94,30,77,78,2,7,3,4,4,5,3,2,False,True,False,False,True,False,False,False,False,False,False,True,False,True,False,False,True,False,False,False,False,False,True
21,93.51,54.18,85,80,58,95,42,73,93,80,4,5,7,2,4,10,4,4,True,False,False,False,False,False,True,False,True,False,False,False,False,False,False,True,False,True,True,False,False,False,False
18,80.87,60.85,77,75,98,83,44,81,89,100,2,4,4,3,4,10,1,5,True,False,False,False,False,False,True,False,True,False,False,False,False,False,False,True,True,False,False,False,True,False,False
17,87.22,83.9,83,68,96,82,100,67,67,57,6,10,1,5,5,2,3,3,True,False,False,False,True,False,False,False,False,False,False,True,False,True,False,False,True,False,False,False,False,False,True
19,92.83,68.34,62,99,61,69,65,72,81,100,10,6,1,5,6,4,3,1,True,False,False,False,False,False,True,False,False,False,False,True,False,False,False,True,True,False,True,False,False,False,False
21,78.55,84.6,65,82,89,82,68,44,80,82,2,6,10,2,8,3,5,2,True,False,False,False,False,False,True,False,False,True,False,False,False,False,False,True,True,False,True,False,False,False,False
17,81.5,89.91,85,89,64,96,50,32,50,79,2,6,9,3,6,6,1,3,False,True,False,False,False,False,True,False,False,True,False,False,False,False,False,True,True,False,True,False,False,False,False
21,71.77,71.37,79,92,87,80,60,70,64,80,10,8,2,1,5,5,1,3,True,False,False,False,False,False,True,False,False,False,False,True,False,False,False,True,False,True,False,False,True,False,False
21,81.02,69.02,98,97,90,97,46,73,80,71,1,4,10,3,4,2,3,4,False,True,False,False,False,False,True,True,False,False,False,False,False,False,False,True,True,False,False,False,True,False,False
20,69.99,59.54,82,100,62,96,77,39,66,76,6,1,10,3,5,5,0,0,True,False,False,False,False,False,True,True,False,False,False,False,False,False,False,True,True,False,False,True,False,False,False
22,78.13,87.42,78,65,59,57,82,57,66,73,4,1,7,1,1,5,4,3,True,False,False,True,False,False,False,False,False,True,False,False,True,False,False,False,True,False,False,False,False,True,False
20,77.0,70.05,100,70,52,82,73,79,52,75,2,3,9,5,4,1,0,6,True,False,False,False,False,False,True,True,False,False,False,False,False,False,False,True,False,True,False,True,False,False,False
19,88.34,70.55,69,80,93,74,76,67,71,86,2,8,3,5,6,5,0,4,False,True,False,False,True,False,False,False,False,False,False,True,False,True,False,False,True,False,False,False,False,False,True
17,75.51,75.69,100,70,51,79,48,52,54,82,2,2,5,2,3,1,1,4,False,True,False,True,False,False,False,True,False,False,False,False,True,False,False,False,True,False,False,False,False,True,False
19,94.47,90.46,72,54,70,69,84,81,58,54,5,1,2,9,2,2,3,2,True,False,False,False,False,True,False,False,False,True,False,False,False,False,True,False,True,False,False,False,False,True,False
17,74.92,71.36,72,44,74,63,50,70,82,86,1,6,5,2,1,5,2,4,True,False,False,False,False,False,True,True,False,False,False,False,False,False,False,True,False,True,False,True,False,False,False
19,82.2,69.93,65,83,78,99,88,35,91,96,3,3,6,4,3,6,0,4,True,False,False,False,False,False,True,True,False,False,False,False,False,False,False,True,False,True,False,False,True,False,False
19,79.49,93.31,51,73,61,47,71,56,57,88,1,1,4,8,8,5,3,3,False,True,False,False,False,False,True,False,False,False,True,False,False,False,False,True,True,False,False,False,False,True,False
19,61.35,79.41,91,100,70,75,45,52,52,96,10,3,2,2,2,3,0,2,True,False,False,False,False,False,True,True,False,False,False,False,False,False,False,True,True,False,False,False,True,False,False
20,79.47,91.37,93,100,81,79,72,70,91,84,10,3,4,7,4,2,1,3,False,True,False,False,False,False,True,False,False,False,False,True,False,False,False,True,True,False,False,False,True,False,False
18,67.38,77.37,93,85,71,78,64,48,78,80,4,1,1,5,8,6,2,6,False,True,False,False,False,False,True,False,False,False,True,False,False,False,False,True,False,True,True,False,False,False,False
